ts_jst,ts_slot,store_code,store_name,seat_status,status_no,state,free_count
2026-09-01T08:22:29,2026-09-01T08:20,20903,調布南口店,残4席,1,AVAILABLE,4
2026-09-01T08:22:29,2026-09-01T08:20,20895,登戸駅前店,残2席,1,AVAILABLE,2
2026-09-01T08:22:29,2026-09-01T08:20,20391,百合ヶ丘店,満席,4,FULL,0
2026-09-01T08:22:29,2026-09-01T08:20,20332,横浜北山田店,残10席以上,1,AVAILABLE,10
2026-09-01T08:30:44,2026-09-01T08:20,20903,調布南口店,残4席,1,AVAILABLE,4
2026-09-01T08:30:44,2026-09-01T08:20,20895,登戸駅前店,残2席,1,AVAILABLE,2
2026-09-01T08:30:44,2026-09-01T08:20,20391,百合ヶ丘店,満席,4,FULL,0
2026-09-01T08:30:44,2026-09-01T08:20,20332,横浜北山田店,残10席以上,1,AVAILABLE,10
2026-09-01T08:40:53,2026-09-01T08:30,20903,調布南口店,残3席,1,AVAILABLE,3
2026-09-01T08:40:53,2026-09-01T08:30,20895,登戸駅前店,残1席,1,AVAILABLE,1
2026-09-01T08:40:53,2026-09-01T08:30,20391,百合ヶ丘店,残3席,1,AVAILABLE,3
2026-09-01T08:40:53,2026-09-01T08:30,20332,横浜北山田店,残10席以上,1,AVAILABLE,10
2026-09-01T08:51:04,2026-09-01T08:40,20903,調布南口店,残2席,1,AVAILABLE,2
2026-09-01T08:51:04,2026-09-01T08:40,20895,登戸駅前店,残1席,1,AVAILABLE,1
2026-09-01T08:51:04,2026-09-01T08:40,20391,百合ヶ丘店,残3席,1,AVAILABLE,3
2026-09-01T08:51:04,2026-09-01T08:40,20332,横浜北山田店,残10席以上,1,AVAILABLE,10
2026-09-01T09:01:14,2026-09-01T08:50,20903,調布南口店,残2席,1,AVAILABLE,2
2026-09-01T09:01:14,2026-09-01T08:50,20895,登戸駅前店,残2席,1,AVAILABLE,2
2026-09-01T09:01:14,2026-09-01T08:50,20391,百合ヶ丘店,残3席,1,AVAILABLE,3
2026-09-01T09:01:14,2026-09-01T08:50,20332,横浜北山田店,残10席以上,1,AVAILABLE,10
2026-09-01T09:28:58,2026-09-01T09:20,20903,調布南口店,残1席,1,AVAILABLE,1
2026-09-01T09:28:58,2026-09-01T09:20,20895,登戸駅前店,残1席,1,AVAILABLE,1
2026-09-01T09:28:58,2026-09-01T09:20,20391,百合ヶ丘店,残3席,1,AVAILABLE,3
2026-09-01T09:28:58,2026-09-01T09:20,20332,横浜北山田店,残10席以上,1,AVAILABLE,10
2026-09-01T09:44:40,2026-09-01T09:40,20903,調布南口店,残1席,1,AVAILABLE,1
2026-09-01T09:44:40,2026-09-01T09:40,20895,登戸駅前店,残1席,1,AVAILABLE,1
2026-09-01T09:44:40,2026-09-01T09:40,20391,百合ヶ丘店,残3席,1,AVAILABLE,3
2026-09-01T09:44:40,2026-09-01T09:40,20332,横浜北山田店,残10席以上,1,AVAILABLE,10
2026-09-01T09:56:58,2026-09-01T09:50,20903,調布南口店,残1席,1,AVAILABLE,1
2026-09-01T09:56:58,2026-09-01T09:50,20895,登戸駅前店,残1席,1,AVAILABLE,1
2026-09-01T09:56:58,2026-09-01T09:50,20391,百合ヶ丘店,残3席,1,AVAILABLE,3
2026-09-01T09:56:58,2026-09-01T09:50,20332,横浜北山田店,残10席以上,1,AVAILABLE,10
2026-09-01T10:05:18,2026-09-01T10:00,20903,調布南口店,残1席,1,AVAILABLE,1
2026-09-01T10:05:18,2026-09-01T10:00,20895,登戸駅前店,残1席,1,AVAILABLE,1
2026-09-01T10:05:18,2026-09-01T10:00,20391,百合ヶ丘店,残3席,1,AVAILABLE,3
2026-09-01T10:05:18,2026-09-01T10:00,20332,横浜北山田店,残10席以上,1,AVAILABLE,10
2026-09-01T10:17:39,2026-09-01T10:10,20903,調布南口店,残1席,1,AVAILABLE,1
2026-09-01T10:17:39,2026-09-01T10:10,20895,登戸駅前店,残2席,1,AVAILABLE,2
2026-09-01T10:17:39,2026-09-01T10:10,20391,百合ヶ丘店,残3席,1,AVAILABLE,3
2026-09-01T10:17:39,2026-09-01T10:10,20332,横浜北山田店,残10席以上,1,AVAILABLE,10
2026-09-01T10:25:49,2026-09-01T10:20,20903,調布南口店,残1席,1,AVAILABLE,1
2026-09-01T10:25:49,2026-09-01T10:20,20895,登戸駅前店,残2席,1,AVAILABLE,2
2026-09-01T10:25:49,2026-09-01T10:20,20391,百合ヶ丘店,残2席,1,AVAILABLE,2
2026-09-01T10:25:49,2026-09-01T10:20,20332,横浜北山田店,残10席以上,1,AVAILABLE,10
2026-09-01T10:33:18,2026-09-01T10:30,20903,調布南口店,満席,4,FULL,0
2026-09-01T10:33:18,2026-09-01T10:30,20895,登戸駅前店,残2席,1,AVAILABLE,2
2026-09-01T10:33:18,2026-09-01T10:30,20391,百合ヶ丘店,残3席,1,AVAILABLE,3
2026-09-01T10:33:18,2026-09-01T10:30,20332,横浜北山田店,残10席以上,1,AVAILABLE,10
2026-09-01T10:44:12,2026-09-01T10:40,20903,調布南口店,満席,4,FULL,0
2026-09-01T10:44:12,2026-09-01T10:40,20895,登戸駅前店,残3席,1,AVAILABLE,3
2026-09-01T10:44:12,2026-09-01T10:40,20391,百合ヶ丘店,残3席,1,AVAILABLE,3
2026-09-01T10:44:12,2026-09-01T10:40,20332,横浜北山田店,残10席以上,1,AVAILABLE,10
2026-09-01T10:52:26,2026-09-01T10:50,20903,調布南口店,満席,4,FULL,0
2026-09-01T10:52:26,2026-09-01T10:50,20895,登戸駅前店,残3席,1,AVAILABLE,3
2026-09-01T10:52:26,2026-09-01T10:50,20391,百合ヶ丘店,残3席,1,AVAILABLE,3
2026-09-01T10:52:26,2026-09-01T10:50,20332,横浜北山田店,残10席以上,1,AVAILABLE,10
2026-09-01T11:00:49,2026-09-01T10:50,20903,調布南口店,満席,4,FULL,0
2026-09-01T11:00:49,2026-09-01T10:50,20895,登戸駅前店,残3席,1,AVAILABLE,3
2026-09-01T11:00:49,2026-09-01T10:50,20391,百合ヶ丘店,残3席,1,AVAILABLE,3
2026-09-01T11:00:49,2026-09-01T10:50,20332,横浜北山田店,残10席以上,1,AVAILABLE,10
2026-09-01T11:17:57,2026-09-01T11:10,20903,調布南口店,満席,4,FULL,0
2026-09-01T11:17:57,2026-09-01T11:10,20895,登戸駅前店,残2席,1,AVAILABLE,2
2026-09-01T11:17:57,2026-09-01T11:10,20391,百合ヶ丘店,残3席,1,AVAILABLE,3
2026-09-01T11:17:57,2026-09-01T11:10,20332,横浜北山田店,残10席以上,1,AVAILABLE,10
2026-09-01T11:28:09,2026-09-01T11:20,20903,調布南口店,満席,4,FULL,0
2026-09-01T11:28:09,2026-09-01T11:20,20895,登戸駅前店,残2席,1,AVAILABLE,2
2026-09-01T11:28:09,2026-09-01T11:20,20391,百合ヶ丘店,残3席,1,AVAILABLE,3
2026-09-01T11:28:09,2026-09-01T11:20,20332,横浜北山田店,残9席,1,AVAILABLE,9
2026-09-01T11:37:53,2026-09-01T11:30,20903,調布南口店,満席,4,FULL,0
2026-09-01T11:37:53,2026-09-01T11:30,20895,登戸駅前店,残2席,1,AVAILABLE,2
2026-09-01T11:37:53,2026-09-01T11:30,20391,百合ヶ丘店,残3席,1,AVAILABLE,3
2026-09-01T11:37:53,2026-09-01T11:30,20332,横浜北山田店,残8席,1,AVAILABLE,8
2026-09-01T11:46:02,2026-09-01T11:40,20903,調布南口店,満席,4,FULL,0
2026-09-01T11:46:02,2026-09-01T11:40,20895,登戸駅前店,残2席,1,AVAILABLE,2
2026-09-01T11:46:02,2026-09-01T11:40,20391,百合ヶ丘店,残3席,1,AVAILABLE,3
2026-09-01T11:46:02,2026-09-01T11:40,20332,横浜北山田店,残7席,1,AVAILABLE,7
2026-09-01T11:52:56,2026-09-01T11:50,20903,調布南口店,満席,4,FULL,0
2026-09-01T11:52:56,2026-09-01T11:50,20895,登戸駅前店,残2席,1,AVAILABLE,2
2026-09-01T11:52:56,2026-09-01T11:50,20391,百合ヶ丘店,残3席,1,AVAILABLE,3
2026-09-01T11:52:56,2026-09-01T11:50,20332,横浜北山田店,残9席,1,AVAILABLE,9
2026-09-01T12:00:49,2026-09-01T11:50,20903,調布南口店,満席,4,FULL,0
2026-09-01T12:00:49,2026-09-01T11:50,20895,登戸駅前店,残2席,1,AVAILABLE,2
2026-09-01T12:00:49,2026-09-01T11:50,20391,百合ヶ丘店,残3席,1,AVAILABLE,3
2026-09-01T12:00:49,2026-09-01T11:50,20332,横浜北山田店,残9席,1,AVAILABLE,9
2026-09-01T12:19:22,2026-09-01T12:10,20903,調布南口店,満席,4,FULL,0
2026-09-01T12:19:22,2026-09-01T12:10,20895,登戸駅前店,残2席,1,AVAILABLE,2
2026-09-01T12:19:22,2026-09-01T12:10,20391,百合ヶ丘店,残3席,1,AVAILABLE,3
2026-09-01T12:19:22,2026-09-01T12:10,20332,横浜北山田店,残10席以上,1,AVAILABLE,10
2026-09-01T12:30:34,2026-09-01T12:20,20903,調布南口店,満席,4,FULL,0
2026-09-01T12:30:34,2026-09-01T12:20,20895,登戸駅前店,残3席,1,AVAILABLE,3
2026-09-01T12:30:34,2026-09-01T12:20,20391,百合ヶ丘店,残3席,1,AVAILABLE,3
2026-09-01T12:30:34,2026-09-01T12:20,20332,横浜北山田店,残10席以上,1,AVAILABLE,10
2026-09-01T12:45:26,2026-09-01T12:40,20903,調布南口店,満席,4,FULL,0
2026-09-01T12:45:26,2026-09-01T12:40,20895,登戸駅前店,残2席,1,AVAILABLE,2
2026-09-01T12:45:26,2026-09-01T12:40,20391,百合ヶ丘店,残2席,1,AVAILABLE,2
2026-09-01T12:45:26,2026-09-01T12:40,20332,横浜北山田店,残10席以上,1,AVAILABLE,10
2026-09-01T12:53:00,2026-09-01T12:50,20903,調布南口店,満席,4,FULL,0
2026-09-01T12:53:00,2026-09-01T12:50,20895,登戸駅前店,残1席,1,AVAILABLE,1
2026-09-01T12:53:00,2026-09-01T12:50,20391,百合ヶ丘店,残1席,1,AVAILABLE,1
2026-09-01T12:53:00,2026-09-01T12:50,20332,横浜北山田店,残10席以上,1,AVAILABLE,10
2026-09-01T13:01:18,2026-09-01T12:50,20903,調布南口店,満席,4,FULL,0
2026-09-01T13:01:18,2026-09-01T12:50,20895,登戸駅前店,残1席,1,AVAILABLE,1
2026-09-01T13:01:18,2026-09-01T12:50,20391,百合ヶ丘店,残1席,1,AVAILABLE,1
2026-09-01T13:01:18,2026-09-01T12:50,20332,横浜北山田店,残10席以上,1,AVAILABLE,10
2026-09-01T15:39:24,2026-09-01T15:30,20903,調布南口店,満席,4,FULL,0
2026-09-01T15:39:24,2026-09-01T15:30,20895,登戸駅前店,残1席,1,AVAILABLE,1
2026-09-01T15:39:24,2026-09-01T15:30,20391,百合ヶ丘店,満席,4,FULL,0
2026-09-01T15:39:24,2026-09-01T15:30,20332,横浜北山田店,残4席,1,AVAILABLE,4
2026-09-01T16:30:04,2026-09-01T16:20,20903,調布南口店,満席,4,FULL,0
2026-09-01T16:30:04,2026-09-01T16:20,20895,登戸駅前店,満席,4,FULL,0
2026-09-01T16:30:04,2026-09-01T16:20,20391,百合ヶ丘店,満席,4,FULL,0
2026-09-01T16:30:04,2026-09-01T16:20,20332,横浜北山田店,残2席,1,AVAILABLE,2
2026-09-01T16:40:46,2026-09-01T16:30,20903,調布南口店,満席,4,FULL,0
2026-09-01T16:40:46,2026-09-01T16:30,20895,登戸駅前店,満席,4,FULL,0
2026-09-01T16:40:46,2026-09-01T16:30,20391,百合ヶ丘店,満席,4,FULL,0
2026-09-01T16:40:46,2026-09-01T16:30,20332,横浜北山田店,残3席,1,AVAILABLE,3
2026-09-01T16:52:49,2026-09-01T16:50,20903,調布南口店,満席,4,FULL,0
2026-09-01T16:52:49,2026-09-01T16:50,20895,登戸駅前店,満席,4,FULL,0
2026-09-01T16:52:49,2026-09-01T16:50,20391,百合ヶ丘店,満席,4,FULL,0
2026-09-01T16:52:49,2026-09-01T16:50,20332,横浜北山田店,残3席,1,AVAILABLE,3
2026-09-01T17:01:03,2026-09-01T16:50,20903,調布南口店,満席,4,FULL,0
2026-09-01T17:01:03,2026-09-01T16:50,20895,登戸駅前店,満席,4,FULL,0
2026-09-01T17:01:03,2026-09-01T16:50,20391,百合ヶ丘店,満席,4,FULL,0
2026-09-01T17:01:03,2026-09-01T16:50,20332,横浜北山田店,残3席,1,AVAILABLE,3
2026-09-01T17:21:07,2026-09-01T17:10,20903,調布南口店,満席,4,FULL,0
2026-09-01T17:21:07,2026-09-01T17:10,20895,登戸駅前店,満席,4,FULL,0
2026-09-01T17:21:07,2026-09-01T17:10,20391,百合ヶ丘店,満席,4,FULL,0
2026-09-01T17:21:07,2026-09-01T17:10,20332,横浜北山田店,残2席,1,AVAILABLE,2
2026-09-01T17:55:15,2026-09-01T17:50,20903,調布南口店,満席,4,FULL,0
2026-09-01T17:55:15,2026-09-01T17:50,20895,登戸駅前店,満席,4,FULL,0
2026-09-01T17:55:15,2026-09-01T17:50,20391,百合ヶ丘店,満席,4,FULL,0
2026-09-01T17:55:15,2026-09-01T17:50,20332,横浜北山田店,残6席,1,AVAILABLE,6
2026-09-01T18:01:20,2026-09-01T17:50,20903,調布南口店,満席,4,FULL,0
2026-09-01T18:01:20,2026-09-01T17:50,20895,登戸駅前店,満席,4,FULL,0
2026-09-01T18:01:20,2026-09-01T17:50,20391,百合ヶ丘店,満席,4,FULL,0
2026-09-01T18:01:20,2026-09-01T17:50,20332,横浜北山田店,残6席,1,AVAILABLE,6
2026-09-01T18:19:33,2026-09-01T18:10,20903,調布南口店,満席,4,FULL,0
2026-09-01T18:19:33,2026-09-01T18:10,20895,登戸駅前店,満席,4,FULL,0
2026-09-01T18:19:33,2026-09-01T18:10,20391,百合ヶ丘店,満席,4,FULL,0
2026-09-01T18:19:33,2026-09-01T18:10,20332,横浜北山田店,残6席,1,AVAILABLE,6
2026-09-01T18:31:31,2026-09-01T18:20,20903,調布南口店,満席,4,FULL,0
2026-09-01T18:31:31,2026-09-01T18:20,20895,登戸駅前店,満席,4,FULL,0
2026-09-01T18:31:31,2026-09-01T18:20,20391,百合ヶ丘店,満席,4,FULL,0
2026-09-01T18:31:31,2026-09-01T18:20,20332,横浜北山田店,残4席,1,AVAILABLE,4
2026-09-01T18:46:29,2026-09-01T18:40,20903,調布南口店,満席,4,FULL,0
2026-09-01T18:46:29,2026-09-01T18:40,20895,登戸駅前店,満席,4,FULL,0
2026-09-01T18:46:29,2026-09-01T18:40,20391,百合ヶ丘店,満席,4,FULL,0
2026-09-01T18:46:29,2026-09-01T18:40,20332,横浜北山田店,残5席,1,AVAILABLE,5
2026-09-01T19:21:17,2026-09-01T19:10,20903,調布南口店,満席,4,FULL,0
2026-09-01T19:21:17,2026-09-01T19:10,20895,登戸駅前店,満席,4,FULL,0
2026-09-01T19:21:17,2026-09-01T19:10,20391,百合ヶ丘店,満席,4,FULL,0
2026-09-01T19:21:17,2026-09-01T19:10,20332,横浜北山田店,残5席,1,AVAILABLE,5
2026-09-01T20:18:14,2026-09-01T20:10,20903,調布南口店,満席,4,FULL,0
2026-09-01T20:18:14,2026-09-01T20:10,20895,登戸駅前店,満席,4,FULL,0
2026-09-01T20:18:14,2026-09-01T20:10,20391,百合ヶ丘店,満席,4,FULL,0
2026-09-01T20:18:14,2026-09-01T20:10,20332,横浜北山田店,満席,4,FULL,0
2026-09-01T20:28:33,2026-09-01T20:20,20903,調布南口店,満席,4,FULL,0
2026-09-01T20:28:33,2026-09-01T20:20,20895,登戸駅前店,満席,4,FULL,0
2026-09-01T20:28:33,2026-09-01T20:20,20391,百合ヶ丘店,満席,4,FULL,0
2026-09-01T20:28:33,2026-09-01T20:20,20332,横浜北山田店,満席,4,FULL,0
2026-09-01T20:38:13,2026-09-01T20:30,20903,調布南口店,満席,4,FULL,0
2026-09-01T20:38:13,2026-09-01T20:30,20895,登戸駅前店,満席,4,FULL,0
2026-09-01T20:38:13,2026-09-01T20:30,20391,百合ヶ丘店,満席,4,FULL,0
2026-09-01T20:38:13,2026-09-01T20:30,20332,横浜北山田店,満席,4,FULL,0
2026-09-01T20:45:46,2026-09-01T20:40,20903,調布南口店,満席,4,FULL,0
2026-09-01T20:45:46,2026-09-01T20:40,20895,登戸駅前店,満席,4,FULL,0
2026-09-01T20:45:46,2026-09-01T20:40,20391,百合ヶ丘店,満席,4,FULL,0
2026-09-01T20:45:46,2026-09-01T20:40,20332,横浜北山田店,満席,4,FULL,0
2026-09-01T20:52:29,2026-09-01T20:50,20903,調布南口店,満席,4,FULL,0
2026-09-01T20:52:29,2026-09-01T20:50,20895,登戸駅前店,満席,4,FULL,0
2026-09-01T20:52:29,2026-09-01T20:50,20391,百合ヶ丘店,満席,4,FULL,0
2026-09-01T20:52:29,2026-09-01T20:50,20332,横浜北山田店,満席,4,FULL,0
2026-09-01T21:01:16,2026-09-01T20:50,20903,調布南口店,満席,4,FULL,0
2026-09-01T21:01:16,2026-09-01T20:50,20895,登戸駅前店,満席,4,FULL,0
2026-09-01T21:01:16,2026-09-01T20:50,20391,百合ヶ丘店,満席,4,FULL,0
2026-09-01T21:01:16,2026-09-01T20:50,20332,横浜北山田店,満席,4,FULL,0
2026-09-01T21:24:03,2026-09-01T21:20,20903,調布南口店,満席,4,FULL,0
2026-09-01T21:24:03,2026-09-01T21:20,20895,登戸駅前店,満席,4,FULL,0
2026-09-01T21:24:03,2026-09-01T21:20,20391,百合ヶ丘店,満席,4,FULL,0
2026-09-01T21:24:03,2026-09-01T21:20,20332,横浜北山田店,残1席,1,AVAILABLE,1
2026-09-01T21:39:07,2026-09-01T21:30,20903,調布南口店,満席,4,FULL,0
2026-09-01T21:39:07,2026-09-01T21:30,20895,登戸駅前店,満席,4,FULL,0
2026-09-01T21:39:07,2026-09-01T21:30,20391,百合ヶ丘店,満席,4,FULL,0
2026-09-01T21:39:07,2026-09-01T21:30,20332,横浜北山田店,残1席,1,AVAILABLE,1
2026-09-01T23:19:14,2026-09-01T23:10,20903,調布南口店,満席,4,FULL,0
2026-09-01T23:19:14,2026-09-01T23:10,20895,登戸駅前店,満席,4,FULL,0
2026-09-01T23:19:14,2026-09-01T23:10,20391,百合ヶ丘店,満席,4,FULL,0
2026-09-01T23:19:14,2026-09-01T23:10,20332,横浜北山田店,残4席,1,AVAILABLE,4
2026-09-01T23:30:56,2026-09-01T23:20,20903,調布南口店,満席,4,FULL,0
2026-09-01T23:30:56,2026-09-01T23:20,20895,登戸駅前店,満席,4,FULL,0
2026-09-01T23:30:56,2026-09-01T23:20,20391,百合ヶ丘店,満席,4,FULL,0
2026-09-01T23:30:56,2026-09-01T23:20,20332,横浜北山田店,残4席,1,AVAILABLE,4
2026-09-02T00:07:43,2026-09-02T00:00,20903,調布南口店,満席,4,FULL,0
2026-09-02T00:07:43,2026-09-02T00:00,20895,登戸駅前店,満席,4,FULL,0
2026-09-02T00:07:43,2026-09-02T00:00,20391,百合ヶ丘店,満席,4,FULL,0
2026-09-02T00:07:43,2026-09-02T00:00,20332,横浜北山田店,残1席,1,AVAILABLE,1
2026-09-02T00:38:10,2026-09-02T00:30,20903,調布南口店,満席,4,FULL,0
2026-09-02T00:38:10,2026-09-02T00:30,20895,登戸駅前店,満席,4,FULL,0
2026-09-02T00:38:10,2026-09-02T00:30,20391,百合ヶ丘店,満席,4,FULL,0
2026-09-02T00:38:10,2026-09-02T00:30,20332,横浜北山田店,残1席,1,AVAILABLE,1
2026-09-02T01:24:03,2026-09-02T01:20,20903,調布南口店,残2席,1,AVAILABLE,2
2026-09-02T01:24:03,2026-09-02T01:20,20895,登戸駅前店,満席,4,FULL,0
2026-09-02T01:24:03,2026-09-02T01:20,20391,百合ヶ丘店,残1席,1,AVAILABLE,1
2026-09-02T01:24:03,2026-09-02T01:20,20332,横浜北山田店,残6席,1,AVAILABLE,6
2026-09-02T01:46:00,2026-09-02T01:40,20903,調布南口店,残2席,1,AVAILABLE,2
2026-09-02T01:46:00,2026-09-02T01:40,20895,登戸駅前店,満席,4,FULL,0
2026-09-02T01:46:00,2026-09-02T01:40,20391,百合ヶ丘店,満席,4,FULL,0
2026-09-02T01:46:00,2026-09-02T01:40,20332,横浜北山田店,残10席以上,1,AVAILABLE,10
2026-09-02T01:57:06,2026-09-02T01:50,20903,調布南口店,残2席,1,AVAILABLE,2
2026-09-02T01:57:06,2026-09-02T01:50,20895,登戸駅前店,残1席,1,AVAILABLE,1
2026-09-02T01:57:06,2026-09-02T01:50,20391,百合ヶ丘店,残1席,1,AVAILABLE,1
2026-09-02T01:57:06,2026-09-02T01:50,20332,横浜北山田店,残10席以上,1,AVAILABLE,10
2026-09-02T02:05:18,2026-09-02T02:00,20903,調布南口店,残2席,1,AVAILABLE,2
2026-09-02T02:05:18,2026-09-02T02:00,20895,登戸駅前店,残1席,1,AVAILABLE,1
2026-09-02T02:05:18,2026-09-02T02:00,20391,百合ヶ丘店,満席,4,FULL,0
2026-09-02T02:05:18,2026-09-02T02:00,20332,横浜北山田店,残10席以上,1,AVAILABLE,10
2026-09-02T02:18:10,2026-09-02T02:10,20903,調布南口店,残2席,1,AVAILABLE,2
2026-09-02T02:18:10,2026-09-02T02:10,20895,登戸駅前店,残1席,1,AVAILABLE,1
2026-09-02T02:18:10,2026-09-02T02:10,20391,百合ヶ丘店,残1席,1,AVAILABLE,1
2026-09-02T02:18:10,2026-09-02T02:10,20332,横浜北山田店,残10席以上,1,AVAILABLE,10
2026-09-02T02:27:54,2026-09-02T02:20,20903,調布南口店,残2席,1,AVAILABLE,2
2026-09-02T02:27:54,2026-09-02T02:20,20895,登戸駅前店,残1席,1,AVAILABLE,1
2026-09-02T02:27:54,2026-09-02T02:20,20391,百合ヶ丘店,満席,4,FULL,0
2026-09-02T02:27:54,2026-09-02T02:20,20332,横浜北山田店,残10席以上,1,AVAILABLE,10
2026-09-02T02:35:22,2026-09-02T02:30,20903,調布南口店,残2席,1,AVAILABLE,2
2026-09-02T02:35:22,2026-09-02T02:30,20895,登戸駅前店,残1席,1,AVAILABLE,1
2026-09-02T02:35:22,2026-09-02T02:30,20391,百合ヶ丘店,満席,4,FULL,0
2026-09-02T02:35:22,2026-09-02T02:30,20332,横浜北山田店,残10席以上,1,AVAILABLE,10
2026-09-02T02:43:12,2026-09-02T02:40,20903,調布南口店,残1席,1,AVAILABLE,1
2026-09-02T02:43:12,2026-09-02T02:40,20895,登戸駅前店,残1席,1,AVAILABLE,1
2026-09-02T02:43:12,2026-09-02T02:40,20391,百合ヶ丘店,満席,4,FULL,0
2026-09-02T02:43:12,2026-09-02T02:40,20332,横浜北山田店,残10席以上,1,AVAILABLE,10
2026-09-02T02:51:19,2026-09-02T02:40,20903,調布南口店,残1席,1,AVAILABLE,1
2026-09-02T02:51:19,2026-09-02T02:40,20895,登戸駅前店,残1席,1,AVAILABLE,1
2026-09-02T02:51:19,2026-09-02T02:40,20391,百合ヶ丘店,満席,4,FULL,0
2026-09-02T02:51:19,2026-09-02T02:40,20332,横浜北山田店,残10席以上,1,AVAILABLE,10
2026-09-02T03:01:27,2026-09-02T02:50,20903,調布南口店,満席,4,FULL,0
2026-09-02T03:01:27,2026-09-02T02:50,20895,登戸駅前店,満席,4,FULL,0
2026-09-02T03:01:27,2026-09-02T02:50,20391,百合ヶ丘店,残1席,1,AVAILABLE,1
2026-09-02T03:01:27,2026-09-02T02:50,20332,横浜北山田店,残10席以上,1,AVAILABLE,10
2026-09-02T03:21:10,2026-09-02T03:10,20903,調布南口店,満席,4,FULL,0
2026-09-02T03:21:10,2026-09-02T03:10,20895,登戸駅前店,満席,4,FULL,0
2026-09-02T03:21:10,2026-09-02T03:10,20391,百合ヶ丘店,残2席,1,AVAILABLE,2
2026-09-02T03:21:10,2026-09-02T03:10,20332,横浜北山田店,残10席以上,1,AVAILABLE,10
2026-09-02T03:36:31,2026-09-02T03:30,20903,調布南口店,満席,4,FULL,0
2026-09-02T03:36:31,2026-09-02T03:30,20895,登戸駅前店,満席,4,FULL,0
2026-09-02T03:36:31,2026-09-02T03:30,20391,百合ヶ丘店,残1席,1,AVAILABLE,1
2026-09-02T03:36:31,2026-09-02T03:30,20332,横浜北山田店,残10席以上,1,AVAILABLE,10
2026-09-02T03:46:48,2026-09-02T03:40,20903,調布南口店,満席,4,FULL,0
2026-09-02T03:46:48,2026-09-02T03:40,20895,登戸駅前店,満席,4,FULL,0
2026-09-02T03:46:48,2026-09-02T03:40,20391,百合ヶ丘店,満席,4,FULL,0
2026-09-02T03:46:48,2026-09-02T03:40,20332,横浜北山田店,残10席以上,1,AVAILABLE,10
2026-09-02T03:54:28,2026-09-02T03:50,20903,調布南口店,満席,4,FULL,0
2026-09-02T03:54:28,2026-09-02T03:50,20895,登戸駅前店,残1席,1,AVAILABLE,1
2026-09-02T03:54:28,2026-09-02T03:50,20391,百合ヶ丘店,満席,4,FULL,0
2026-09-02T03:54:28,2026-09-02T03:50,20332,横浜北山田店,残9席,1,AVAILABLE,9
2026-09-02T04:01:00,2026-09-02T03:50,20903,調布南口店,満席,4,FULL,0
2026-09-02T04:01:00,2026-09-02T03:50,20895,登戸駅前店,残1席,1,AVAILABLE,1
2026-09-02T04:01:00,2026-09-02T03:50,20391,百合ヶ丘店,満席,4,FULL,0
2026-09-02T04:01:00,2026-09-02T03:50,20332,横浜北山田店,残9席,1,AVAILABLE,9
2026-09-02T04:16:27,2026-09-02T04:10,20903,調布南口店,満席,4,FULL,0
2026-09-02T04:16:27,2026-09-02T04:10,20895,登戸駅前店,残1席,1,AVAILABLE,1
2026-09-02T04:16:27,2026-09-02T04:10,20391,百合ヶ丘店,満席,4,FULL,0
2026-09-02T04:16:27,2026-09-02T04:10,20332,横浜北山田店,残9席,1,AVAILABLE,9
2026-09-02T04:25:03,2026-09-02T04:20,20903,調布南口店,満席,4,FULL,0
2026-09-02T04:25:03,2026-09-02T04:20,20895,登戸駅前店,満席,4,FULL,0
2026-09-02T04:25:03,2026-09-02T04:20,20391,百合ヶ丘店,満席,4,FULL,0
2026-09-02T04:25:03,2026-09-02T04:20,20332,横浜北山田店,残9席,1,AVAILABLE,9
2026-09-02T04:31:04,2026-09-02T04:20,20903,調布南口店,満席,4,FULL,0
2026-09-02T04:31:04,2026-09-02T04:20,20895,登戸駅前店,満席,4,FULL,0
2026-09-02T04:31:04,2026-09-02T04:20,20391,百合ヶ丘店,満席,4,FULL,0
2026-09-02T04:31:04,2026-09-02T04:20,20332,横浜北山田店,残9席,1,AVAILABLE,9
2026-09-02T04:41:09,2026-09-02T04:30,20903,調布南口店,満席,4,FULL,0
2026-09-02T04:41:09,2026-09-02T04:30,20895,登戸駅前店,満席,4,FULL,0
2026-09-02T04:41:09,2026-09-02T04:30,20391,百合ヶ丘店,満席,4,FULL,0
2026-09-02T04:41:09,2026-09-02T04:30,20332,横浜北山田店,残9席,1,AVAILABLE,9
2026-09-02T04:51:33,2026-09-02T04:40,20903,調布南口店,満席,4,FULL,0
2026-09-02T04:51:33,2026-09-02T04:40,20895,登戸駅前店,満席,4,FULL,0
2026-09-02T04:51:33,2026-09-02T04:40,20391,百合ヶ丘店,満席,4,FULL,0
2026-09-02T04:51:33,2026-09-02T04:40,20332,横浜北山田店,残9席,1,AVAILABLE,9
2026-09-02T05:01:02,2026-09-02T04:50,20903,調布南口店,満席,4,FULL,0
2026-09-02T05:01:02,2026-09-02T04:50,20895,登戸駅前店,満席,4,FULL,0
2026-09-02T05:01:02,2026-09-02T04:50,20391,百合ヶ丘店,満席,4,FULL,0
2026-09-02T05:01:02,2026-09-02T04:50,20332,横浜北山田店,残9席,1,AVAILABLE,9
2026-09-02T05:18:41,2026-09-02T05:10,20903,調布南口店,満席,4,FULL,0
2026-09-02T05:18:41,2026-09-02T05:10,20895,登戸駅前店,残1席,1,AVAILABLE,1
2026-09-02T05:18:41,2026-09-02T05:10,20391,百合ヶ丘店,満席,4,FULL,0
2026-09-02T05:18:41,2026-09-02T05:10,20332,横浜北山田店,残10席以上,1,AVAILABLE,10
2026-09-02T05:28:28,2026-09-02T05:20,20903,調布南口店,満席,4,FULL,0
2026-09-02T05:28:28,2026-09-02T05:20,20895,登戸駅前店,残1席,1,AVAILABLE,1
2026-09-02T05:28:28,2026-09-02T05:20,20391,百合ヶ丘店,満席,4,FULL,0
2026-09-02T05:28:28,2026-09-02T05:20,20332,横浜北山田店,残10席以上,1,AVAILABLE,10
2026-09-02T05:37:47,2026-09-02T05:30,20903,調布南口店,残1席,1,AVAILABLE,1
2026-09-02T05:37:47,2026-09-02T05:30,20895,登戸駅前店,残1席,1,AVAILABLE,1
2026-09-02T05:37:47,2026-09-02T05:30,20391,百合ヶ丘店,満席,4,FULL,0
2026-09-02T05:37:47,2026-09-02T05:30,20332,横浜北山田店,残10席以上,1,AVAILABLE,10
2026-09-02T05:45:34,2026-09-02T05:40,20903,調布南口店,残1席,1,AVAILABLE,1
2026-09-02T05:45:34,2026-09-02T05:40,20895,登戸駅前店,残1席,1,AVAILABLE,1
2026-09-02T05:45:34,2026-09-02T05:40,20391,百合ヶ丘店,満席,4,FULL,0
2026-09-02T05:45:34,2026-09-02T05:40,20332,横浜北山田店,残10席以上,1,AVAILABLE,10
2026-09-02T05:52:01,2026-09-02T05:50,20903,調布南口店,残1席,1,AVAILABLE,1
2026-09-02T05:52:01,2026-09-02T05:50,20895,登戸駅前店,残1席,1,AVAILABLE,1
2026-09-02T05:52:01,2026-09-02T05:50,20391,百合ヶ丘店,満席,4,FULL,0
2026-09-02T05:52:01,2026-09-02T05:50,20332,横浜北山田店,残10席以上,1,AVAILABLE,10
2026-09-02T06:01:02,2026-09-02T05:50,20903,調布南口店,残3席,1,AVAILABLE,3
2026-09-02T06:01:02,2026-09-02T05:50,20895,登戸駅前店,残1席,1,AVAILABLE,1
2026-09-02T06:01:02,2026-09-02T05:50,20391,百合ヶ丘店,満席,4,FULL,0
2026-09-02T06:01:02,2026-09-02T05:50,20332,横浜北山田店,残10席以上,1,AVAILABLE,10
2026-09-02T06:17:53,2026-09-02T06:10,20903,調布南口店,残3席,1,AVAILABLE,3
2026-09-02T06:17:53,2026-09-02T06:10,20895,登戸駅前店,残1席,1,AVAILABLE,1
2026-09-02T06:17:53,2026-09-02T06:10,20391,百合ヶ丘店,満席,4,FULL,0
2026-09-02T06:17:53,2026-09-02T06:10,20332,横浜北山田店,残10席以上,1,AVAILABLE,10
2026-09-02T06:27:22,2026-09-02T06:20,20903,調布南口店,残4席,1,AVAILABLE,4
2026-09-02T06:27:22,2026-09-02T06:20,20895,登戸駅前店,残1席,1,AVAILABLE,1
2026-09-02T06:27:22,2026-09-02T06:20,20391,百合ヶ丘店,満席,4,FULL,0
2026-09-02T06:27:22,2026-09-02T06:20,20332,横浜北山田店,残10席以上,1,AVAILABLE,10
2026-09-02T06:35:30,2026-09-02T06:30,20903,調布南口店,残4席,1,AVAILABLE,4
2026-09-02T06:35:30,2026-09-02T06:30,20895,登戸駅前店,満席,4,FULL,0
2026-09-02T06:35:30,2026-09-02T06:30,20391,百合ヶ丘店,満席,4,FULL,0
2026-09-02T06:35:30,2026-09-02T06:30,20332,横浜北山田店,残10席以上,1,AVAILABLE,10
2026-09-02T06:43:14,2026-09-02T06:40,20903,調布南口店,残4席,1,AVAILABLE,4
2026-09-02T06:43:14,2026-09-02T06:40,20895,登戸駅前店,残2席,1,AVAILABLE,2
2026-09-02T06:43:14,2026-09-02T06:40,20391,百合ヶ丘店,残1席,1,AVAILABLE,1
2026-09-02T06:43:14,2026-09-02T06:40,20332,横浜北山田店,残10席以上,1,AVAILABLE,10
2026-09-02T06:50:45,2026-09-02T06:40,20903,調布南口店,残4席,1,AVAILABLE,4
2026-09-02T06:50:45,2026-09-02T06:40,20895,登戸駅前店,残2席,1,AVAILABLE,2
2026-09-02T06:50:45,2026-09-02T06:40,20391,百合ヶ丘店,残1席,1,AVAILABLE,1
2026-09-02T06:50:45,2026-09-02T06:40,20332,横浜北山田店,残10席以上,1,AVAILABLE,10
2026-09-02T07:01:08,2026-09-02T06:50,20903,調布南口店,残4席,1,AVAILABLE,4
2026-09-02T07:01:08,2026-09-02T06:50,20895,登戸駅前店,残2席,1,AVAILABLE,2
2026-09-02T07:01:08,2026-09-02T06:50,20391,百合ヶ丘店,残1席,1,AVAILABLE,1
2026-09-02T07:01:08,2026-09-02T06:50,20332,横浜北山田店,残10席以上,1,AVAILABLE,10
2026-09-02T07:17:05,2026-09-02T07:10,20903,調布南口店,残4席,1,AVAILABLE,4
2026-09-02T07:17:05,2026-09-02T07:10,20895,登戸駅前店,残3席,1,AVAILABLE,3
2026-09-02T07:17:05,2026-09-02T07:10,20391,百合ヶ丘店,残1席,1,AVAILABLE,1
2026-09-02T07:17:05,2026-09-02T07:10,20332,横浜北山田店,残10席以上,1,AVAILABLE,10
2026-09-02T07:26:13,2026-09-02T07:20,20903,調布南口店,残4席,1,AVAILABLE,4
2026-09-02T07:26:13,2026-09-02T07:20,20895,登戸駅前店,残3席,1,AVAILABLE,3
2026-09-02T07:26:13,2026-09-02T07:20,20391,百合ヶ丘店,残1席,1,AVAILABLE,1
2026-09-02T07:26:13,2026-09-02T07:20,20332,横浜北山田店,残10席以上,1,AVAILABLE,10
2026-09-02T07:33:54,2026-09-02T07:30,20903,調布南口店,残4席,1,AVAILABLE,4
2026-09-02T07:33:54,2026-09-02T07:30,20895,登戸駅前店,残4席,1,AVAILABLE,4
2026-09-02T07:33:54,2026-09-02T07:30,20391,百合ヶ丘店,満席,4,FULL,0
2026-09-02T07:33:54,2026-09-02T07:30,20332,横浜北山田店,残10席以上,1,AVAILABLE,10
2026-09-02T07:42:55,2026-09-02T07:40,20903,調布南口店,残4席,1,AVAILABLE,4
2026-09-02T07:42:55,2026-09-02T07:40,20895,登戸駅前店,残4席,1,AVAILABLE,4
2026-09-02T07:42:55,2026-09-02T07:40,20391,百合ヶ丘店,満席,4,FULL,0
2026-09-02T07:42:55,2026-09-02T07:40,20332,横浜北山田店,残10席以上,1,AVAILABLE,10
2026-09-02T07:51:07,2026-09-02T07:40,20903,調布南口店,残4席,1,AVAILABLE,4
2026-09-02T07:51:07,2026-09-02T07:40,20895,登戸駅前店,残4席,1,AVAILABLE,4
2026-09-02T07:51:07,2026-09-02T07:40,20391,百合ヶ丘店,満席,4,FULL,0
2026-09-02T07:51:07,2026-09-02T07:40,20332,横浜北山田店,残10席以上,1,AVAILABLE,10
2026-09-02T08:01:22,2026-09-02T07:50,20903,調布南口店,残4席,1,AVAILABLE,4
2026-09-02T08:01:22,2026-09-02T07:50,20895,登戸駅前店,残4席,1,AVAILABLE,4
2026-09-02T08:01:22,2026-09-02T07:50,20391,百合ヶ丘店,満席,4,FULL,0
2026-09-02T08:01:22,2026-09-02T07:50,20332,横浜北山田店,残10席以上,1,AVAILABLE,10
2026-09-02T08:15:18,2026-09-02T08:10,20903,調布南口店,残4席,1,AVAILABLE,4
2026-09-02T08:15:18,2026-09-02T08:10,20895,登戸駅前店,残4席,1,AVAILABLE,4
2026-09-02T08:15:18,2026-09-02T08:10,20391,百合ヶ丘店,残2席,1,AVAILABLE,2
2026-09-02T08:15:18,2026-09-02T08:10,20332,横浜北山田店,残10席以上,1,AVAILABLE,10
2026-09-02T08:22:25,2026-09-02T08:20,20903,調布南口店,残4席,1,AVAILABLE,4
2026-09-02T08:22:25,2026-09-02T08:20,20895,登戸駅前店,残4席,1,AVAILABLE,4
2026-09-02T08:22:25,2026-09-02T08:20,20391,百合ヶ丘店,残2席,1,AVAILABLE,2
2026-09-02T08:22:25,2026-09-02T08:20,20332,横浜北山田店,残10席以上,1,AVAILABLE,10
2026-09-02T08:31:13,2026-09-02T08:20,20903,調布南口店,残4席,1,AVAILABLE,4
2026-09-02T08:31:13,2026-09-02T08:20,20895,登戸駅前店,残4席,1,AVAILABLE,4
2026-09-02T08:31:13,2026-09-02T08:20,20391,百合ヶ丘店,残2席,1,AVAILABLE,2
2026-09-02T08:31:13,2026-09-02T08:20,20332,横浜北山田店,残10席以上,1,AVAILABLE,10
2026-09-02T08:40:48,2026-09-02T08:30,20903,調布南口店,残4席,1,AVAILABLE,4
2026-09-02T08:40:48,2026-09-02T08:30,20895,登戸駅前店,残4席,1,AVAILABLE,4
2026-09-02T08:40:48,2026-09-02T08:30,20391,百合ヶ丘店,残2席,1,AVAILABLE,2
2026-09-02T08:40:48,2026-09-02T08:30,20332,横浜北山田店,残10席以上,1,AVAILABLE,10
2026-09-02T08:50:41,2026-09-02T08:40,20903,調布南口店,残4席,1,AVAILABLE,4
2026-09-02T08:50:41,2026-09-02T08:40,20895,登戸駅前店,残3席,1,AVAILABLE,3
2026-09-02T08:50:41,2026-09-02T08:40,20391,百合ヶ丘店,残2席,1,AVAILABLE,2
2026-09-02T08:50:41,2026-09-02T08:40,20332,横浜北山田店,残10席以上,1,AVAILABLE,10
2026-09-02T09:01:12,2026-09-02T08:50,20903,調布南口店,残4席,1,AVAILABLE,4
2026-09-02T09:01:12,2026-09-02T08:50,20895,登戸駅前店,残3席,1,AVAILABLE,3
2026-09-02T09:01:12,2026-09-02T08:50,20391,百合ヶ丘店,残2席,1,AVAILABLE,2
2026-09-02T09:01:12,2026-09-02T08:50,20332,横浜北山田店,残10席以上,1,AVAILABLE,10
2026-09-02T09:27:58,2026-09-02T09:20,20903,調布南口店,残3席,1,AVAILABLE,3
2026-09-02T09:27:58,2026-09-02T09:20,20895,登戸駅前店,残3席,1,AVAILABLE,3
2026-09-02T09:27:58,2026-09-02T09:20,20391,百合ヶ丘店,残1席,1,AVAILABLE,1
2026-09-02T09:27:58,2026-09-02T09:20,20332,横浜北山田店,残10席以上,1,AVAILABLE,10
2026-09-02T09:41:51,2026-09-02T09:30,20903,調布南口店,残3席,1,AVAILABLE,3
2026-09-02T09:41:51,2026-09-02T09:30,20895,登戸駅前店,残3席,1,AVAILABLE,3
2026-09-02T09:41:51,2026-09-02T09:30,20391,百合ヶ丘店,残1席,1,AVAILABLE,1
2026-09-02T09:41:51,2026-09-02T09:30,20332,横浜北山田店,残10席以上,1,AVAILABLE,10
2026-09-02T09:54:15,2026-09-02T09:50,20903,調布南口店,残3席,1,AVAILABLE,3
2026-09-02T09:54:15,2026-09-02T09:50,20895,登戸駅前店,残3席,1,AVAILABLE,3
2026-09-02T09:54:15,2026-09-02T09:50,20391,百合ヶ丘店,残1席,1,AVAILABLE,1
2026-09-02T09:54:15,2026-09-02T09:50,20332,横浜北山田店,残10席以上,1,AVAILABLE,10
2026-09-02T10:00:59,2026-09-02T09:50,20903,調布南口店,残3席,1,AVAILABLE,3
2026-09-02T10:00:59,2026-09-02T09:50,20895,登戸駅前店,残3席,1,AVAILABLE,3
2026-09-02T10:00:59,2026-09-02T09:50,20391,百合ヶ丘店,残1席,1,AVAILABLE,1
2026-09-02T10:00:59,2026-09-02T09:50,20332,横浜北山田店,残10席以上,1,AVAILABLE,10
2026-09-02T10:16:37,2026-09-02T10:10,20903,調布南口店,残3席,1,AVAILABLE,3
2026-09-02T10:16:37,2026-09-02T10:10,20895,登戸駅前店,残3席,1,AVAILABLE,3
2026-09-02T10:16:37,2026-09-02T10:10,20391,百合ヶ丘店,残1席,1,AVAILABLE,1
2026-09-02T10:16:37,2026-09-02T10:10,20332,横浜北山田店,残9席,1,AVAILABLE,9
2026-09-02T10:24:35,2026-09-02T10:20,20903,調布南口店,残3席,1,AVAILABLE,3
2026-09-02T10:24:35,2026-09-02T10:20,20895,登戸駅前店,残3席,1,AVAILABLE,3
2026-09-02T10:24:35,2026-09-02T10:20,20391,百合ヶ丘店,残1席,1,AVAILABLE,1
2026-09-02T10:24:35,2026-09-02T10:20,20332,横浜北山田店,残9席,1,AVAILABLE,9
2026-09-02T10:33:00,2026-09-02T10:30,20903,調布南口店,残4席,1,AVAILABLE,4
2026-09-02T10:33:00,2026-09-02T10:30,20895,登戸駅前店,残4席,1,AVAILABLE,4
2026-09-02T10:33:00,2026-09-02T10:30,20391,百合ヶ丘店,残1席,1,AVAILABLE,1
2026-09-02T10:33:00,2026-09-02T10:30,20332,横浜北山田店,残9席,1,AVAILABLE,9
2026-09-02T10:53:12,2026-09-02T10:50,20903,調布南口店,残4席,1,AVAILABLE,4
2026-09-02T10:53:12,2026-09-02T10:50,20895,登戸駅前店,残2席,1,AVAILABLE,2
2026-09-02T10:53:12,2026-09-02T10:50,20391,百合ヶ丘店,残2席,1,AVAILABLE,2
2026-09-02T10:53:12,2026-09-02T10:50,20332,横浜北山田店,残9席,1,AVAILABLE,9
2026-09-02T11:07:30,2026-09-02T11:00,20903,調布南口店,残4席,1,AVAILABLE,4
2026-09-02T11:07:30,2026-09-02T11:00,20895,登戸駅前店,残2席,1,AVAILABLE,2
2026-09-02T11:07:30,2026-09-02T11:00,20391,百合ヶ丘店,残2席,1,AVAILABLE,2
2026-09-02T11:07:30,2026-09-02T11:00,20332,横浜北山田店,残8席,1,AVAILABLE,8
2026-09-02T11:33:49,2026-09-02T11:30,20903,調布南口店,残3席,1,AVAILABLE,3
2026-09-02T11:33:49,2026-09-02T11:30,20895,登戸駅前店,残2席,1,AVAILABLE,2
2026-09-02T11:33:49,2026-09-02T11:30,20391,百合ヶ丘店,残2席,1,AVAILABLE,2
2026-09-02T11:33:49,2026-09-02T11:30,20332,横浜北山田店,残10席以上,1,AVAILABLE,10
2026-09-02T11:48:40,2026-09-02T11:40,20903,調布南口店,残3席,1,AVAILABLE,3
2026-09-02T11:48:40,2026-09-02T11:40,20895,登戸駅前店,残2席,1,AVAILABLE,2
2026-09-02T11:48:40,2026-09-02T11:40,20391,百合ヶ丘店,残2席,1,AVAILABLE,2
2026-09-02T11:48:40,2026-09-02T11:40,20332,横浜北山田店,残10席以上,1,AVAILABLE,10
2026-09-02T11:56:49,2026-09-02T11:50,20903,調布南口店,残3席,1,AVAILABLE,3
2026-09-02T11:56:49,2026-09-02T11:50,20895,登戸駅前店,残3席,1,AVAILABLE,3
2026-09-02T11:56:49,2026-09-02T11:50,20391,百合ヶ丘店,残2席,1,AVAILABLE,2
2026-09-02T11:56:49,2026-09-02T11:50,20332,横浜北山田店,残10席以上,1,AVAILABLE,10
2026-09-02T12:03:56,2026-09-02T12:00,20903,調布南口店,残2席,1,AVAILABLE,2
2026-09-02T12:03:56,2026-09-02T12:00,20895,登戸駅前店,残2席,1,AVAILABLE,2
2026-09-02T12:03:56,2026-09-02T12:00,20391,百合ヶ丘店,残2席,1,AVAILABLE,2
2026-09-02T12:03:56,2026-09-02T12:00,20332,横浜北山田店,残10席以上,1,AVAILABLE,10
2026-09-02T12:18:33,2026-09-02T12:10,20903,調布南口店,残2席,1,AVAILABLE,2
2026-09-02T12:18:33,2026-09-02T12:10,20895,登戸駅前店,残2席,1,AVAILABLE,2
2026-09-02T12:18:33,2026-09-02T12:10,20391,百合ヶ丘店,残1席,1,AVAILABLE,1
2026-09-02T12:18:33,2026-09-02T12:10,20332,横浜北山田店,残9席,1,AVAILABLE,9
2026-09-02T12:29:14,2026-09-02T12:20,20903,調布南口店,残2席,1,AVAILABLE,2
2026-09-02T12:29:14,2026-09-02T12:20,20895,登戸駅前店,残2席,1,AVAILABLE,2
2026-09-02T12:29:14,2026-09-02T12:20,20391,百合ヶ丘店,残1席,1,AVAILABLE,1
2026-09-02T12:29:14,2026-09-02T12:20,20332,横浜北山田店,残9席,1,AVAILABLE,9
2026-09-02T12:38:54,2026-09-02T12:30,20903,調布南口店,残2席,1,AVAILABLE,2
2026-09-02T12:38:54,2026-09-02T12:30,20895,登戸駅前店,残2席,1,AVAILABLE,2
2026-09-02T12:38:54,2026-09-02T12:30,20391,百合ヶ丘店,残1席,1,AVAILABLE,1
2026-09-02T12:38:54,2026-09-02T12:30,20332,横浜北山田店,残9席,1,AVAILABLE,9
2026-09-02T12:46:29,2026-09-02T12:40,20903,調布南口店,残2席,1,AVAILABLE,2
2026-09-02T12:46:29,2026-09-02T12:40,20895,登戸駅前店,残1席,1,AVAILABLE,1
2026-09-02T12:46:29,2026-09-02T12:40,20391,百合ヶ丘店,満席,4,FULL,0
2026-09-02T12:46:29,2026-09-02T12:40,20332,横浜北山田店,残9席,1,AVAILABLE,9
2026-09-02T12:52:59,2026-09-02T12:50,20903,調布南口店,残3席,1,AVAILABLE,3
2026-09-02T12:52:59,2026-09-02T12:50,20895,登戸駅前店,残1席,1,AVAILABLE,1
2026-09-02T12:52:59,2026-09-02T12:50,20391,百合ヶ丘店,満席,4,FULL,0
2026-09-02T12:52:59,2026-09-02T12:50,20332,横浜北山田店,残8席,1,AVAILABLE,8
2026-09-02T13:01:08,2026-09-02T12:50,20903,調布南口店,残3席,1,AVAILABLE,3
2026-09-02T13:01:08,2026-09-02T12:50,20895,登戸駅前店,残1席,1,AVAILABLE,1
2026-09-02T13:01:08,2026-09-02T12:50,20391,百合ヶ丘店,満席,4,FULL,0
2026-09-02T13:01:08,2026-09-02T12:50,20332,横浜北山田店,残8席,1,AVAILABLE,8
2026-09-02T13:20:22,2026-09-02T13:10,20903,調布南口店,残3席,1,AVAILABLE,3
2026-09-02T13:20:22,2026-09-02T13:10,20895,登戸駅前店,残1席,1,AVAILABLE,1
2026-09-02T13:20:22,2026-09-02T13:10,20391,百合ヶ丘店,満席,4,FULL,0
2026-09-02T13:20:22,2026-09-02T13:10,20332,横浜北山田店,残10席以上,1,AVAILABLE,10
2026-09-02T13:34:57,2026-09-02T13:30,20903,調布南口店,残3席,1,AVAILABLE,3
2026-09-02T13:34:57,2026-09-02T13:30,20895,登戸駅前店,残1席,1,AVAILABLE,1
2026-09-02T13:34:57,2026-09-02T13:30,20391,百合ヶ丘店,満席,4,FULL,0
2026-09-02T13:34:57,2026-09-02T13:30,20332,横浜北山田店,残10席以上,1,AVAILABLE,10
2026-09-02T13:45:06,2026-09-02T13:40,20903,調布南口店,残3席,1,AVAILABLE,3
2026-09-02T13:45:06,2026-09-02T13:40,20895,登戸駅前店,残1席,1,AVAILABLE,1
2026-09-02T13:45:06,2026-09-02T13:40,20391,百合ヶ丘店,満席,4,FULL,0
2026-09-02T13:45:06,2026-09-02T13:40,20332,横浜北山田店,残10席以上,1,AVAILABLE,10
2026-09-02T13:52:43,2026-09-02T13:50,20903,調布南口店,残2席,1,AVAILABLE,2
2026-09-02T13:52:43,2026-09-02T13:50,20895,登戸駅前店,残1席,1,AVAILABLE,1
2026-09-02T13:52:43,2026-09-02T13:50,20391,百合ヶ丘店,満席,4,FULL,0
2026-09-02T13:52:43,2026-09-02T13:50,20332,横浜北山田店,残10席以上,1,AVAILABLE,10
2026-09-02T14:01:01,2026-09-02T13:50,20903,調布南口店,残2席,1,AVAILABLE,2
2026-09-02T14:01:01,2026-09-02T13:50,20895,登戸駅前店,残1席,1,AVAILABLE,1
2026-09-02T14:01:01,2026-09-02T13:50,20391,百合ヶ丘店,満席,4,FULL,0
2026-09-02T14:01:01,2026-09-02T13:50,20332,横浜北山田店,残10席以上,1,AVAILABLE,10
2026-09-02T14:17:48,2026-09-02T14:10,20903,調布南口店,残2席,1,AVAILABLE,2
2026-09-02T14:17:48,2026-09-02T14:10,20895,登戸駅前店,残2席,1,AVAILABLE,2
2026-09-02T14:17:48,2026-09-02T14:10,20391,百合ヶ丘店,満席,4,FULL,0
2026-09-02T14:17:48,2026-09-02T14:10,20332,横浜北山田店,残10席以上,1,AVAILABLE,10
2026-09-02T14:31:21,2026-09-02T14:20,20903,調布南口店,残2席,1,AVAILABLE,2
2026-09-02T14:31:21,2026-09-02T14:20,20895,登戸駅前店,満席,4,FULL,0
2026-09-02T14:31:21,2026-09-02T14:20,20391,百合ヶ丘店,満席,4,FULL,0
2026-09-02T14:31:21,2026-09-02T14:20,20332,横浜北山田店,残8席,1,AVAILABLE,8
2026-09-02T14:45:01,2026-09-02T14:40,20903,調布南口店,残2席,1,AVAILABLE,2
2026-09-02T14:45:01,2026-09-02T14:40,20895,登戸駅前店,満席,4,FULL,0
2026-09-02T14:45:01,2026-09-02T14:40,20391,百合ヶ丘店,満席,4,FULL,0
2026-09-02T14:45:01,2026-09-02T14:40,20332,横浜北山田店,残6席,1,AVAILABLE,6
2026-09-02T14:51:58,2026-09-02T14:40,20903,調布南口店,残2席,1,AVAILABLE,2
2026-09-02T14:51:58,2026-09-02T14:40,20895,登戸駅前店,満席,4,FULL,0
2026-09-02T14:51:58,2026-09-02T14:40,20391,百合ヶ丘店,満席,4,FULL,0
2026-09-02T14:51:58,2026-09-02T14:40,20332,横浜北山田店,残6席,1,AVAILABLE,6
2026-09-02T15:01:30,2026-09-02T14:50,20903,調布南口店,残1席,1,AVAILABLE,1
2026-09-02T15:01:30,2026-09-02T14:50,20895,登戸駅前店,満席,4,FULL,0
2026-09-02T15:01:30,2026-09-02T14:50,20391,百合ヶ丘店,満席,4,FULL,0
2026-09-02T15:01:30,2026-09-02T14:50,20332,横浜北山田店,残6席,1,AVAILABLE,6
2026-09-02T15:28:44,2026-09-02T15:20,20903,調布南口店,満席,4,FULL,0
2026-09-02T15:28:44,2026-09-02T15:20,20895,登戸駅前店,満席,4,FULL,0
2026-09-02T15:28:44,2026-09-02T15:20,20391,百合ヶ丘店,満席,4,FULL,0
2026-09-02T15:28:44,2026-09-02T15:20,20332,横浜北山田店,残6席,1,AVAILABLE,6
2026-09-02T15:43:13,2026-09-02T15:40,20903,調布南口店,満席,4,FULL,0
2026-09-02T15:43:13,2026-09-02T15:40,20895,登戸駅前店,満席,4,FULL,0
2026-09-02T15:43:13,2026-09-02T15:40,20391,百合ヶ丘店,満席,4,FULL,0
2026-09-02T15:43:13,2026-09-02T15:40,20332,横浜北山田店,残5席,1,AVAILABLE,5
2026-09-02T15:55:51,2026-09-02T15:50,20903,調布南口店,満席,4,FULL,0
2026-09-02T15:55:51,2026-09-02T15:50,20895,登戸駅前店,満席,4,FULL,0
2026-09-02T15:55:51,2026-09-02T15:50,20391,百合ヶ丘店,満席,4,FULL,0
2026-09-02T15:55:51,2026-09-02T15:50,20332,横浜北山田店,残5席,1,AVAILABLE,5
2026-09-02T16:02:55,2026-09-02T16:00,20903,調布南口店,満席,4,FULL,0
2026-09-02T16:02:55,2026-09-02T16:00,20895,登戸駅前店,満席,4,FULL,0
2026-09-02T16:02:55,2026-09-02T16:00,20391,百合ヶ丘店,満席,4,FULL,0
2026-09-02T16:02:55,2026-09-02T16:00,20332,横浜北山田店,残4席,1,AVAILABLE,4
2026-09-02T16:19:02,2026-09-02T16:10,20903,調布南口店,満席,4,FULL,0
2026-09-02T16:19:02,2026-09-02T16:10,20895,登戸駅前店,満席,4,FULL,0
2026-09-02T16:19:02,2026-09-02T16:10,20391,百合ヶ丘店,満席,4,FULL,0
2026-09-02T16:19:02,2026-09-02T16:10,20332,横浜北山田店,残5席,1,AVAILABLE,5
2026-09-02T16:29:37,2026-09-02T16:20,20903,調布南口店,満席,4,FULL,0
2026-09-02T16:29:37,2026-09-02T16:20,20895,登戸駅前店,満席,4,FULL,0
2026-09-02T16:29:37,2026-09-02T16:20,20391,百合ヶ丘店,残3席,1,AVAILABLE,3
2026-09-02T16:29:37,2026-09-02T16:20,20332,横浜北山田店,残7席,1,AVAILABLE,7
2026-09-02T16:39:14,2026-09-02T16:30,20903,調布南口店,満席,4,FULL,0
2026-09-02T16:39:14,2026-09-02T16:30,20895,登戸駅前店,満席,4,FULL,0
2026-09-02T16:39:14,2026-09-02T16:30,20391,百合ヶ丘店,残2席,1,AVAILABLE,2
2026-09-02T16:39:14,2026-09-02T16:30,20332,横浜北山田店,残7席,1,AVAILABLE,7
2026-09-02T16:46:56,2026-09-02T16:40,20903,調布南口店,満席,4,FULL,0
2026-09-02T16:46:56,2026-09-02T16:40,20895,登戸駅前店,満席,4,FULL,0
2026-09-02T16:46:56,2026-09-02T16:40,20391,百合ヶ丘店,残2席,1,AVAILABLE,2
2026-09-02T16:46:56,2026-09-02T16:40,20332,横浜北山田店,残8席,1,AVAILABLE,8
2026-09-02T16:53:40,2026-09-02T16:50,20903,調布南口店,残1席,1,AVAILABLE,1
2026-09-02T16:53:40,2026-09-02T16:50,20895,登戸駅前店,残1席,1,AVAILABLE,1
2026-09-02T16:53:40,2026-09-02T16:50,20391,百合ヶ丘店,残2席,1,AVAILABLE,2
2026-09-02T16:53:40,2026-09-02T16:50,20332,横浜北山田店,残8席,1,AVAILABLE,8
2026-09-02T17:01:25,2026-09-02T16:50,20903,調布南口店,残1席,1,AVAILABLE,1
2026-09-02T17:01:25,2026-09-02T16:50,20895,登戸駅前店,残1席,1,AVAILABLE,1
2026-09-02T17:01:25,2026-09-02T16:50,20391,百合ヶ丘店,残2席,1,AVAILABLE,2
2026-09-02T17:01:25,2026-09-02T16:50,20332,横浜北山田店,残8席,1,AVAILABLE,8
2026-09-02T17:20:32,2026-09-02T17:10,20903,調布南口店,満席,4,FULL,0
2026-09-02T17:20:32,2026-09-02T17:10,20895,登戸駅前店,満席,4,FULL,0
2026-09-02T17:20:32,2026-09-02T17:10,20391,百合ヶ丘店,残2席,1,AVAILABLE,2
2026-09-02T17:20:32,2026-09-02T17:10,20332,横浜北山田店,残7席,1,AVAILABLE,7
2026-09-02T17:34:43,2026-09-02T17:30,20903,調布南口店,満席,4,FULL,0
2026-09-02T17:34:43,2026-09-02T17:30,20895,登戸駅前店,満席,4,FULL,0
2026-09-02T17:34:43,2026-09-02T17:30,20391,百合ヶ丘店,残2席,1,AVAILABLE,2
2026-09-02T17:34:43,2026-09-02T17:30,20332,横浜北山田店,残8席,1,AVAILABLE,8
2026-09-02T17:45:33,2026-09-02T17:40,20903,調布南口店,満席,4,FULL,0
2026-09-02T17:45:33,2026-09-02T17:40,20895,登戸駅前店,満席,4,FULL,0
2026-09-02T17:45:33,2026-09-02T17:40,20391,百合ヶ丘店,残2席,1,AVAILABLE,2
2026-09-02T17:45:33,2026-09-02T17:40,20332,横浜北山田店,残7席,1,AVAILABLE,7
2026-09-02T17:53:21,2026-09-02T17:50,20903,調布南口店,満席,4,FULL,0
2026-09-02T17:53:21,2026-09-02T17:50,20895,登戸駅前店,満席,4,FULL,0
2026-09-02T17:53:21,2026-09-02T17:50,20391,百合ヶ丘店,残2席,1,AVAILABLE,2
2026-09-02T17:53:21,2026-09-02T17:50,20332,横浜北山田店,残9席,1,AVAILABLE,9
2026-09-02T18:00:55,2026-09-02T17:50,20903,調布南口店,満席,4,FULL,0
2026-09-02T18:00:55,2026-09-02T17:50,20895,登戸駅前店,満席,4,FULL,0
2026-09-02T18:00:55,2026-09-02T17:50,20391,百合ヶ丘店,残2席,1,AVAILABLE,2
2026-09-02T18:00:55,2026-09-02T17:50,20332,横浜北山田店,残9席,1,AVAILABLE,9
2026-09-02T18:19:30,2026-09-02T18:10,20903,調布南口店,満席,4,FULL,0
2026-09-02T18:19:30,2026-09-02T18:10,20895,登戸駅前店,満席,4,FULL,0
2026-09-02T18:19:30,2026-09-02T18:10,20391,百合ヶ丘店,残1席,1,AVAILABLE,1
2026-09-02T18:19:30,2026-09-02T18:10,20332,横浜北山田店,残9席,1,AVAILABLE,9
2026-09-02T18:30:35,2026-09-02T18:20,20903,調布南口店,満席,4,FULL,0
2026-09-02T18:30:35,2026-09-02T18:20,20895,登戸駅前店,満席,4,FULL,0
2026-09-02T18:30:35,2026-09-02T18:20,20391,百合ヶ丘店,満席,4,FULL,0
2026-09-02T18:30:35,2026-09-02T18:20,20332,横浜北山田店,残7席,1,AVAILABLE,7
2026-09-02T18:45:01,2026-09-02T18:40,20903,調布南口店,満席,4,FULL,0
2026-09-02T18:45:01,2026-09-02T18:40,20895,登戸駅前店,残1席,1,AVAILABLE,1
2026-09-02T18:45:01,2026-09-02T18:40,20391,百合ヶ丘店,満席,4,FULL,0
2026-09-02T18:45:01,2026-09-02T18:40,20332,横浜北山田店,残5席,1,AVAILABLE,5
2026-09-02T18:52:40,2026-09-02T18:50,20903,調布南口店,満席,4,FULL,0
2026-09-02T18:52:40,2026-09-02T18:50,20895,登戸駅前店,残1席,1,AVAILABLE,1
2026-09-02T18:52:40,2026-09-02T18:50,20391,百合ヶ丘店,満席,4,FULL,0
2026-09-02T18:52:40,2026-09-02T18:50,20332,横浜北山田店,残4席,1,AVAILABLE,4
2026-09-02T19:01:16,2026-09-02T18:50,20903,調布南口店,満席,4,FULL,0
2026-09-02T19:01:16,2026-09-02T18:50,20895,登戸駅前店,残1席,1,AVAILABLE,1
2026-09-02T19:01:16,2026-09-02T18:50,20391,百合ヶ丘店,満席,4,FULL,0
2026-09-02T19:01:16,2026-09-02T18:50,20332,横浜北山田店,残4席,1,AVAILABLE,4
2026-09-02T19:20:19,2026-09-02T19:10,20903,調布南口店,満席,4,FULL,0
2026-09-02T19:20:19,2026-09-02T19:10,20895,登戸駅前店,満席,4,FULL,0
2026-09-02T19:20:19,2026-09-02T19:10,20391,百合ヶ丘店,満席,4,FULL,0
2026-09-02T19:20:19,2026-09-02T19:10,20332,横浜北山田店,残3席,1,AVAILABLE,3
2026-09-02T19:34:20,2026-09-02T19:30,20903,調布南口店,満席,4,FULL,0
2026-09-02T19:34:20,2026-09-02T19:30,20895,登戸駅前店,満席,4,FULL,0
2026-09-02T19:34:20,2026-09-02T19:30,20391,百合ヶ丘店,満席,4,FULL,0
2026-09-02T19:34:20,2026-09-02T19:30,20332,横浜北山田店,残3席,1,AVAILABLE,3
2026-09-02T19:44:53,2026-09-02T19:40,20903,調布南口店,満席,4,FULL,0
2026-09-02T19:44:53,2026-09-02T19:40,20895,登戸駅前店,満席,4,FULL,0
2026-09-02T19:44:53,2026-09-02T19:40,20391,百合ヶ丘店,満席,4,FULL,0
2026-09-02T19:44:53,2026-09-02T19:40,20332,横浜北山田店,残2席,1,AVAILABLE,2
2026-09-02T19:52:04,2026-09-02T19:50,20903,調布南口店,満席,4,FULL,0
2026-09-02T19:52:04,2026-09-02T19:50,20895,登戸駅前店,満席,4,FULL,0
2026-09-02T19:52:04,2026-09-02T19:50,20391,百合ヶ丘店,満席,4,FULL,0
2026-09-02T19:52:04,2026-09-02T19:50,20332,横浜北山田店,残2席,1,AVAILABLE,2
2026-09-02T20:00:59,2026-09-02T19:50,20903,調布南口店,満席,4,FULL,0
2026-09-02T20:00:59,2026-09-02T19:50,20895,登戸駅前店,満席,4,FULL,0
2026-09-02T20:00:59,2026-09-02T19:50,20391,百合ヶ丘店,満席,4,FULL,0
2026-09-02T20:00:59,2026-09-02T19:50,20332,横浜北山田店,残1席,1,AVAILABLE,1
2026-09-02T20:18:53,2026-09-02T20:10,20903,調布南口店,満席,4,FULL,0
2026-09-02T20:18:53,2026-09-02T20:10,20895,登戸駅前店,満席,4,FULL,0
2026-09-02T20:18:53,2026-09-02T20:10,20391,百合ヶ丘店,満席,4,FULL,0
2026-09-02T20:18:53,2026-09-02T20:10,20332,横浜北山田店,満席,4,FULL,0
2026-09-02T20:29:19,2026-09-02T20:20,20903,調布南口店,満席,4,FULL,0
2026-09-02T20:29:19,2026-09-02T20:20,20895,登戸駅前店,満席,4,FULL,0
2026-09-02T20:29:19,2026-09-02T20:20,20391,百合ヶ丘店,満席,4,FULL,0
2026-09-02T20:29:19,2026-09-02T20:20,20332,横浜北山田店,満席,4,FULL,0
2026-09-02T20:39:22,2026-09-02T20:30,20903,調布南口店,満席,4,FULL,0
2026-09-02T20:39:22,2026-09-02T20:30,20895,登戸駅前店,満席,4,FULL,0
2026-09-02T20:39:22,2026-09-02T20:30,20391,百合ヶ丘店,満席,4,FULL,0
2026-09-02T20:39:22,2026-09-02T20:30,20332,横浜北山田店,満席,4,FULL,0
2026-09-02T20:46:28,2026-09-02T20:40,20903,調布南口店,満席,4,FULL,0
2026-09-02T20:46:28,2026-09-02T20:40,20895,登戸駅前店,満席,4,FULL,0
2026-09-02T20:46:28,2026-09-02T20:40,20391,百合ヶ丘店,残1席,1,AVAILABLE,1
2026-09-02T20:46:28,2026-09-02T20:40,20332,横浜北山田店,満席,4,FULL,0
2026-09-02T20:52:38,2026-09-02T20:50,20903,調布南口店,残1席,1,AVAILABLE,1
2026-09-02T20:52:38,2026-09-02T20:50,20895,登戸駅前店,残1席,1,AVAILABLE,1
2026-09-02T20:52:38,2026-09-02T20:50,20391,百合ヶ丘店,満席,4,FULL,0
2026-09-02T20:52:38,2026-09-02T20:50,20332,横浜北山田店,残1席,1,AVAILABLE,1
2026-09-02T21:01:04,2026-09-02T20:50,20903,調布南口店,残1席,1,AVAILABLE,1
2026-09-02T21:01:04,2026-09-02T20:50,20895,登戸駅前店,残1席,1,AVAILABLE,1
2026-09-02T21:01:04,2026-09-02T20:50,20391,百合ヶ丘店,満席,4,FULL,0
2026-09-02T21:01:04,2026-09-02T20:50,20332,横浜北山田店,残1席,1,AVAILABLE,1
2026-09-02T21:25:03,2026-09-02T21:20,20903,調布南口店,満席,4,FULL,0
2026-09-02T21:25:03,2026-09-02T21:20,20895,登戸駅前店,満席,4,FULL,0
2026-09-02T21:25:03,2026-09-02T21:20,20391,百合ヶ丘店,満席,4,FULL,0
2026-09-02T21:25:03,2026-09-02T21:20,20332,横浜北山田店,残1席,1,AVAILABLE,1
2026-09-02T21:39:19,2026-09-02T21:30,20903,調布南口店,満席,4,FULL,0
2026-09-02T21:39:19,2026-09-02T21:30,20895,登戸駅前店,満席,4,FULL,0
2026-09-02T21:39:19,2026-09-02T21:30,20391,百合ヶ丘店,満席,4,FULL,0
2026-09-02T21:39:19,2026-09-02T21:30,20332,横浜北山田店,残1席,1,AVAILABLE,1
2026-09-02T21:50:58,2026-09-02T21:40,20903,調布南口店,満席,4,FULL,0
2026-09-02T21:50:58,2026-09-02T21:40,20895,登戸駅前店,満席,4,FULL,0
2026-09-02T21:50:58,2026-09-02T21:40,20391,百合ヶ丘店,満席,4,FULL,0
2026-09-02T21:50:58,2026-09-02T21:40,20332,横浜北山田店,満席,4,FULL,0
2026-09-02T22:01:11,2026-09-02T21:50,20903,調布南口店,満席,4,FULL,0
2026-09-02T22:01:11,2026-09-02T21:50,20895,登戸駅前店,満席,4,FULL,0
2026-09-02T22:01:11,2026-09-02T21:50,20391,百合ヶ丘店,満席,4,FULL,0
2026-09-02T22:01:11,2026-09-02T21:50,20332,横浜北山田店,残1席,1,AVAILABLE,1
2026-09-02T22:20:03,2026-09-02T22:10,20903,調布南口店,満席,4,FULL,0
2026-09-02T22:20:03,2026-09-02T22:10,20895,登戸駅前店,満席,4,FULL,0
2026-09-02T22:20:03,2026-09-02T22:10,20391,百合ヶ丘店,満席,4,FULL,0
2026-09-02T22:20:03,2026-09-02T22:10,20332,横浜北山田店,満席,4,FULL,0
2026-09-02T22:31:47,2026-09-02T22:20,20903,調布南口店,満席,4,FULL,0
2026-09-02T22:31:47,2026-09-02T22:20,20895,登戸駅前店,満席,4,FULL,0
2026-09-02T22:31:47,2026-09-02T22:20,20391,百合ヶ丘店,満席,4,FULL,0
2026-09-02T22:31:47,2026-09-02T22:20,20332,横浜北山田店,満席,4,FULL,0
2026-09-02T22:46:11,2026-09-02T22:40,20903,調布南口店,残1席,1,AVAILABLE,1
2026-09-02T22:46:11,2026-09-02T22:40,20895,登戸駅前店,満席,4,FULL,0
2026-09-02T22:46:11,2026-09-02T22:40,20391,百合ヶ丘店,満席,4,FULL,0
2026-09-02T22:46:11,2026-09-02T22:40,20332,横浜北山田店,残3席,1,AVAILABLE,3
2026-09-02T22:53:47,2026-09-02T22:50,20903,調布南口店,残1席,1,AVAILABLE,1
2026-09-02T22:53:47,2026-09-02T22:50,20895,登戸駅前店,満席,4,FULL,0
2026-09-02T22:53:47,2026-09-02T22:50,20391,百合ヶ丘店,満席,4,FULL,0
2026-09-02T22:53:47,2026-09-02T22:50,20332,横浜北山田店,残1席,1,AVAILABLE,1
2026-09-02T23:01:19,2026-09-02T22:50,20903,調布南口店,残1席,1,AVAILABLE,1
2026-09-02T23:01:19,2026-09-02T22:50,20895,登戸駅前店,満席,4,FULL,0
2026-09-02T23:01:19,2026-09-02T22:50,20391,百合ヶ丘店,満席,4,FULL,0
2026-09-02T23:01:19,2026-09-02T22:50,20332,横浜北山田店,残1席,1,AVAILABLE,1
2026-09-02T23:19:11,2026-09-02T23:10,20903,調布南口店,満席,4,FULL,0
2026-09-02T23:19:11,2026-09-02T23:10,20895,登戸駅前店,満席,4,FULL,0
2026-09-02T23:19:11,2026-09-02T23:10,20391,百合ヶ丘店,満席,4,FULL,0
2026-09-02T23:19:11,2026-09-02T23:10,20332,横浜北山田店,満席,4,FULL,0
2026-09-02T23:19:40,2026-09-02T23:10,20903,調布南口店,満席,4,FULL,0
2026-09-02T23:19:40,2026-09-02T23:10,20895,登戸駅前店,満席,4,FULL,0
2026-09-02T23:19:40,2026-09-02T23:10,20391,百合ヶ丘店,満席,4,FULL,0
2026-09-02T23:19:40,2026-09-02T23:10,20332,横浜北山田店,満席,4,FULL,0
2026-09-02T23:30:47,2026-09-02T23:20,20903,調布南口店,満席,4,FULL,0
2026-09-02T23:30:47,2026-09-02T23:20,20895,登戸駅前店,満席,4,FULL,0
2026-09-02T23:30:47,2026-09-02T23:20,20391,百合ヶ丘店,満席,4,FULL,0
2026-09-02T23:30:47,2026-09-02T23:20,20332,横浜北山田店,残1席,1,AVAILABLE,1
2026-09-02T23:46:26,2026-09-02T23:40,20903,調布南口店,満席,4,FULL,0
2026-09-02T23:46:26,2026-09-02T23:40,20895,登戸駅前店,満席,4,FULL,0
2026-09-02T23:46:26,2026-09-02T23:40,20391,百合ヶ丘店,満席,4,FULL,0
2026-09-02T23:46:26,2026-09-02T23:40,20332,横浜北山田店,残3席,1,AVAILABLE,3
2026-09-02T23:55:33,2026-09-02T23:50,20903,調布南口店,満席,4,FULL,0
2026-09-02T23:55:33,2026-09-02T23:50,20895,登戸駅前店,満席,4,FULL,0
2026-09-02T23:55:33,2026-09-02T23:50,20391,百合ヶ丘店,満席,4,FULL,0
2026-09-02T23:55:33,2026-09-02T23:50,20332,横浜北山田店,残3席,1,AVAILABLE,3
2026-09-03T00:07:18,2026-09-03T00:00,20903,調布南口店,満席,4,FULL,0
2026-09-03T00:07:18,2026-09-03T00:00,20895,登戸駅前店,満席,4,FULL,0
2026-09-03T00:07:18,2026-09-03T00:00,20391,百合ヶ丘店,満席,4,FULL,0
2026-09-03T00:07:18,2026-09-03T00:00,20332,横浜北山田店,残3席,1,AVAILABLE,3
2026-09-03T00:23:51,2026-09-03T00:20,20903,調布南口店,残2席,1,AVAILABLE,2
2026-09-03T00:23:51,2026-09-03T00:20,20895,登戸駅前店,満席,4,FULL,0
2026-09-03T00:23:51,2026-09-03T00:20,20391,百合ヶ丘店,満席,4,FULL,0
2026-09-03T00:23:51,2026-09-03T00:20,20332,横浜北山田店,残2席,1,AVAILABLE,2
2026-09-03T00:37:46,2026-09-03T00:30,20903,調布南口店,残2席,1,AVAILABLE,2
2026-09-03T00:37:46,2026-09-03T00:30,20895,登戸駅前店,残1席,1,AVAILABLE,1
2026-09-03T00:37:46,2026-09-03T00:30,20391,百合ヶ丘店,満席,4,FULL,0
2026-09-03T00:37:46,2026-09-03T00:30,20332,横浜北山田店,残2席,1,AVAILABLE,2
2026-09-03T00:49:30,2026-09-03T00:40,20903,調布南口店,残2席,1,AVAILABLE,2
2026-09-03T00:49:30,2026-09-03T00:40,20895,登戸駅前店,満席,4,FULL,0
2026-09-03T00:49:30,2026-09-03T00:40,20391,百合ヶ丘店,満席,4,FULL,0
2026-09-03T00:49:30,2026-09-03T00:40,20332,横浜北山田店,残1席,1,AVAILABLE,1
2026-09-03T00:57:33,2026-09-03T00:50,20903,調布南口店,残2席,1,AVAILABLE,2
2026-09-03T00:57:33,2026-09-03T00:50,20895,登戸駅前店,満席,4,FULL,0
2026-09-03T00:57:33,2026-09-03T00:50,20391,百合ヶ丘店,満席,4,FULL,0
2026-09-03T00:57:33,2026-09-03T00:50,20332,横浜北山田店,残1席,1,AVAILABLE,1
2026-09-03T01:06:17,2026-09-03T01:00,20903,調布南口店,残2席,1,AVAILABLE,2
2026-09-03T01:06:17,2026-09-03T01:00,20895,登戸駅前店,満席,4,FULL,0
2026-09-03T01:06:17,2026-09-03T01:00,20391,百合ヶ丘店,満席,4,FULL,0
2026-09-03T01:06:17,2026-09-03T01:00,20332,横浜北山田店,満席,4,FULL,0
2026-09-03T01:21:40,2026-09-03T01:10,20903,調布南口店,残2席,1,AVAILABLE,2
2026-09-03T01:21:40,2026-09-03T01:10,20895,登戸駅前店,満席,4,FULL,0
2026-09-03T01:21:40,2026-09-03T01:10,20391,百合ヶ丘店,満席,4,FULL,0
2026-09-03T01:21:40,2026-09-03T01:10,20332,横浜北山田店,残1席,1,AVAILABLE,1
2026-09-03T01:35:18,2026-09-03T01:30,20903,調布南口店,残3席,1,AVAILABLE,3
2026-09-03T01:35:18,2026-09-03T01:30,20895,登戸駅前店,満席,4,FULL,0
2026-09-03T01:35:18,2026-09-03T01:30,20391,百合ヶ丘店,満席,4,FULL,0
2026-09-03T01:35:18,2026-09-03T01:30,20332,横浜北山田店,満席,4,FULL,0
2026-09-03T01:46:01,2026-09-03T01:40,20903,調布南口店,残3席,1,AVAILABLE,3
2026-09-03T01:46:01,2026-09-03T01:40,20895,登戸駅前店,満席,4,FULL,0
2026-09-03T01:46:01,2026-09-03T01:40,20391,百合ヶ丘店,満席,4,FULL,0
2026-09-03T01:46:01,2026-09-03T01:40,20332,横浜北山田店,残3席,1,AVAILABLE,3
2026-09-03T01:54:13,2026-09-03T01:50,20903,調布南口店,残3席,1,AVAILABLE,3
2026-09-03T01:54:13,2026-09-03T01:50,20895,登戸駅前店,満席,4,FULL,0
2026-09-03T01:54:13,2026-09-03T01:50,20391,百合ヶ丘店,満席,4,FULL,0
2026-09-03T01:54:13,2026-09-03T01:50,20332,横浜北山田店,残2席,1,AVAILABLE,2
2026-09-03T02:00:52,2026-09-03T01:50,20903,調布南口店,残3席,1,AVAILABLE,3
2026-09-03T02:00:52,2026-09-03T01:50,20895,登戸駅前店,満席,4,FULL,0
2026-09-03T02:00:52,2026-09-03T01:50,20391,百合ヶ丘店,満席,4,FULL,0
2026-09-03T02:00:52,2026-09-03T01:50,20332,横浜北山田店,残2席,1,AVAILABLE,2
2026-09-03T02:17:45,2026-09-03T02:10,20903,調布南口店,残2席,1,AVAILABLE,2
2026-09-03T02:17:45,2026-09-03T02:10,20895,登戸駅前店,残1席,1,AVAILABLE,1
2026-09-03T02:17:45,2026-09-03T02:10,20391,百合ヶ丘店,満席,4,FULL,0
2026-09-03T02:17:45,2026-09-03T02:10,20332,横浜北山田店,残5席,1,AVAILABLE,5
2026-09-03T02:27:37,2026-09-03T02:20,20903,調布南口店,残2席,1,AVAILABLE,2
2026-09-03T02:27:37,2026-09-03T02:20,20895,登戸駅前店,残2席,1,AVAILABLE,2
2026-09-03T02:27:37,2026-09-03T02:20,20391,百合ヶ丘店,残1席,1,AVAILABLE,1
2026-09-03T02:27:37,2026-09-03T02:20,20332,横浜北山田店,残6席,1,AVAILABLE,6
2026-09-03T02:34:39,2026-09-03T02:30,20903,調布南口店,残2席,1,AVAILABLE,2
2026-09-03T02:34:39,2026-09-03T02:30,20895,登戸駅前店,残2席,1,AVAILABLE,2
2026-09-03T02:34:39,2026-09-03T02:30,20391,百合ヶ丘店,満席,4,FULL,0
2026-09-03T02:34:39,2026-09-03T02:30,20332,横浜北山田店,残6席,1,AVAILABLE,6
2026-09-03T02:42:41,2026-09-03T02:40,20903,調布南口店,残2席,1,AVAILABLE,2
2026-09-03T02:42:41,2026-09-03T02:40,20895,登戸駅前店,残2席,1,AVAILABLE,2
2026-09-03T02:42:41,2026-09-03T02:40,20391,百合ヶ丘店,満席,4,FULL,0
2026-09-03T02:42:41,2026-09-03T02:40,20332,横浜北山田店,残6席,1,AVAILABLE,6
2026-09-03T02:51:05,2026-09-03T02:40,20903,調布南口店,残2席,1,AVAILABLE,2
2026-09-03T02:51:05,2026-09-03T02:40,20895,登戸駅前店,残2席,1,AVAILABLE,2
2026-09-03T02:51:05,2026-09-03T02:40,20391,百合ヶ丘店,満席,4,FULL,0
2026-09-03T02:51:05,2026-09-03T02:40,20332,横浜北山田店,残6席,1,AVAILABLE,6
2026-09-03T03:00:57,2026-09-03T02:50,20903,調布南口店,残2席,1,AVAILABLE,2
2026-09-03T03:00:57,2026-09-03T02:50,20895,登戸駅前店,残2席,1,AVAILABLE,2
2026-09-03T03:00:57,2026-09-03T02:50,20391,百合ヶ丘店,満席,4,FULL,0
2026-09-03T03:00:57,2026-09-03T02:50,20332,横浜北山田店,残5席,1,AVAILABLE,5
2026-09-03T03:22:37,2026-09-03T03:20,20903,調布南口店,残1席,1,AVAILABLE,1
2026-09-03T03:22:37,2026-09-03T03:20,20895,登戸駅前店,残2席,1,AVAILABLE,2
2026-09-03T03:22:37,2026-09-03T03:20,20391,百合ヶ丘店,残1席,1,AVAILABLE,1
2026-09-03T03:22:37,2026-09-03T03:20,20332,横浜北山田店,残10席以上,1,AVAILABLE,10
2026-09-03T03:35:53,2026-09-03T03:30,20903,調布南口店,残1席,1,AVAILABLE,1
2026-09-03T03:35:53,2026-09-03T03:30,20895,登戸駅前店,残2席,1,AVAILABLE,2
2026-09-03T03:35:53,2026-09-03T03:30,20391,百合ヶ丘店,残1席,1,AVAILABLE,1
2026-09-03T03:35:53,2026-09-03T03:30,20332,横浜北山田店,残10席以上,1,AVAILABLE,10
2026-09-03T03:46:01,2026-09-03T03:40,20903,調布南口店,残1席,1,AVAILABLE,1
2026-09-03T03:46:01,2026-09-03T03:40,20895,登戸駅前店,残2席,1,AVAILABLE,2
2026-09-03T03:46:01,2026-09-03T03:40,20391,百合ヶ丘店,残1席,1,AVAILABLE,1
2026-09-03T03:46:01,2026-09-03T03:40,20332,横浜北山田店,残10席以上,1,AVAILABLE,10
2026-09-03T03:53:44,2026-09-03T03:50,20903,調布南口店,残1席,1,AVAILABLE,1
2026-09-03T03:53:44,2026-09-03T03:50,20895,登戸駅前店,残2席,1,AVAILABLE,2
2026-09-03T03:53:44,2026-09-03T03:50,20391,百合ヶ丘店,残1席,1,AVAILABLE,1
2026-09-03T03:53:44,2026-09-03T03:50,20332,横浜北山田店,残10席以上,1,AVAILABLE,10
2026-09-03T04:01:11,2026-09-03T03:50,20903,調布南口店,残1席,1,AVAILABLE,1
2026-09-03T04:01:11,2026-09-03T03:50,20895,登戸駅前店,残2席,1,AVAILABLE,2
2026-09-03T04:01:11,2026-09-03T03:50,20391,百合ヶ丘店,残1席,1,AVAILABLE,1
2026-09-03T04:01:11,2026-09-03T03:50,20332,横浜北山田店,残10席以上,1,AVAILABLE,10
2026-09-03T04:16:48,2026-09-03T04:10,20903,調布南口店,残1席,1,AVAILABLE,1
2026-09-03T04:16:48,2026-09-03T04:10,20895,登戸駅前店,残3席,1,AVAILABLE,3
2026-09-03T04:16:48,2026-09-03T04:10,20391,百合ヶ丘店,残1席,1,AVAILABLE,1
2026-09-03T04:16:48,2026-09-03T04:10,20332,横浜北山田店,残10席以上,1,AVAILABLE,10
2026-09-03T04:25:28,2026-09-03T04:20,20903,調布南口店,残1席,1,AVAILABLE,1
2026-09-03T04:25:28,2026-09-03T04:20,20895,登戸駅前店,残3席,1,AVAILABLE,3
2026-09-03T04:25:28,2026-09-03T04:20,20391,百合ヶ丘店,残3席,1,AVAILABLE,3
2026-09-03T04:25:28,2026-09-03T04:20,20332,横浜北山田店,残10席以上,1,AVAILABLE,10
2026-09-03T04:31:00,2026-09-03T04:20,20903,調布南口店,残1席,1,AVAILABLE,1
2026-09-03T04:31:00,2026-09-03T04:20,20895,登戸駅前店,残3席,1,AVAILABLE,3
2026-09-03T04:31:00,2026-09-03T04:20,20391,百合ヶ丘店,残3席,1,AVAILABLE,3
2026-09-03T04:31:00,2026-09-03T04:20,20332,横浜北山田店,残10席以上,1,AVAILABLE,10
2026-09-03T04:40:56,2026-09-03T04:30,20903,調布南口店,残1席,1,AVAILABLE,1
2026-09-03T04:40:56,2026-09-03T04:30,20895,登戸駅前店,残3席,1,AVAILABLE,3
2026-09-03T04:40:56,2026-09-03T04:30,20391,百合ヶ丘店,残3席,1,AVAILABLE,3
2026-09-03T04:40:56,2026-09-03T04:30,20332,横浜北山田店,残10席以上,1,AVAILABLE,10
2026-09-03T04:50:59,2026-09-03T04:40,20903,調布南口店,残2席,1,AVAILABLE,2
2026-09-03T04:50:59,2026-09-03T04:40,20895,登戸駅前店,残3席,1,AVAILABLE,3
2026-09-03T04:50:59,2026-09-03T04:40,20391,百合ヶ丘店,残3席,1,AVAILABLE,3
2026-09-03T04:50:59,2026-09-03T04:40,20332,横浜北山田店,残10席以上,1,AVAILABLE,10
2026-09-03T05:01:15,2026-09-03T04:50,20903,調布南口店,残2席,1,AVAILABLE,2
2026-09-03T05:01:15,2026-09-03T04:50,20895,登戸駅前店,残3席,1,AVAILABLE,3
2026-09-03T05:01:15,2026-09-03T04:50,20391,百合ヶ丘店,残3席,1,AVAILABLE,3
2026-09-03T05:01:15,2026-09-03T04:50,20332,横浜北山田店,残10席以上,1,AVAILABLE,10
2026-09-03T05:19:29,2026-09-03T05:10,20903,調布南口店,残3席,1,AVAILABLE,3
2026-09-03T05:19:29,2026-09-03T05:10,20895,登戸駅前店,残3席,1,AVAILABLE,3
2026-09-03T05:19:29,2026-09-03T05:10,20391,百合ヶ丘店,残3席,1,AVAILABLE,3
2026-09-03T05:19:29,2026-09-03T05:10,20332,横浜北山田店,残10席以上,1,AVAILABLE,10
2026-09-03T05:30:37,2026-09-03T05:20,20903,調布南口店,残3席,1,AVAILABLE,3
2026-09-03T05:30:37,2026-09-03T05:20,20895,登戸駅前店,残3席,1,AVAILABLE,3
2026-09-03T05:30:37,2026-09-03T05:20,20391,百合ヶ丘店,残3席,1,AVAILABLE,3
2026-09-03T05:30:37,2026-09-03T05:20,20332,横浜北山田店,残10席以上,1,AVAILABLE,10
2026-09-03T05:45:02,2026-09-03T05:40,20903,調布南口店,残4席,1,AVAILABLE,4
2026-09-03T05:45:02,2026-09-03T05:40,20895,登戸駅前店,残3席,1,AVAILABLE,3
2026-09-03T05:45:02,2026-09-03T05:40,20391,百合ヶ丘店,残3席,1,AVAILABLE,3
2026-09-03T05:45:02,2026-09-03T05:40,20332,横浜北山田店,残10席以上,1,AVAILABLE,10
2026-09-03T05:52:11,2026-09-03T05:50,20903,調布南口店,残4席,1,AVAILABLE,4
2026-09-03T05:52:11,2026-09-03T05:50,20895,登戸駅前店,残2席,1,AVAILABLE,2
2026-09-03T05:52:11,2026-09-03T05:50,20391,百合ヶ丘店,残3席,1,AVAILABLE,3
2026-09-03T05:52:11,2026-09-03T05:50,20332,横浜北山田店,残10席以上,1,AVAILABLE,10
2026-09-03T06:01:09,2026-09-03T05:50,20903,調布南口店,残4席,1,AVAILABLE,4
2026-09-03T06:01:09,2026-09-03T05:50,20895,登戸駅前店,残2席,1,AVAILABLE,2
2026-09-03T06:01:09,2026-09-03T05:50,20391,百合ヶ丘店,残3席,1,AVAILABLE,3
2026-09-03T06:01:09,2026-09-03T05:50,20332,横浜北山田店,残10席以上,1,AVAILABLE,10
2026-09-03T06:17:22,2026-09-03T06:10,20903,調布南口店,残4席,1,AVAILABLE,4
2026-09-03T06:17:22,2026-09-03T06:10,20895,登戸駅前店,残3席,1,AVAILABLE,3
2026-09-03T06:17:22,2026-09-03T06:10,20391,百合ヶ丘店,残4席,1,AVAILABLE,4
2026-09-03T06:17:22,2026-09-03T06:10,20332,横浜北山田店,残10席以上,1,AVAILABLE,10
2026-09-03T06:26:52,2026-09-03T06:20,20903,調布南口店,残4席,1,AVAILABLE,4
2026-09-03T06:26:52,2026-09-03T06:20,20895,登戸駅前店,残3席,1,AVAILABLE,3
2026-09-03T06:26:52,2026-09-03T06:20,20391,百合ヶ丘店,残4席,1,AVAILABLE,4
2026-09-03T06:26:52,2026-09-03T06:20,20332,横浜北山田店,残10席以上,1,AVAILABLE,10
2026-09-03T06:35:21,2026-09-03T06:30,20903,調布南口店,残4席,1,AVAILABLE,4
2026-09-03T06:35:21,2026-09-03T06:30,20895,登戸駅前店,残3席,1,AVAILABLE,3
2026-09-03T06:35:21,2026-09-03T06:30,20391,百合ヶ丘店,残3席,1,AVAILABLE,3
2026-09-03T06:35:21,2026-09-03T06:30,20332,横浜北山田店,残10席以上,1,AVAILABLE,10
2026-09-03T06:44:15,2026-09-03T06:40,20903,調布南口店,残4席,1,AVAILABLE,4
2026-09-03T06:44:15,2026-09-03T06:40,20895,登戸駅前店,残2席,1,AVAILABLE,2
2026-09-03T06:44:15,2026-09-03T06:40,20391,百合ヶ丘店,残3席,1,AVAILABLE,3
2026-09-03T06:44:15,2026-09-03T06:40,20332,横浜北山田店,残10席以上,1,AVAILABLE,10
2026-09-03T06:51:17,2026-09-03T06:40,20903,調布南口店,残4席,1,AVAILABLE,4
2026-09-03T06:51:17,2026-09-03T06:40,20895,登戸駅前店,残2席,1,AVAILABLE,2
2026-09-03T06:51:17,2026-09-03T06:40,20391,百合ヶ丘店,残3席,1,AVAILABLE,3
2026-09-03T06:51:17,2026-09-03T06:40,20332,横浜北山田店,残10席以上,1,AVAILABLE,10
2026-09-03T07:01:10,2026-09-03T06:50,20903,調布南口店,残4席,1,AVAILABLE,4
2026-09-03T07:01:10,2026-09-03T06:50,20895,登戸駅前店,残2席,1,AVAILABLE,2
2026-09-03T07:01:10,2026-09-03T06:50,20391,百合ヶ丘店,残3席,1,AVAILABLE,3
2026-09-03T07:01:10,2026-09-03T06:50,20332,横浜北山田店,残10席以上,1,AVAILABLE,10
2026-09-03T07:18:20,2026-09-03T07:10,20903,調布南口店,残3席,1,AVAILABLE,3
2026-09-03T07:18:20,2026-09-03T07:10,20895,登戸駅前店,残2席,1,AVAILABLE,2
2026-09-03T07:18:20,2026-09-03T07:10,20391,百合ヶ丘店,残3席,1,AVAILABLE,3
2026-09-03T07:18:20,2026-09-03T07:10,20332,横浜北山田店,残10席以上,1,AVAILABLE,10
2026-09-03T07:28:51,2026-09-03T07:20,20903,調布南口店,残3席,1,AVAILABLE,3
2026-09-03T07:28:51,2026-09-03T07:20,20895,登戸駅前店,残2席,1,AVAILABLE,2
2026-09-03T07:28:51,2026-09-03T07:20,20391,百合ヶ丘店,残3席,1,AVAILABLE,3
2026-09-03T07:28:51,2026-09-03T07:20,20332,横浜北山田店,残10席以上,1,AVAILABLE,10
2026-09-03T07:39:08,2026-09-03T07:30,20903,調布南口店,残3席,1,AVAILABLE,3
2026-09-03T07:39:08,2026-09-03T07:30,20895,登戸駅前店,残2席,1,AVAILABLE,2
2026-09-03T07:39:08,2026-09-03T07:30,20391,百合ヶ丘店,残3席,1,AVAILABLE,3
2026-09-03T07:39:08,2026-09-03T07:30,20332,横浜北山田店,残10席以上,1,AVAILABLE,10
2026-09-03T07:46:09,2026-09-03T07:40,20903,調布南口店,残3席,1,AVAILABLE,3
2026-09-03T07:46:09,2026-09-03T07:40,20895,登戸駅前店,残2席,1,AVAILABLE,2
2026-09-03T07:46:09,2026-09-03T07:40,20391,百合ヶ丘店,残4席,1,AVAILABLE,4
2026-09-03T07:46:09,2026-09-03T07:40,20332,横浜北山田店,残10席以上,1,AVAILABLE,10
2026-09-03T07:51:40,2026-09-03T07:40,20903,調布南口店,残3席,1,AVAILABLE,3
2026-09-03T07:51:40,2026-09-03T07:40,20895,登戸駅前店,残2席,1,AVAILABLE,2
2026-09-03T07:51:40,2026-09-03T07:40,20391,百合ヶ丘店,残4席,1,AVAILABLE,4
2026-09-03T07:51:40,2026-09-03T07:40,20332,横浜北山田店,残10席以上,1,AVAILABLE,10
2026-09-03T08:01:03,2026-09-03T07:50,20903,調布南口店,残3席,1,AVAILABLE,3
2026-09-03T08:01:03,2026-09-03T07:50,20895,登戸駅前店,残2席,1,AVAILABLE,2
2026-09-03T08:01:03,2026-09-03T07:50,20391,百合ヶ丘店,残4席,1,AVAILABLE,4
2026-09-03T08:01:03,2026-09-03T07:50,20332,横浜北山田店,残10席以上,1,AVAILABLE,10
2026-09-03T08:16:02,2026-09-03T08:10,20903,調布南口店,残3席,1,AVAILABLE,3
2026-09-03T08:16:02,2026-09-03T08:10,20895,登戸駅前店,残2席,1,AVAILABLE,2
2026-09-03T08:16:02,2026-09-03T08:10,20391,百合ヶ丘店,残4席,1,AVAILABLE,4
2026-09-03T08:16:02,2026-09-03T08:10,20332,横浜北山田店,残10席以上,1,AVAILABLE,10
2026-09-03T08:24:45,2026-09-03T08:20,20903,調布南口店,残3席,1,AVAILABLE,3
2026-09-03T08:24:45,2026-09-03T08:20,20895,登戸駅前店,残2席,1,AVAILABLE,2
2026-09-03T08:24:45,2026-09-03T08:20,20391,百合ヶ丘店,残4席,1,AVAILABLE,4
2026-09-03T08:24:45,2026-09-03T08:20,20332,横浜北山田店,残10席以上,1,AVAILABLE,10
2026-09-03T08:32:04,2026-09-03T08:30,20903,調布南口店,残3席,1,AVAILABLE,3
2026-09-03T08:32:04,2026-09-03T08:30,20895,登戸駅前店,残2席,1,AVAILABLE,2
2026-09-03T08:32:04,2026-09-03T08:30,20391,百合ヶ丘店,残4席,1,AVAILABLE,4
2026-09-03T08:32:04,2026-09-03T08:30,20332,横浜北山田店,残10席以上,1,AVAILABLE,10
2026-09-03T08:41:49,2026-09-03T08:30,20903,調布南口店,残3席,1,AVAILABLE,3
2026-09-03T08:41:49,2026-09-03T08:30,20895,登戸駅前店,残2席,1,AVAILABLE,2
2026-09-03T08:41:49,2026-09-03T08:30,20391,百合ヶ丘店,残4席,1,AVAILABLE,4
2026-09-03T08:41:49,2026-09-03T08:30,20332,横浜北山田店,残10席以上,1,AVAILABLE,10
2026-09-03T08:50:41,2026-09-03T08:40,20903,調布南口店,残3席,1,AVAILABLE,3
2026-09-03T08:50:41,2026-09-03T08:40,20895,登戸駅前店,残2席,1,AVAILABLE,2
2026-09-03T08:50:41,2026-09-03T08:40,20391,百合ヶ丘店,残4席,1,AVAILABLE,4
2026-09-03T08:50:41,2026-09-03T08:40,20332,横浜北山田店,残10席以上,1,AVAILABLE,10
2026-09-03T09:01:21,2026-09-03T08:50,20903,調布南口店,残3席,1,AVAILABLE,3
2026-09-03T09:01:21,2026-09-03T08:50,20895,登戸駅前店,残2席,1,AVAILABLE,2
2026-09-03T09:01:21,2026-09-03T08:50,20391,百合ヶ丘店,残4席,1,AVAILABLE,4
2026-09-03T09:01:21,2026-09-03T08:50,20332,横浜北山田店,残10席以上,1,AVAILABLE,10
2026-09-03T09:29:49,2026-09-03T09:20,20903,調布南口店,残3席,1,AVAILABLE,3
2026-09-03T09:29:49,2026-09-03T09:20,20895,登戸駅前店,残2席,1,AVAILABLE,2
2026-09-03T09:29:49,2026-09-03T09:20,20391,百合ヶ丘店,残3席,1,AVAILABLE,3
2026-09-03T09:29:49,2026-09-03T09:20,20332,横浜北山田店,残9席,1,AVAILABLE,9
2026-09-03T09:44:31,2026-09-03T09:40,20903,調布南口店,残3席,1,AVAILABLE,3
2026-09-03T09:44:31,2026-09-03T09:40,20895,登戸駅前店,残2席,1,AVAILABLE,2
2026-09-03T09:44:31,2026-09-03T09:40,20391,百合ヶ丘店,残3席,1,AVAILABLE,3
2026-09-03T09:44:31,2026-09-03T09:40,20332,横浜北山田店,残9席,1,AVAILABLE,9
2026-09-03T09:55:31,2026-09-03T09:50,20903,調布南口店,残3席,1,AVAILABLE,3
2026-09-03T09:55:31,2026-09-03T09:50,20895,登戸駅前店,残2席,1,AVAILABLE,2
2026-09-03T09:55:31,2026-09-03T09:50,20391,百合ヶ丘店,残3席,1,AVAILABLE,3
2026-09-03T09:55:31,2026-09-03T09:50,20332,横浜北山田店,残8席,1,AVAILABLE,8
2026-09-03T10:01:46,2026-09-03T09:50,20903,調布南口店,残3席,1,AVAILABLE,3
2026-09-03T10:01:46,2026-09-03T09:50,20895,登戸駅前店,残2席,1,AVAILABLE,2
2026-09-03T10:01:46,2026-09-03T09:50,20391,百合ヶ丘店,残3席,1,AVAILABLE,3
2026-09-03T10:01:46,2026-09-03T09:50,20332,横浜北山田店,残8席,1,AVAILABLE,8
2026-09-03T10:22:20,2026-09-03T10:20,20903,調布南口店,残3席,1,AVAILABLE,3
2026-09-03T10:22:20,2026-09-03T10:20,20895,登戸駅前店,残1席,1,AVAILABLE,1
2026-09-03T10:22:20,2026-09-03T10:20,20391,百合ヶ丘店,残3席,1,AVAILABLE,3
2026-09-03T10:22:20,2026-09-03T10:20,20332,横浜北山田店,残7席,1,AVAILABLE,7
2026-09-03T10:34:44,2026-09-03T10:30,20903,調布南口店,残3席,1,AVAILABLE,3
2026-09-03T10:34:44,2026-09-03T10:30,20895,登戸駅前店,残1席,1,AVAILABLE,1
2026-09-03T10:34:44,2026-09-03T10:30,20391,百合ヶ丘店,残3席,1,AVAILABLE,3
2026-09-03T10:34:44,2026-09-03T10:30,20332,横浜北山田店,残9席,1,AVAILABLE,9
2026-09-03T10:45:41,2026-09-03T10:40,20903,調布南口店,残3席,1,AVAILABLE,3
2026-09-03T10:45:41,2026-09-03T10:40,20895,登戸駅前店,残1席,1,AVAILABLE,1
2026-09-03T10:45:41,2026-09-03T10:40,20391,百合ヶ丘店,残3席,1,AVAILABLE,3
2026-09-03T10:45:41,2026-09-03T10:40,20332,横浜北山田店,残9席,1,AVAILABLE,9
2026-09-03T10:53:18,2026-09-03T10:50,20903,調布南口店,残3席,1,AVAILABLE,3
2026-09-03T10:53:18,2026-09-03T10:50,20895,登戸駅前店,残1席,1,AVAILABLE,1
2026-09-03T10:53:18,2026-09-03T10:50,20391,百合ヶ丘店,残3席,1,AVAILABLE,3
2026-09-03T10:53:18,2026-09-03T10:50,20332,横浜北山田店,残9席,1,AVAILABLE,9
2026-09-03T11:03:28,2026-09-03T11:00,20903,調布南口店,残3席,1,AVAILABLE,3
2026-09-03T11:03:28,2026-09-03T11:00,20895,登戸駅前店,満席,4,FULL,0
2026-09-03T11:03:28,2026-09-03T11:00,20391,百合ヶ丘店,残2席,1,AVAILABLE,2
2026-09-03T11:03:28,2026-09-03T11:00,20332,横浜北山田店,残9席,1,AVAILABLE,9
2026-09-03T11:23:18,2026-09-03T11:20,20903,調布南口店,残2席,1,AVAILABLE,2
2026-09-03T11:23:18,2026-09-03T11:20,20895,登戸駅前店,満席,4,FULL,0
2026-09-03T11:23:18,2026-09-03T11:20,20391,百合ヶ丘店,残2席,1,AVAILABLE,2
2026-09-03T11:23:18,2026-09-03T11:20,20332,横浜北山田店,残9席,1,AVAILABLE,9
2026-09-03T14:14:43,2026-09-03T14:10,20903,調布南口店,満席,4,FULL,0
2026-09-03T14:14:43,2026-09-03T14:10,20895,登戸駅前店,残1席,1,AVAILABLE,1
2026-09-03T14:14:43,2026-09-03T14:10,20391,百合ヶ丘店,残1席,1,AVAILABLE,1
2026-09-03T14:14:43,2026-09-03T14:10,20332,横浜北山田店,残1席,1,AVAILABLE,1
2026-09-03T14:44:46,2026-09-03T14:40,20903,調布南口店,満席,4,FULL,0
2026-09-03T14:44:46,2026-09-03T14:40,20895,登戸駅前店,満席,4,FULL,0
2026-09-03T14:44:46,2026-09-03T14:40,20391,百合ヶ丘店,満席,4,FULL,0
2026-09-03T14:44:46,2026-09-03T14:40,20332,横浜北山田店,残2席,1,AVAILABLE,2
2026-09-03T14:58:56,2026-09-03T14:50,20903,調布南口店,満席,4,FULL,0
2026-09-03T14:58:56,2026-09-03T14:50,20895,登戸駅前店,満席,4,FULL,0
2026-09-03T14:58:56,2026-09-03T14:50,20391,百合ヶ丘店,満席,4,FULL,0
2026-09-03T14:58:56,2026-09-03T14:50,20332,横浜北山田店,残2席,1,AVAILABLE,2
2026-09-03T15:12:41,2026-09-03T15:10,20903,調布南口店,満席,4,FULL,0
2026-09-03T15:12:41,2026-09-03T15:10,20895,登戸駅前店,満席,4,FULL,0
2026-09-03T15:12:41,2026-09-03T15:10,20391,百合ヶ丘店,満席,4,FULL,0
2026-09-03T15:12:41,2026-09-03T15:10,20332,横浜北山田店,残3席,1,AVAILABLE,3
2026-09-03T15:32:56,2026-09-03T15:30,20903,調布南口店,満席,4,FULL,0
2026-09-03T15:32:56,2026-09-03T15:30,20895,登戸駅前店,満席,4,FULL,0
2026-09-03T15:32:56,2026-09-03T15:30,20391,百合ヶ丘店,満席,4,FULL,0
2026-09-03T15:32:56,2026-09-03T15:30,20332,横浜北山田店,残4席,1,AVAILABLE,4
2026-09-03T15:49:14,2026-09-03T15:40,20903,調布南口店,満席,4,FULL,0
2026-09-03T15:49:14,2026-09-03T15:40,20895,登戸駅前店,満席,4,FULL,0
2026-09-03T15:49:14,2026-09-03T15:40,20391,百合ヶ丘店,満席,4,FULL,0
2026-09-03T15:49:14,2026-09-03T15:40,20332,横浜北山田店,残4席,1,AVAILABLE,4
2026-09-03T15:58:25,2026-09-03T15:50,20903,調布南口店,満席,4,FULL,0
2026-09-03T15:58:25,2026-09-03T15:50,20895,登戸駅前店,満席,4,FULL,0
2026-09-03T15:58:25,2026-09-03T15:50,20391,百合ヶ丘店,満席,4,FULL,0
2026-09-03T15:58:25,2026-09-03T15:50,20332,横浜北山田店,残5席,1,AVAILABLE,5
2026-09-03T16:08:43,2026-09-03T16:00,20903,調布南口店,満席,4,FULL,0
2026-09-03T16:08:43,2026-09-03T16:00,20895,登戸駅前店,満席,4,FULL,0
2026-09-03T16:08:43,2026-09-03T16:00,20391,百合ヶ丘店,残1席,1,AVAILABLE,1
2026-09-03T16:08:43,2026-09-03T16:00,20332,横浜北山田店,残5席,1,AVAILABLE,5
2026-09-03T16:21:57,2026-09-03T16:10,20903,調布南口店,残1席,1,AVAILABLE,1
2026-09-03T16:21:57,2026-09-03T16:10,20895,登戸駅前店,満席,4,FULL,0
2026-09-03T16:21:57,2026-09-03T16:10,20391,百合ヶ丘店,残1席,1,AVAILABLE,1
2026-09-03T16:21:57,2026-09-03T16:10,20332,横浜北山田店,残5席,1,AVAILABLE,5
2026-09-03T16:34:15,2026-09-03T16:30,20903,調布南口店,満席,4,FULL,0
2026-09-03T16:34:15,2026-09-03T16:30,20895,登戸駅前店,満席,4,FULL,0
2026-09-03T16:34:15,2026-09-03T16:30,20391,百合ヶ丘店,満席,4,FULL,0
2026-09-03T16:34:15,2026-09-03T16:30,20332,横浜北山田店,残5席,1,AVAILABLE,5
2026-09-03T16:45:29,2026-09-03T16:40,20903,調布南口店,満席,4,FULL,0
2026-09-03T16:45:29,2026-09-03T16:40,20895,登戸駅前店,満席,4,FULL,0
2026-09-03T16:45:29,2026-09-03T16:40,20391,百合ヶ丘店,満席,4,FULL,0
2026-09-03T16:45:29,2026-09-03T16:40,20332,横浜北山田店,残4席,1,AVAILABLE,4
2026-09-03T16:52:59,2026-09-03T16:50,20903,調布南口店,満席,4,FULL,0
2026-09-03T16:52:59,2026-09-03T16:50,20895,登戸駅前店,残1席,1,AVAILABLE,1
2026-09-03T16:52:59,2026-09-03T16:50,20391,百合ヶ丘店,満席,4,FULL,0
2026-09-03T16:52:59,2026-09-03T16:50,20332,横浜北山田店,残4席,1,AVAILABLE,4
2026-09-03T17:01:09,2026-09-03T16:50,20903,調布南口店,満席,4,FULL,0
2026-09-03T17:01:09,2026-09-03T16:50,20895,登戸駅前店,残1席,1,AVAILABLE,1
2026-09-03T17:01:09,2026-09-03T16:50,20391,百合ヶ丘店,満席,4,FULL,0
2026-09-03T17:01:09,2026-09-03T16:50,20332,横浜北山田店,残4席,1,AVAILABLE,4
2026-09-03T17:20:42,2026-09-03T17:10,20903,調布南口店,残1席,1,AVAILABLE,1
2026-09-03T17:20:42,2026-09-03T17:10,20895,登戸駅前店,満席,4,FULL,0
2026-09-03T17:20:42,2026-09-03T17:10,20391,百合ヶ丘店,満席,4,FULL,0
2026-09-03T17:20:42,2026-09-03T17:10,20332,横浜北山田店,残4席,1,AVAILABLE,4
2026-09-03T17:35:57,2026-09-03T17:30,20903,調布南口店,残1席,1,AVAILABLE,1
2026-09-03T17:35:57,2026-09-03T17:30,20895,登戸駅前店,満席,4,FULL,0
2026-09-03T17:35:57,2026-09-03T17:30,20391,百合ヶ丘店,満席,4,FULL,0
2026-09-03T17:35:57,2026-09-03T17:30,20332,横浜北山田店,残6席,1,AVAILABLE,6
2026-09-03T17:47:10,2026-09-03T17:40,20903,調布南口店,残1席,1,AVAILABLE,1
2026-09-03T17:47:10,2026-09-03T17:40,20895,登戸駅前店,満席,4,FULL,0
2026-09-03T17:47:10,2026-09-03T17:40,20391,百合ヶ丘店,満席,4,FULL,0
2026-09-03T17:47:10,2026-09-03T17:40,20332,横浜北山田店,残5席,1,AVAILABLE,5
2026-09-03T17:55:47,2026-09-03T17:50,20903,調布南口店,満席,4,FULL,0
2026-09-03T17:55:47,2026-09-03T17:50,20895,登戸駅前店,満席,4,FULL,0
2026-09-03T17:55:47,2026-09-03T17:50,20391,百合ヶ丘店,満席,4,FULL,0
2026-09-03T17:55:47,2026-09-03T17:50,20332,横浜北山田店,残4席,1,AVAILABLE,4
2026-09-03T18:02:20,2026-09-03T18:00,20903,調布南口店,満席,4,FULL,0
2026-09-03T18:02:20,2026-09-03T18:00,20895,登戸駅前店,満席,4,FULL,0
2026-09-03T18:02:20,2026-09-03T18:00,20391,百合ヶ丘店,満席,4,FULL,0
2026-09-03T18:02:20,2026-09-03T18:00,20332,横浜北山田店,残4席,1,AVAILABLE,4
2026-09-03T18:20:02,2026-09-03T18:10,20903,調布南口店,残1席,1,AVAILABLE,1
2026-09-03T18:20:02,2026-09-03T18:10,20895,登戸駅前店,満席,4,FULL,0
2026-09-03T18:20:02,2026-09-03T18:10,20391,百合ヶ丘店,満席,4,FULL,0
2026-09-03T18:20:02,2026-09-03T18:10,20332,横浜北山田店,残2席,1,AVAILABLE,2
2026-09-03T18:31:24,2026-09-03T18:20,20903,調布南口店,満席,4,FULL,0
2026-09-03T18:31:24,2026-09-03T18:20,20895,登戸駅前店,満席,4,FULL,0
2026-09-03T18:31:24,2026-09-03T18:20,20391,百合ヶ丘店,満席,4,FULL,0
2026-09-03T18:31:24,2026-09-03T18:20,20332,横浜北山田店,残3席,1,AVAILABLE,3
2026-09-03T18:45:34,2026-09-03T18:40,20903,調布南口店,満席,4,FULL,0
2026-09-03T18:45:34,2026-09-03T18:40,20895,登戸駅前店,残1席,1,AVAILABLE,1
2026-09-03T18:45:34,2026-09-03T18:40,20391,百合ヶ丘店,満席,4,FULL,0
2026-09-03T18:45:34,2026-09-03T18:40,20332,横浜北山田店,残4席,1,AVAILABLE,4
2026-09-03T18:53:29,2026-09-03T18:50,20903,調布南口店,満席,4,FULL,0
2026-09-03T18:53:29,2026-09-03T18:50,20895,登戸駅前店,残2席,1,AVAILABLE,2
2026-09-03T18:53:29,2026-09-03T18:50,20391,百合ヶ丘店,満席,4,FULL,0
2026-09-03T18:53:29,2026-09-03T18:50,20332,横浜北山田店,残3席,1,AVAILABLE,3
2026-09-03T19:00:52,2026-09-03T18:50,20903,調布南口店,満席,4,FULL,0
2026-09-03T19:00:52,2026-09-03T18:50,20895,登戸駅前店,残2席,1,AVAILABLE,2
2026-09-03T19:00:52,2026-09-03T18:50,20391,百合ヶ丘店,満席,4,FULL,0
2026-09-03T19:00:52,2026-09-03T18:50,20332,横浜北山田店,残3席,1,AVAILABLE,3
2026-09-03T19:20:04,2026-09-03T19:10,20903,調布南口店,満席,4,FULL,0
2026-09-03T19:20:04,2026-09-03T19:10,20895,登戸駅前店,満席,4,FULL,0
2026-09-03T19:20:04,2026-09-03T19:10,20391,百合ヶ丘店,満席,4,FULL,0
2026-09-03T19:20:04,2026-09-03T19:10,20332,横浜北山田店,残2席,1,AVAILABLE,2
2026-09-03T19:31:19,2026-09-03T19:20,20903,調布南口店,満席,4,FULL,0
2026-09-03T19:31:19,2026-09-03T19:20,20895,登戸駅前店,満席,4,FULL,0
2026-09-03T19:31:19,2026-09-03T19:20,20391,百合ヶ丘店,満席,4,FULL,0
2026-09-03T19:31:19,2026-09-03T19:20,20332,横浜北山田店,満席,4,FULL,0
2026-09-03T19:43:54,2026-09-03T19:40,20903,調布南口店,満席,4,FULL,0
2026-09-03T19:43:54,2026-09-03T19:40,20895,登戸駅前店,満席,4,FULL,0
2026-09-03T19:43:54,2026-09-03T19:40,20391,百合ヶ丘店,満席,4,FULL,0
2026-09-03T19:43:54,2026-09-03T19:40,20332,横浜北山田店,残2席,1,AVAILABLE,2
2026-09-03T19:50:53,2026-09-03T19:40,20903,調布南口店,満席,4,FULL,0
2026-09-03T19:50:53,2026-09-03T19:40,20895,登戸駅前店,満席,4,FULL,0
2026-09-03T19:50:53,2026-09-03T19:40,20391,百合ヶ丘店,満席,4,FULL,0
2026-09-03T19:50:53,2026-09-03T19:40,20332,横浜北山田店,残2席,1,AVAILABLE,2
2026-09-03T20:01:19,2026-09-03T19:50,20903,調布南口店,満席,4,FULL,0
2026-09-03T20:01:19,2026-09-03T19:50,20895,登戸駅前店,満席,4,FULL,0
2026-09-03T20:01:19,2026-09-03T19:50,20391,百合ヶ丘店,残1席,1,AVAILABLE,1
2026-09-03T20:01:19,2026-09-03T19:50,20332,横浜北山田店,満席,4,FULL,0
2026-09-03T20:17:27,2026-09-03T20:10,20903,調布南口店,満席,4,FULL,0
2026-09-03T20:17:27,2026-09-03T20:10,20895,登戸駅前店,満席,4,FULL,0
2026-09-03T20:17:27,2026-09-03T20:10,20391,百合ヶ丘店,残1席,1,AVAILABLE,1
2026-09-03T20:17:27,2026-09-03T20:10,20332,横浜北山田店,満席,4,FULL,0
2026-09-03T20:26:53,2026-09-03T20:20,20903,調布南口店,残1席,1,AVAILABLE,1
2026-09-03T20:26:53,2026-09-03T20:20,20895,登戸駅前店,満席,4,FULL,0
2026-09-03T20:26:53,2026-09-03T20:20,20391,百合ヶ丘店,満席,4,FULL,0
2026-09-03T20:26:53,2026-09-03T20:20,20332,横浜北山田店,満席,4,FULL,0
2026-09-03T20:35:14,2026-09-03T20:30,20903,調布南口店,残1席,1,AVAILABLE,1
2026-09-03T20:35:14,2026-09-03T20:30,20895,登戸駅前店,満席,4,FULL,0
2026-09-03T20:35:14,2026-09-03T20:30,20391,百合ヶ丘店,満席,4,FULL,0
2026-09-03T20:35:14,2026-09-03T20:30,20332,横浜北山田店,満席,4,FULL,0
2026-09-03T20:43:42,2026-09-03T20:40,20903,調布南口店,残1席,1,AVAILABLE,1
2026-09-03T20:43:42,2026-09-03T20:40,20895,登戸駅前店,満席,4,FULL,0
2026-09-03T20:43:42,2026-09-03T20:40,20391,百合ヶ丘店,満席,4,FULL,0
2026-09-03T20:43:42,2026-09-03T20:40,20332,横浜北山田店,満席,4,FULL,0
2026-09-03T20:51:43,2026-09-03T20:40,20903,調布南口店,残1席,1,AVAILABLE,1
2026-09-03T20:51:43,2026-09-03T20:40,20895,登戸駅前店,満席,4,FULL,0
2026-09-03T20:51:43,2026-09-03T20:40,20391,百合ヶ丘店,満席,4,FULL,0
2026-09-03T20:51:43,2026-09-03T20:40,20332,横浜北山田店,満席,4,FULL,0
2026-09-03T21:01:15,2026-09-03T20:50,20903,調布南口店,満席,4,FULL,0
2026-09-03T21:01:15,2026-09-03T20:50,20895,登戸駅前店,満席,4,FULL,0
2026-09-03T21:01:15,2026-09-03T20:50,20391,百合ヶ丘店,残2席,1,AVAILABLE,2
2026-09-03T21:01:15,2026-09-03T20:50,20332,横浜北山田店,残2席,1,AVAILABLE,2
2026-09-03T21:25:02,2026-09-03T21:20,20903,調布南口店,残1席,1,AVAILABLE,1
2026-09-03T21:25:02,2026-09-03T21:20,20895,登戸駅前店,満席,4,FULL,0
2026-09-03T21:25:02,2026-09-03T21:20,20391,百合ヶ丘店,残1席,1,AVAILABLE,1
2026-09-03T21:25:02,2026-09-03T21:20,20332,横浜北山田店,残3席,1,AVAILABLE,3
2026-09-03T21:39:22,2026-09-03T21:30,20903,調布南口店,満席,4,FULL,0
2026-09-03T21:39:22,2026-09-03T21:30,20895,登戸駅前店,満席,4,FULL,0
2026-09-03T21:39:22,2026-09-03T21:30,20391,百合ヶ丘店,満席,4,FULL,0
2026-09-03T21:39:22,2026-09-03T21:30,20332,横浜北山田店,残1席,1,AVAILABLE,1
2026-09-03T21:51:09,2026-09-03T21:40,20903,調布南口店,満席,4,FULL,0
2026-09-03T21:51:09,2026-09-03T21:40,20895,登戸駅前店,満席,4,FULL,0
2026-09-03T21:51:09,2026-09-03T21:40,20391,百合ヶ丘店,満席,4,FULL,0
2026-09-03T21:51:09,2026-09-03T21:40,20332,横浜北山田店,残1席,1,AVAILABLE,1
2026-09-03T22:01:06,2026-09-03T21:50,20903,調布南口店,満席,4,FULL,0
2026-09-03T22:01:06,2026-09-03T21:50,20895,登戸駅前店,満席,4,FULL,0
2026-09-03T22:01:06,2026-09-03T21:50,20391,百合ヶ丘店,満席,4,FULL,0
2026-09-03T22:01:06,2026-09-03T21:50,20332,横浜北山田店,満席,4,FULL,0
2026-09-03T22:20:02,2026-09-03T22:10,20903,調布南口店,満席,4,FULL,0
2026-09-03T22:20:02,2026-09-03T22:10,20895,登戸駅前店,満席,4,FULL,0
2026-09-03T22:20:02,2026-09-03T22:10,20391,百合ヶ丘店,残1席,1,AVAILABLE,1
2026-09-03T22:20:02,2026-09-03T22:10,20332,横浜北山田店,満席,4,FULL,0
2026-09-03T22:31:18,2026-09-03T22:20,20903,調布南口店,満席,4,FULL,0
2026-09-03T22:31:18,2026-09-03T22:20,20895,登戸駅前店,満席,4,FULL,0
2026-09-03T22:31:18,2026-09-03T22:20,20391,百合ヶ丘店,残1席,1,AVAILABLE,1
2026-09-03T22:31:18,2026-09-03T22:20,20332,横浜北山田店,満席,4,FULL,0
2026-09-03T22:38:20,2026-09-03T22:30,20903,調布南口店,満席,4,FULL,0
2026-09-03T22:38:20,2026-09-03T22:30,20895,登戸駅前店,満席,4,FULL,0
2026-09-03T22:38:20,2026-09-03T22:30,20391,百合ヶ丘店,満席,4,FULL,0
2026-09-03T22:38:20,2026-09-03T22:30,20332,横浜北山田店,満席,4,FULL,0
2026-09-03T22:45:43,2026-09-03T22:40,20903,調布南口店,満席,4,FULL,0
2026-09-03T22:45:43,2026-09-03T22:40,20895,登戸駅前店,満席,4,FULL,0
2026-09-03T22:45:43,2026-09-03T22:40,20391,百合ヶ丘店,満席,4,FULL,0
2026-09-03T22:45:43,2026-09-03T22:40,20332,横浜北山田店,残2席,1,AVAILABLE,2
2026-09-03T22:53:14,2026-09-03T22:50,20903,調布南口店,満席,4,FULL,0
2026-09-03T22:53:14,2026-09-03T22:50,20895,登戸駅前店,満席,4,FULL,0
2026-09-03T22:53:14,2026-09-03T22:50,20391,百合ヶ丘店,満席,4,FULL,0
2026-09-03T22:53:14,2026-09-03T22:50,20332,横浜北山田店,残2席,1,AVAILABLE,2
2026-09-03T23:01:25,2026-09-03T22:50,20903,調布南口店,満席,4,FULL,0
2026-09-03T23:01:25,2026-09-03T22:50,20895,登戸駅前店,満席,4,FULL,0
2026-09-03T23:01:25,2026-09-03T22:50,20391,百合ヶ丘店,満席,4,FULL,0
2026-09-03T23:01:25,2026-09-03T22:50,20332,横浜北山田店,残2席,1,AVAILABLE,2
2026-09-03T23:20:09,2026-09-03T23:10,20903,調布南口店,満席,4,FULL,0
2026-09-03T23:20:09,2026-09-03T23:10,20895,登戸駅前店,満席,4,FULL,0
2026-09-03T23:20:09,2026-09-03T23:10,20391,百合ヶ丘店,満席,4,FULL,0
2026-09-03T23:20:09,2026-09-03T23:10,20332,横浜北山田店,残2席,1,AVAILABLE,2
2026-09-03T23:35:04,2026-09-03T23:30,20903,調布南口店,満席,4,FULL,0
2026-09-03T23:35:04,2026-09-03T23:30,20895,登戸駅前店,満席,4,FULL,0
2026-09-03T23:35:04,2026-09-03T23:30,20391,百合ヶ丘店,満席,4,FULL,0
2026-09-03T23:35:04,2026-09-03T23:30,20332,横浜北山田店,残3席,1,AVAILABLE,3
2026-09-03T23:46:22,2026-09-03T23:40,20903,調布南口店,満席,4,FULL,0
2026-09-03T23:46:22,2026-09-03T23:40,20895,登戸駅前店,満席,4,FULL,0
2026-09-03T23:46:22,2026-09-03T23:40,20391,百合ヶ丘店,満席,4,FULL,0
2026-09-03T23:46:22,2026-09-03T23:40,20332,横浜北山田店,残3席,1,AVAILABLE,3
2026-09-03T23:55:13,2026-09-03T23:50,20903,調布南口店,満席,4,FULL,0
2026-09-03T23:55:13,2026-09-03T23:50,20895,登戸駅前店,満席,4,FULL,0
2026-09-03T23:55:13,2026-09-03T23:50,20391,百合ヶ丘店,残1席,1,AVAILABLE,1
2026-09-03T23:55:13,2026-09-03T23:50,20332,横浜北山田店,残4席,1,AVAILABLE,4
2026-09-04T00:01:18,2026-09-03T23:50,20903,調布南口店,満席,4,FULL,0
2026-09-04T00:01:18,2026-09-03T23:50,20895,登戸駅前店,満席,4,FULL,0
2026-09-04T00:01:18,2026-09-03T23:50,20391,百合ヶ丘店,残1席,1,AVAILABLE,1
2026-09-04T00:01:18,2026-09-03T23:50,20332,横浜北山田店,残4席,1,AVAILABLE,4
2026-09-04T00:22:08,2026-09-04T00:20,20903,調布南口店,満席,4,FULL,0
2026-09-04T00:22:08,2026-09-04T00:20,20895,登戸駅前店,満席,4,FULL,0
2026-09-04T00:22:08,2026-09-04T00:20,20391,百合ヶ丘店,残1席,1,AVAILABLE,1
2026-09-04T00:22:08,2026-09-04T00:20,20332,横浜北山田店,残6席,1,AVAILABLE,6
2026-09-04T00:34:40,2026-09-04T00:30,20903,調布南口店,満席,4,FULL,0
2026-09-04T00:34:40,2026-09-04T00:30,20895,登戸駅前店,満席,4,FULL,0
2026-09-04T00:34:40,2026-09-04T00:30,20391,百合ヶ丘店,残2席,1,AVAILABLE,2
2026-09-04T00:34:40,2026-09-04T00:30,20332,横浜北山田店,残4席,1,AVAILABLE,4
2026-09-04T00:44:47,2026-09-04T00:40,20903,調布南口店,満席,4,FULL,0
2026-09-04T00:44:47,2026-09-04T00:40,20895,登戸駅前店,満席,4,FULL,0
2026-09-04T00:44:47,2026-09-04T00:40,20391,百合ヶ丘店,残2席,1,AVAILABLE,2
2026-09-04T00:44:47,2026-09-04T00:40,20332,横浜北山田店,残4席,1,AVAILABLE,4
2026-09-04T00:52:13,2026-09-04T00:50,20903,調布南口店,満席,4,FULL,0
2026-09-04T00:52:13,2026-09-04T00:50,20895,登戸駅前店,満席,4,FULL,0
2026-09-04T00:52:13,2026-09-04T00:50,20391,百合ヶ丘店,残2席,1,AVAILABLE,2
2026-09-04T00:52:13,2026-09-04T00:50,20332,横浜北山田店,残6席,1,AVAILABLE,6
2026-09-04T01:01:07,2026-09-04T00:50,20903,調布南口店,満席,4,FULL,0
2026-09-04T01:01:07,2026-09-04T00:50,20895,登戸駅前店,満席,4,FULL,0
2026-09-04T01:01:07,2026-09-04T00:50,20391,百合ヶ丘店,残2席,1,AVAILABLE,2
2026-09-04T01:01:07,2026-09-04T00:50,20332,横浜北山田店,残6席,1,AVAILABLE,6
2026-09-04T01:19:44,2026-09-04T01:10,20903,調布南口店,満席,4,FULL,0
2026-09-04T01:19:44,2026-09-04T01:10,20895,登戸駅前店,満席,4,FULL,0
2026-09-04T01:19:44,2026-09-04T01:10,20391,百合ヶ丘店,残1席,1,AVAILABLE,1
2026-09-04T01:19:44,2026-09-04T01:10,20332,横浜北山田店,残2席,1,AVAILABLE,2
2026-09-04T01:31:10,2026-09-04T01:20,20903,調布南口店,満席,4,FULL,0
2026-09-04T01:31:10,2026-09-04T01:20,20895,登戸駅前店,満席,4,FULL,0
2026-09-04T01:31:10,2026-09-04T01:20,20391,百合ヶ丘店,残1席,1,AVAILABLE,1
2026-09-04T01:31:10,2026-09-04T01:20,20332,横浜北山田店,残2席,1,AVAILABLE,2
2026-09-04T01:45:32,2026-09-04T01:40,20903,調布南口店,残1席,1,AVAILABLE,1
2026-09-04T01:45:32,2026-09-04T01:40,20895,登戸駅前店,満席,4,FULL,0
2026-09-04T01:45:32,2026-09-04T01:40,20391,百合ヶ丘店,残1席,1,AVAILABLE,1
2026-09-04T01:45:32,2026-09-04T01:40,20332,横浜北山田店,残5席,1,AVAILABLE,5
2026-09-04T01:53:37,2026-09-04T01:50,20903,調布南口店,残1席,1,AVAILABLE,1
2026-09-04T01:53:37,2026-09-04T01:50,20895,登戸駅前店,残1席,1,AVAILABLE,1
2026-09-04T01:53:37,2026-09-04T01:50,20391,百合ヶ丘店,残1席,1,AVAILABLE,1
2026-09-04T01:53:37,2026-09-04T01:50,20332,横浜北山田店,残5席,1,AVAILABLE,5
2026-09-04T02:01:15,2026-09-04T01:50,20903,調布南口店,残1席,1,AVAILABLE,1
2026-09-04T02:01:15,2026-09-04T01:50,20895,登戸駅前店,残1席,1,AVAILABLE,1
2026-09-04T02:01:15,2026-09-04T01:50,20391,百合ヶ丘店,残1席,1,AVAILABLE,1
2026-09-04T02:01:15,2026-09-04T01:50,20332,横浜北山田店,残5席,1,AVAILABLE,5
2026-09-04T02:17:51,2026-09-04T02:10,20903,調布南口店,満席,4,FULL,0
2026-09-04T02:17:51,2026-09-04T02:10,20895,登戸駅前店,残1席,1,AVAILABLE,1
2026-09-04T02:17:51,2026-09-04T02:10,20391,百合ヶ丘店,残2席,1,AVAILABLE,2
2026-09-04T02:17:51,2026-09-04T02:10,20332,横浜北山田店,残5席,1,AVAILABLE,5
2026-09-04T02:28:25,2026-09-04T02:20,20903,調布南口店,満席,4,FULL,0
2026-09-04T02:28:25,2026-09-04T02:20,20895,登戸駅前店,残1席,1,AVAILABLE,1
2026-09-04T02:28:25,2026-09-04T02:20,20391,百合ヶ丘店,残2席,1,AVAILABLE,2
2026-09-04T02:28:25,2026-09-04T02:20,20332,横浜北山田店,残5席,1,AVAILABLE,5
2026-09-04T02:38:28,2026-09-04T02:30,20903,調布南口店,満席,4,FULL,0
2026-09-04T02:38:28,2026-09-04T02:30,20895,登戸駅前店,残2席,1,AVAILABLE,2
2026-09-04T02:38:28,2026-09-04T02:30,20391,百合ヶ丘店,残2席,1,AVAILABLE,2
2026-09-04T02:38:28,2026-09-04T02:30,20332,横浜北山田店,残6席,1,AVAILABLE,6
2026-09-04T02:47:24,2026-09-04T02:40,20903,調布南口店,満席,4,FULL,0
2026-09-04T02:47:24,2026-09-04T02:40,20895,登戸駅前店,残2席,1,AVAILABLE,2
2026-09-04T02:47:24,2026-09-04T02:40,20391,百合ヶ丘店,残2席,1,AVAILABLE,2
2026-09-04T02:47:24,2026-09-04T02:40,20332,横浜北山田店,残8席,1,AVAILABLE,8
2026-09-04T02:54:38,2026-09-04T02:50,20903,調布南口店,満席,4,FULL,0
2026-09-04T02:54:38,2026-09-04T02:50,20895,登戸駅前店,残2席,1,AVAILABLE,2
2026-09-04T02:54:38,2026-09-04T02:50,20391,百合ヶ丘店,残2席,1,AVAILABLE,2
2026-09-04T02:54:38,2026-09-04T02:50,20332,横浜北山田店,残8席,1,AVAILABLE,8
2026-09-04T03:01:07,2026-09-04T02:50,20903,調布南口店,満席,4,FULL,0
2026-09-04T03:01:07,2026-09-04T02:50,20895,登戸駅前店,残2席,1,AVAILABLE,2
2026-09-04T03:01:07,2026-09-04T02:50,20391,百合ヶ丘店,残2席,1,AVAILABLE,2
2026-09-04T03:01:07,2026-09-04T02:50,20332,横浜北山田店,残8席,1,AVAILABLE,8
2026-09-04T03:21:59,2026-09-04T03:10,20903,調布南口店,残1席,1,AVAILABLE,1
2026-09-04T03:21:59,2026-09-04T03:10,20895,登戸駅前店,残1席,1,AVAILABLE,1
2026-09-04T03:21:59,2026-09-04T03:10,20391,百合ヶ丘店,残2席,1,AVAILABLE,2
2026-09-04T03:21:59,2026-09-04T03:10,20332,横浜北山田店,残8席,1,AVAILABLE,8
2026-09-04T03:36:56,2026-09-04T03:30,20903,調布南口店,残1席,1,AVAILABLE,1
2026-09-04T03:36:56,2026-09-04T03:30,20895,登戸駅前店,満席,4,FULL,0
2026-09-04T03:36:56,2026-09-04T03:30,20391,百合ヶ丘店,残2席,1,AVAILABLE,2
2026-09-04T03:36:56,2026-09-04T03:30,20332,横浜北山田店,残8席,1,AVAILABLE,8
2026-09-04T03:48:43,2026-09-04T03:40,20903,調布南口店,残1席,1,AVAILABLE,1
2026-09-04T03:48:43,2026-09-04T03:40,20895,登戸駅前店,満席,4,FULL,0
2026-09-04T03:48:43,2026-09-04T03:40,20391,百合ヶ丘店,残2席,1,AVAILABLE,2
2026-09-04T03:48:43,2026-09-04T03:40,20332,横浜北山田店,残8席,1,AVAILABLE,8
2026-09-04T03:56:08,2026-09-04T03:50,20903,調布南口店,残1席,1,AVAILABLE,1
2026-09-04T03:56:08,2026-09-04T03:50,20895,登戸駅前店,満席,4,FULL,0
2026-09-04T03:56:08,2026-09-04T03:50,20391,百合ヶ丘店,残2席,1,AVAILABLE,2
2026-09-04T03:56:08,2026-09-04T03:50,20332,横浜北山田店,残8席,1,AVAILABLE,8
2026-09-04T04:02:55,2026-09-04T04:00,20903,調布南口店,残1席,1,AVAILABLE,1
2026-09-04T04:02:55,2026-09-04T04:00,20895,登戸駅前店,満席,4,FULL,0
2026-09-04T04:02:55,2026-09-04T04:00,20391,百合ヶ丘店,残2席,1,AVAILABLE,2
2026-09-04T04:02:55,2026-09-04T04:00,20332,横浜北山田店,残10席以上,1,AVAILABLE,10
2026-09-04T04:16:11,2026-09-04T04:10,20903,調布南口店,残1席,1,AVAILABLE,1
2026-09-04T04:16:11,2026-09-04T04:10,20895,登戸駅前店,満席,4,FULL,0
2026-09-04T04:16:11,2026-09-04T04:10,20391,百合ヶ丘店,残2席,1,AVAILABLE,2
2026-09-04T04:16:11,2026-09-04T04:10,20332,横浜北山田店,残10席以上,1,AVAILABLE,10
2026-09-04T04:23:56,2026-09-04T04:20,20903,調布南口店,残1席,1,AVAILABLE,1
2026-09-04T04:23:56,2026-09-04T04:20,20895,登戸駅前店,満席,4,FULL,0
2026-09-04T04:23:56,2026-09-04T04:20,20391,百合ヶ丘店,残4席,1,AVAILABLE,4
2026-09-04T04:23:56,2026-09-04T04:20,20332,横浜北山田店,残10席以上,1,AVAILABLE,10
2026-09-04T04:30:58,2026-09-04T04:20,20903,調布南口店,残1席,1,AVAILABLE,1
2026-09-04T04:30:58,2026-09-04T04:20,20895,登戸駅前店,満席,4,FULL,0
2026-09-04T04:30:58,2026-09-04T04:20,20391,百合ヶ丘店,残4席,1,AVAILABLE,4
2026-09-04T04:30:58,2026-09-04T04:20,20332,横浜北山田店,残10席以上,1,AVAILABLE,10
2026-09-04T04:41:06,2026-09-04T04:30,20903,調布南口店,残1席,1,AVAILABLE,1
2026-09-04T04:41:06,2026-09-04T04:30,20895,登戸駅前店,満席,4,FULL,0
2026-09-04T04:41:06,2026-09-04T04:30,20391,百合ヶ丘店,残4席,1,AVAILABLE,4
2026-09-04T04:41:06,2026-09-04T04:30,20332,横浜北山田店,残10席以上,1,AVAILABLE,10
2026-09-04T04:51:05,2026-09-04T04:40,20903,調布南口店,残1席,1,AVAILABLE,1
2026-09-04T04:51:05,2026-09-04T04:40,20895,登戸駅前店,満席,4,FULL,0
2026-09-04T04:51:05,2026-09-04T04:40,20391,百合ヶ丘店,残4席,1,AVAILABLE,4
2026-09-04T04:51:05,2026-09-04T04:40,20332,横浜北山田店,残10席以上,1,AVAILABLE,10
2026-09-04T05:00:52,2026-09-04T04:50,20903,調布南口店,残1席,1,AVAILABLE,1
2026-09-04T05:00:52,2026-09-04T04:50,20895,登戸駅前店,満席,4,FULL,0
2026-09-04T05:00:52,2026-09-04T04:50,20391,百合ヶ丘店,残4席,1,AVAILABLE,4
2026-09-04T05:00:52,2026-09-04T04:50,20332,横浜北山田店,残10席以上,1,AVAILABLE,10
2026-09-04T05:17:35,2026-09-04T05:10,20903,調布南口店,残1席,1,AVAILABLE,1
2026-09-04T05:17:35,2026-09-04T05:10,20895,登戸駅前店,残1席,1,AVAILABLE,1
2026-09-04T05:17:35,2026-09-04T05:10,20391,百合ヶ丘店,残4席,1,AVAILABLE,4
2026-09-04T05:17:35,2026-09-04T05:10,20332,横浜北山田店,残10席以上,1,AVAILABLE,10
2026-09-04T05:27:48,2026-09-04T05:20,20903,調布南口店,残1席,1,AVAILABLE,1
2026-09-04T05:27:48,2026-09-04T05:20,20895,登戸駅前店,残1席,1,AVAILABLE,1
2026-09-04T05:27:48,2026-09-04T05:20,20391,百合ヶ丘店,残4席,1,AVAILABLE,4
2026-09-04T05:27:48,2026-09-04T05:20,20332,横浜北山田店,残10席以上,1,AVAILABLE,10
2026-09-04T05:37:16,2026-09-04T05:30,20903,調布南口店,残1席,1,AVAILABLE,1
2026-09-04T05:37:16,2026-09-04T05:30,20895,登戸駅前店,満席,4,FULL,0
2026-09-04T05:37:16,2026-09-04T05:30,20391,百合ヶ丘店,残4席,1,AVAILABLE,4
2026-09-04T05:37:16,2026-09-04T05:30,20332,横浜北山田店,残10席以上,1,AVAILABLE,10
2026-09-04T05:44:17,2026-09-04T05:40,20903,調布南口店,残1席,1,AVAILABLE,1
2026-09-04T05:44:17,2026-09-04T05:40,20895,登戸駅前店,満席,4,FULL,0
2026-09-04T05:44:17,2026-09-04T05:40,20391,百合ヶ丘店,残3席,1,AVAILABLE,3
2026-09-04T05:44:17,2026-09-04T05:40,20332,横浜北山田店,残10席以上,1,AVAILABLE,10
2026-09-04T05:51:04,2026-09-04T05:40,20903,調布南口店,残1席,1,AVAILABLE,1
2026-09-04T05:51:04,2026-09-04T05:40,20895,登戸駅前店,満席,4,FULL,0
2026-09-04T05:51:04,2026-09-04T05:40,20391,百合ヶ丘店,残3席,1,AVAILABLE,3
2026-09-04T05:51:04,2026-09-04T05:40,20332,横浜北山田店,残10席以上,1,AVAILABLE,10
2026-09-04T06:01:16,2026-09-04T05:50,20903,調布南口店,残2席,1,AVAILABLE,2
2026-09-04T06:01:16,2026-09-04T05:50,20895,登戸駅前店,満席,4,FULL,0
2026-09-04T06:01:16,2026-09-04T05:50,20391,百合ヶ丘店,残2席,1,AVAILABLE,2
2026-09-04T06:01:16,2026-09-04T05:50,20332,横浜北山田店,残10席以上,1,AVAILABLE,10
2026-09-04T06:17:59,2026-09-04T06:10,20903,調布南口店,残2席,1,AVAILABLE,2
2026-09-04T06:17:59,2026-09-04T06:10,20895,登戸駅前店,残1席,1,AVAILABLE,1
2026-09-04T06:17:59,2026-09-04T06:10,20391,百合ヶ丘店,残2席,1,AVAILABLE,2
2026-09-04T06:17:59,2026-09-04T06:10,20332,横浜北山田店,残10席以上,1,AVAILABLE,10
2026-09-04T06:27:27,2026-09-04T06:20,20903,調布南口店,残3席,1,AVAILABLE,3
2026-09-04T06:27:27,2026-09-04T06:20,20895,登戸駅前店,残2席,1,AVAILABLE,2
2026-09-04T06:27:27,2026-09-04T06:20,20391,百合ヶ丘店,残2席,1,AVAILABLE,2
2026-09-04T06:27:27,2026-09-04T06:20,20332,横浜北山田店,残10席以上,1,AVAILABLE,10
2026-09-04T06:35:02,2026-09-04T06:30,20903,調布南口店,残3席,1,AVAILABLE,3
2026-09-04T06:35:02,2026-09-04T06:30,20895,登戸駅前店,残2席,1,AVAILABLE,2
2026-09-04T06:35:02,2026-09-04T06:30,20391,百合ヶ丘店,残2席,1,AVAILABLE,2
2026-09-04T06:35:02,2026-09-04T06:30,20332,横浜北山田店,残10席以上,1,AVAILABLE,10
2026-09-04T06:42:23,2026-09-04T06:40,20903,調布南口店,残3席,1,AVAILABLE,3
2026-09-04T06:42:23,2026-09-04T06:40,20895,登戸駅前店,残2席,1,AVAILABLE,2
2026-09-04T06:42:23,2026-09-04T06:40,20391,百合ヶ丘店,残2席,1,AVAILABLE,2
2026-09-04T06:42:23,2026-09-04T06:40,20332,横浜北山田店,残10席以上,1,AVAILABLE,10
2026-09-04T06:50:43,2026-09-04T06:40,20903,調布南口店,残3席,1,AVAILABLE,3
2026-09-04T06:50:43,2026-09-04T06:40,20895,登戸駅前店,残2席,1,AVAILABLE,2
2026-09-04T06:50:43,2026-09-04T06:40,20391,百合ヶ丘店,残2席,1,AVAILABLE,2
2026-09-04T06:50:43,2026-09-04T06:40,20332,横浜北山田店,残10席以上,1,AVAILABLE,10
2026-09-04T07:01:06,2026-09-04T06:50,20903,調布南口店,残3席,1,AVAILABLE,3
2026-09-04T07:01:06,2026-09-04T06:50,20895,登戸駅前店,残3席,1,AVAILABLE,3
2026-09-04T07:01:06,2026-09-04T06:50,20391,百合ヶ丘店,残2席,1,AVAILABLE,2
2026-09-04T07:01:06,2026-09-04T06:50,20332,横浜北山田店,残10席以上,1,AVAILABLE,10
2026-09-04T07:17:41,2026-09-04T07:10,20903,調布南口店,残3席,1,AVAILABLE,3
2026-09-04T07:17:41,2026-09-04T07:10,20895,登戸駅前店,残3席,1,AVAILABLE,3
2026-09-04T07:17:41,2026-09-04T07:10,20391,百合ヶ丘店,残2席,1,AVAILABLE,2
2026-09-04T07:17:41,2026-09-04T07:10,20332,横浜北山田店,残10席以上,1,AVAILABLE,10
2026-09-04T07:26:57,2026-09-04T07:20,20903,調布南口店,残3席,1,AVAILABLE,3
2026-09-04T07:26:57,2026-09-04T07:20,20895,登戸駅前店,残3席,1,AVAILABLE,3
2026-09-04T07:26:57,2026-09-04T07:20,20391,百合ヶ丘店,残2席,1,AVAILABLE,2
2026-09-04T07:26:57,2026-09-04T07:20,20332,横浜北山田店,残10席以上,1,AVAILABLE,10
2026-09-04T07:34:01,2026-09-04T07:30,20903,調布南口店,残3席,1,AVAILABLE,3
2026-09-04T07:34:01,2026-09-04T07:30,20895,登戸駅前店,残3席,1,AVAILABLE,3
2026-09-04T07:34:01,2026-09-04T07:30,20391,百合ヶ丘店,残2席,1,AVAILABLE,2
2026-09-04T07:34:01,2026-09-04T07:30,20332,横浜北山田店,残10席以上,1,AVAILABLE,10
2026-09-04T07:41:17,2026-09-04T07:30,20903,調布南口店,残3席,1,AVAILABLE,3
2026-09-04T07:41:17,2026-09-04T07:30,20895,登戸駅前店,残3席,1,AVAILABLE,3
2026-09-04T07:41:17,2026-09-04T07:30,20391,百合ヶ丘店,残2席,1,AVAILABLE,2
2026-09-04T07:41:17,2026-09-04T07:30,20332,横浜北山田店,残10席以上,1,AVAILABLE,10
2026-09-04T07:50:56,2026-09-04T07:40,20903,調布南口店,残3席,1,AVAILABLE,3
2026-09-04T07:50:56,2026-09-04T07:40,20895,登戸駅前店,残3席,1,AVAILABLE,3
2026-09-04T07:50:56,2026-09-04T07:40,20391,百合ヶ丘店,残2席,1,AVAILABLE,2
2026-09-04T07:50:56,2026-09-04T07:40,20332,横浜北山田店,残10席以上,1,AVAILABLE,10
2026-09-04T08:00:44,2026-09-04T07:50,20903,調布南口店,残3席,1,AVAILABLE,3
2026-09-04T08:00:44,2026-09-04T07:50,20895,登戸駅前店,残3席,1,AVAILABLE,3
2026-09-04T08:00:44,2026-09-04T07:50,20391,百合ヶ丘店,残2席,1,AVAILABLE,2
2026-09-04T08:00:44,2026-09-04T07:50,20332,横浜北山田店,残10席以上,1,AVAILABLE,10
2026-09-04T08:16:03,2026-09-04T08:10,20903,調布南口店,残3席,1,AVAILABLE,3
2026-09-04T08:16:03,2026-09-04T08:10,20895,登戸駅前店,残3席,1,AVAILABLE,3
2026-09-04T08:16:03,2026-09-04T08:10,20391,百合ヶ丘店,残2席,1,AVAILABLE,2
2026-09-04T08:16:03,2026-09-04T08:10,20332,横浜北山田店,残10席以上,1,AVAILABLE,10
2026-09-04T08:23:39,2026-09-04T08:20,20903,調布南口店,残4席,1,AVAILABLE,4
2026-09-04T08:23:39,2026-09-04T08:20,20895,登戸駅前店,残3席,1,AVAILABLE,3
2026-09-04T08:23:39,2026-09-04T08:20,20391,百合ヶ丘店,残2席,1,AVAILABLE,2
2026-09-04T08:23:39,2026-09-04T08:20,20332,横浜北山田店,残10席以上,1,AVAILABLE,10
2026-09-04T08:31:06,2026-09-04T08:20,20903,調布南口店,残4席,1,AVAILABLE,4
2026-09-04T08:31:06,2026-09-04T08:20,20895,登戸駅前店,残3席,1,AVAILABLE,3
2026-09-04T08:31:06,2026-09-04T08:20,20391,百合ヶ丘店,残2席,1,AVAILABLE,2
2026-09-04T08:31:06,2026-09-04T08:20,20332,横浜北山田店,残10席以上,1,AVAILABLE,10
2026-09-04T08:42:23,2026-09-04T08:40,20903,調布南口店,残4席,1,AVAILABLE,4
2026-09-04T08:42:23,2026-09-04T08:40,20895,登戸駅前店,残4席,1,AVAILABLE,4
2026-09-04T08:42:23,2026-09-04T08:40,20391,百合ヶ丘店,残2席,1,AVAILABLE,2
2026-09-04T08:42:23,2026-09-04T08:40,20332,横浜北山田店,残10席以上,1,AVAILABLE,10
2026-09-04T08:50:58,2026-09-04T08:40,20903,調布南口店,残4席,1,AVAILABLE,4
2026-09-04T08:50:58,2026-09-04T08:40,20895,登戸駅前店,残4席,1,AVAILABLE,4
2026-09-04T08:50:58,2026-09-04T08:40,20391,百合ヶ丘店,残2席,1,AVAILABLE,2
2026-09-04T08:50:58,2026-09-04T08:40,20332,横浜北山田店,残10席以上,1,AVAILABLE,10
2026-09-04T09:01:27,2026-09-04T08:50,20903,調布南口店,残4席,1,AVAILABLE,4
2026-09-04T09:01:27,2026-09-04T08:50,20895,登戸駅前店,残4席,1,AVAILABLE,4
2026-09-04T09:01:27,2026-09-04T08:50,20391,百合ヶ丘店,残2席,1,AVAILABLE,2
2026-09-04T09:01:27,2026-09-04T08:50,20332,横浜北山田店,残10席以上,1,AVAILABLE,10
2026-09-04T09:26:46,2026-09-04T09:20,20903,調布南口店,残4席,1,AVAILABLE,4
2026-09-04T09:26:46,2026-09-04T09:20,20895,登戸駅前店,残4席,1,AVAILABLE,4
2026-09-04T09:26:46,2026-09-04T09:20,20391,百合ヶ丘店,残3席,1,AVAILABLE,3
2026-09-04T09:26:46,2026-09-04T09:20,20332,横浜北山田店,残10席以上,1,AVAILABLE,10
2026-09-04T09:40:27,2026-09-04T09:30,20903,調布南口店,残4席,1,AVAILABLE,4
2026-09-04T09:40:27,2026-09-04T09:30,20895,登戸駅前店,残3席,1,AVAILABLE,3
2026-09-04T09:40:27,2026-09-04T09:30,20391,百合ヶ丘店,残3席,1,AVAILABLE,3
2026-09-04T09:40:27,2026-09-04T09:30,20332,横浜北山田店,残10席以上,1,AVAILABLE,10
2026-09-04T09:54:35,2026-09-04T09:50,20903,調布南口店,残3席,1,AVAILABLE,3
2026-09-04T09:54:35,2026-09-04T09:50,20895,登戸駅前店,残3席,1,AVAILABLE,3
2026-09-04T09:54:35,2026-09-04T09:50,20391,百合ヶ丘店,残4席,1,AVAILABLE,4
2026-09-04T09:54:35,2026-09-04T09:50,20332,横浜北山田店,残10席以上,1,AVAILABLE,10
2026-09-04T10:00:54,2026-09-04T09:50,20903,調布南口店,残3席,1,AVAILABLE,3
2026-09-04T10:00:54,2026-09-04T09:50,20895,登戸駅前店,残3席,1,AVAILABLE,3
2026-09-04T10:00:54,2026-09-04T09:50,20391,百合ヶ丘店,残4席,1,AVAILABLE,4
2026-09-04T10:00:54,2026-09-04T09:50,20332,横浜北山田店,残10席以上,1,AVAILABLE,10
2026-09-04T10:14:58,2026-09-04T10:10,20903,調布南口店,残2席,1,AVAILABLE,2
2026-09-04T10:14:58,2026-09-04T10:10,20895,登戸駅前店,残1席,1,AVAILABLE,1
2026-09-04T10:14:58,2026-09-04T10:10,20391,百合ヶ丘店,残4席,1,AVAILABLE,4
2026-09-04T10:14:58,2026-09-04T10:10,20332,横浜北山田店,残9席,1,AVAILABLE,9
2026-09-04T10:23:13,2026-09-04T10:20,20903,調布南口店,残2席,1,AVAILABLE,2
2026-09-04T10:23:13,2026-09-04T10:20,20895,登戸駅前店,残1席,1,AVAILABLE,1
2026-09-04T10:23:13,2026-09-04T10:20,20391,百合ヶ丘店,残4席,1,AVAILABLE,4
2026-09-04T10:23:13,2026-09-04T10:20,20332,横浜北山田店,残9席,1,AVAILABLE,9
2026-09-04T10:31:52,2026-09-04T10:20,20903,調布南口店,残2席,1,AVAILABLE,2
2026-09-04T10:31:52,2026-09-04T10:20,20895,登戸駅前店,残1席,1,AVAILABLE,1
2026-09-04T10:31:52,2026-09-04T10:20,20391,百合ヶ丘店,残4席,1,AVAILABLE,4
2026-09-04T10:31:52,2026-09-04T10:20,20332,横浜北山田店,残9席,1,AVAILABLE,9
2026-09-04T10:44:04,2026-09-04T10:40,20903,調布南口店,残1席,1,AVAILABLE,1
2026-09-04T10:44:04,2026-09-04T10:40,20895,登戸駅前店,残1席,1,AVAILABLE,1
2026-09-04T10:44:04,2026-09-04T10:40,20391,百合ヶ丘店,残4席,1,AVAILABLE,4
2026-09-04T10:44:04,2026-09-04T10:40,20332,横浜北山田店,残9席,1,AVAILABLE,9
2026-09-04T10:51:57,2026-09-04T10:40,20903,調布南口店,残1席,1,AVAILABLE,1
2026-09-04T10:51:57,2026-09-04T10:40,20895,登戸駅前店,残1席,1,AVAILABLE,1
2026-09-04T10:51:57,2026-09-04T10:40,20391,百合ヶ丘店,残4席,1,AVAILABLE,4
2026-09-04T10:51:57,2026-09-04T10:40,20332,横浜北山田店,残9席,1,AVAILABLE,9
2026-09-04T11:00:56,2026-09-04T10:50,20903,調布南口店,残1席,1,AVAILABLE,1
2026-09-04T11:00:56,2026-09-04T10:50,20895,登戸駅前店,残1席,1,AVAILABLE,1
2026-09-04T11:00:56,2026-09-04T10:50,20391,百合ヶ丘店,残4席,1,AVAILABLE,4
2026-09-04T11:00:56,2026-09-04T10:50,20332,横浜北山田店,残9席,1,AVAILABLE,9
2026-09-04T11:18:18,2026-09-04T11:10,20903,調布南口店,満席,4,FULL,0
2026-09-04T11:18:18,2026-09-04T11:10,20895,登戸駅前店,残1席,1,AVAILABLE,1
2026-09-04T11:18:18,2026-09-04T11:10,20391,百合ヶ丘店,残3席,1,AVAILABLE,3
2026-09-04T11:18:18,2026-09-04T11:10,20332,横浜北山田店,残9席,1,AVAILABLE,9
2026-09-04T11:28:25,2026-09-04T11:20,20903,調布南口店,満席,4,FULL,0
2026-09-04T11:28:25,2026-09-04T11:20,20895,登戸駅前店,残1席,1,AVAILABLE,1
2026-09-04T11:28:25,2026-09-04T11:20,20391,百合ヶ丘店,残2席,1,AVAILABLE,2
2026-09-04T11:28:25,2026-09-04T11:20,20332,横浜北山田店,残10席以上,1,AVAILABLE,10
2026-09-04T11:37:27,2026-09-04T11:30,20903,調布南口店,満席,4,FULL,0
2026-09-04T11:37:27,2026-09-04T11:30,20895,登戸駅前店,残1席,1,AVAILABLE,1
2026-09-04T11:37:27,2026-09-04T11:30,20391,百合ヶ丘店,残2席,1,AVAILABLE,2
2026-09-04T11:37:27,2026-09-04T11:30,20332,横浜北山田店,残10席以上,1,AVAILABLE,10
2026-09-04T11:45:33,2026-09-04T11:40,20903,調布南口店,満席,4,FULL,0
2026-09-04T11:45:33,2026-09-04T11:40,20895,登戸駅前店,残1席,1,AVAILABLE,1
2026-09-04T11:45:33,2026-09-04T11:40,20391,百合ヶ丘店,残2席,1,AVAILABLE,2
2026-09-04T11:45:33,2026-09-04T11:40,20332,横浜北山田店,残10席以上,1,AVAILABLE,10
2026-09-04T11:52:38,2026-09-04T11:50,20903,調布南口店,満席,4,FULL,0
2026-09-04T11:52:38,2026-09-04T11:50,20895,登戸駅前店,残1席,1,AVAILABLE,1
2026-09-04T11:52:38,2026-09-04T11:50,20391,百合ヶ丘店,残2席,1,AVAILABLE,2
2026-09-04T11:52:38,2026-09-04T11:50,20332,横浜北山田店,残10席以上,1,AVAILABLE,10
2026-09-04T12:01:10,2026-09-04T11:50,20903,調布南口店,満席,4,FULL,0
2026-09-04T12:01:10,2026-09-04T11:50,20895,登戸駅前店,残1席,1,AVAILABLE,1
2026-09-04T12:01:10,2026-09-04T11:50,20391,百合ヶ丘店,残2席,1,AVAILABLE,2
2026-09-04T12:01:10,2026-09-04T11:50,20332,横浜北山田店,残10席以上,1,AVAILABLE,10
2026-09-04T12:18:31,2026-09-04T12:10,20903,調布南口店,満席,4,FULL,0
2026-09-04T12:18:31,2026-09-04T12:10,20895,登戸駅前店,残1席,1,AVAILABLE,1
2026-09-04T12:18:31,2026-09-04T12:10,20391,百合ヶ丘店,残1席,1,AVAILABLE,1
2026-09-04T12:18:31,2026-09-04T12:10,20332,横浜北山田店,残10席以上,1,AVAILABLE,10
2026-09-04T12:29:06,2026-09-04T12:20,20903,調布南口店,満席,4,FULL,0
2026-09-04T12:29:06,2026-09-04T12:20,20895,登戸駅前店,残1席,1,AVAILABLE,1
2026-09-04T12:29:06,2026-09-04T12:20,20391,百合ヶ丘店,残1席,1,AVAILABLE,1
2026-09-04T12:29:06,2026-09-04T12:20,20332,横浜北山田店,残10席以上,1,AVAILABLE,10
2026-09-04T12:38:42,2026-09-04T12:30,20903,調布南口店,満席,4,FULL,0
2026-09-04T12:38:42,2026-09-04T12:30,20895,登戸駅前店,残1席,1,AVAILABLE,1
2026-09-04T12:38:42,2026-09-04T12:30,20391,百合ヶ丘店,残1席,1,AVAILABLE,1
2026-09-04T12:38:42,2026-09-04T12:30,20332,横浜北山田店,残10席以上,1,AVAILABLE,10
2026-09-04T12:46:30,2026-09-04T12:40,20903,調布南口店,残1席,1,AVAILABLE,1
2026-09-04T12:46:30,2026-09-04T12:40,20895,登戸駅前店,満席,4,FULL,0
2026-09-04T12:46:30,2026-09-04T12:40,20391,百合ヶ丘店,残1席,1,AVAILABLE,1
2026-09-04T12:46:30,2026-09-04T12:40,20332,横浜北山田店,残10席以上,1,AVAILABLE,10
2026-09-04T12:52:59,2026-09-04T12:50,20903,調布南口店,残2席,1,AVAILABLE,2
2026-09-04T12:52:59,2026-09-04T12:50,20895,登戸駅前店,満席,4,FULL,0
2026-09-04T12:52:59,2026-09-04T12:50,20391,百合ヶ丘店,残1席,1,AVAILABLE,1
2026-09-04T12:52:59,2026-09-04T12:50,20332,横浜北山田店,残10席以上,1,AVAILABLE,10
2026-09-04T13:01:11,2026-09-04T12:50,20903,調布南口店,残2席,1,AVAILABLE,2
2026-09-04T13:01:11,2026-09-04T12:50,20895,登戸駅前店,満席,4,FULL,0
2026-09-04T13:01:11,2026-09-04T12:50,20391,百合ヶ丘店,残1席,1,AVAILABLE,1
2026-09-04T13:01:11,2026-09-04T12:50,20332,横浜北山田店,残10席以上,1,AVAILABLE,10
2026-09-04T13:18:42,2026-09-04T13:10,20903,調布南口店,残2席,1,AVAILABLE,2
2026-09-04T13:18:42,2026-09-04T13:10,20895,登戸駅前店,残2席,1,AVAILABLE,2
2026-09-04T13:18:42,2026-09-04T13:10,20391,百合ヶ丘店,残1席,1,AVAILABLE,1
2026-09-04T13:18:42,2026-09-04T13:10,20332,横浜北山田店,残10席以上,1,AVAILABLE,10
2026-09-04T13:29:37,2026-09-04T13:20,20903,調布南口店,残2席,1,AVAILABLE,2
2026-09-04T13:29:37,2026-09-04T13:20,20895,登戸駅前店,残2席,1,AVAILABLE,2
2026-09-04T13:29:37,2026-09-04T13:20,20391,百合ヶ丘店,残1席,1,AVAILABLE,1
2026-09-04T13:29:37,2026-09-04T13:20,20332,横浜北山田店,残8席,1,AVAILABLE,8
2026-09-04T13:40:12,2026-09-04T13:30,20903,調布南口店,残1席,1,AVAILABLE,1
2026-09-04T13:40:12,2026-09-04T13:30,20895,登戸駅前店,残2席,1,AVAILABLE,2
2026-09-04T13:40:12,2026-09-04T13:30,20391,百合ヶ丘店,満席,4,FULL,0
2026-09-04T13:40:12,2026-09-04T13:30,20332,横浜北山田店,残6席,1,AVAILABLE,6
2026-09-04T13:52:14,2026-09-04T13:50,20903,調布南口店,満席,4,FULL,0
2026-09-04T13:52:14,2026-09-04T13:50,20895,登戸駅前店,残1席,1,AVAILABLE,1
2026-09-04T13:52:14,2026-09-04T13:50,20391,百合ヶ丘店,満席,4,FULL,0
2026-09-04T13:52:14,2026-09-04T13:50,20332,横浜北山田店,残4席,1,AVAILABLE,4
2026-09-04T14:00:45,2026-09-04T13:50,20903,調布南口店,満席,4,FULL,0
2026-09-04T14:00:45,2026-09-04T13:50,20895,登戸駅前店,残1席,1,AVAILABLE,1
2026-09-04T14:00:45,2026-09-04T13:50,20391,百合ヶ丘店,満席,4,FULL,0
2026-09-04T14:00:45,2026-09-04T13:50,20332,横浜北山田店,残4席,1,AVAILABLE,4
2026-09-04T14:17:44,2026-09-04T14:10,20903,調布南口店,残1席,1,AVAILABLE,1
2026-09-04T14:17:44,2026-09-04T14:10,20895,登戸駅前店,残2席,1,AVAILABLE,2
2026-09-04T14:17:44,2026-09-04T14:10,20391,百合ヶ丘店,満席,4,FULL,0
2026-09-04T14:17:44,2026-09-04T14:10,20332,横浜北山田店,残5席,1,AVAILABLE,5
2026-09-04T14:27:27,2026-09-04T14:20,20903,調布南口店,残1席,1,AVAILABLE,1
2026-09-04T14:27:27,2026-09-04T14:20,20895,登戸駅前店,残2席,1,AVAILABLE,2
2026-09-04T14:27:27,2026-09-04T14:20,20391,百合ヶ丘店,満席,4,FULL,0
2026-09-04T14:27:27,2026-09-04T14:20,20332,横浜北山田店,残5席,1,AVAILABLE,5
2026-09-04T14:35:50,2026-09-04T14:30,20903,調布南口店,残1席,1,AVAILABLE,1
2026-09-04T14:35:50,2026-09-04T14:30,20895,登戸駅前店,残2席,1,AVAILABLE,2
2026-09-04T14:35:50,2026-09-04T14:30,20391,百合ヶ丘店,満席,4,FULL,0
2026-09-04T14:35:50,2026-09-04T14:30,20332,横浜北山田店,残4席,1,AVAILABLE,4
2026-09-04T14:44:25,2026-09-04T14:40,20903,調布南口店,残1席,1,AVAILABLE,1
2026-09-04T14:44:25,2026-09-04T14:40,20895,登戸駅前店,残3席,1,AVAILABLE,3
2026-09-04T14:44:25,2026-09-04T14:40,20391,百合ヶ丘店,満席,4,FULL,0
2026-09-04T14:44:25,2026-09-04T14:40,20332,横浜北山田店,残4席,1,AVAILABLE,4
2026-09-04T14:51:59,2026-09-04T14:40,20903,調布南口店,残1席,1,AVAILABLE,1
2026-09-04T14:51:59,2026-09-04T14:40,20895,登戸駅前店,残3席,1,AVAILABLE,3
2026-09-04T14:51:59,2026-09-04T14:40,20391,百合ヶ丘店,満席,4,FULL,0
2026-09-04T14:51:59,2026-09-04T14:40,20332,横浜北山田店,残4席,1,AVAILABLE,4
2026-09-04T15:00:49,2026-09-04T14:50,20903,調布南口店,残3席,1,AVAILABLE,3
2026-09-04T15:00:49,2026-09-04T14:50,20895,登戸駅前店,残3席,1,AVAILABLE,3
2026-09-04T15:00:49,2026-09-04T14:50,20391,百合ヶ丘店,満席,4,FULL,0
2026-09-04T15:00:49,2026-09-04T14:50,20332,横浜北山田店,残3席,1,AVAILABLE,3
2026-09-04T15:23:34,2026-09-04T15:20,20903,調布南口店,残1席,1,AVAILABLE,1
2026-09-04T15:23:34,2026-09-04T15:20,20895,登戸駅前店,満席,4,FULL,0
2026-09-04T15:23:34,2026-09-04T15:20,20391,百合ヶ丘店,残1席,1,AVAILABLE,1
2026-09-04T15:23:34,2026-09-04T15:20,20332,横浜北山田店,残4席,1,AVAILABLE,4
2026-09-04T15:38:10,2026-09-04T15:30,20903,調布南口店,満席,4,FULL,0
2026-09-04T15:38:10,2026-09-04T15:30,20895,登戸駅前店,満席,4,FULL,0
2026-09-04T15:38:10,2026-09-04T15:30,20391,百合ヶ丘店,残2席,1,AVAILABLE,2
2026-09-04T15:38:10,2026-09-04T15:30,20332,横浜北山田店,残4席,1,AVAILABLE,4
2026-09-04T15:50:29,2026-09-04T15:40,20903,調布南口店,満席,4,FULL,0
2026-09-04T15:50:29,2026-09-04T15:40,20895,登戸駅前店,満席,4,FULL,0
2026-09-04T15:50:29,2026-09-04T15:40,20391,百合ヶ丘店,残2席,1,AVAILABLE,2
2026-09-04T15:50:29,2026-09-04T15:40,20332,横浜北山田店,残3席,1,AVAILABLE,3
2026-09-04T16:01:20,2026-09-04T15:50,20903,調布南口店,満席,4,FULL,0
2026-09-04T16:01:20,2026-09-04T15:50,20895,登戸駅前店,残1席,1,AVAILABLE,1
2026-09-04T16:01:20,2026-09-04T15:50,20391,百合ヶ丘店,残2席,1,AVAILABLE,2
2026-09-04T16:01:20,2026-09-04T15:50,20332,横浜北山田店,残3席,1,AVAILABLE,3
2026-09-04T16:18:32,2026-09-04T16:10,20903,調布南口店,満席,4,FULL,0
2026-09-04T16:18:32,2026-09-04T16:10,20895,登戸駅前店,残1席,1,AVAILABLE,1
2026-09-04T16:18:32,2026-09-04T16:10,20391,百合ヶ丘店,残2席,1,AVAILABLE,2
2026-09-04T16:18:32,2026-09-04T16:10,20332,横浜北山田店,残2席,1,AVAILABLE,2
2026-09-04T16:29:13,2026-09-04T16:20,20903,調布南口店,満席,4,FULL,0
2026-09-04T16:29:13,2026-09-04T16:20,20895,登戸駅前店,満席,4,FULL,0
2026-09-04T16:29:13,2026-09-04T16:20,20391,百合ヶ丘店,残2席,1,AVAILABLE,2
2026-09-04T16:29:13,2026-09-04T16:20,20332,横浜北山田店,残1席,1,AVAILABLE,1
2026-09-04T16:39:25,2026-09-04T16:30,20903,調布南口店,満席,4,FULL,0
2026-09-04T16:39:25,2026-09-04T16:30,20895,登戸駅前店,残1席,1,AVAILABLE,1
2026-09-04T16:39:25,2026-09-04T16:30,20391,百合ヶ丘店,残2席,1,AVAILABLE,2
2026-09-04T16:39:25,2026-09-04T16:30,20332,横浜北山田店,残1席,1,AVAILABLE,1
2026-09-04T16:48:04,2026-09-04T16:40,20903,調布南口店,残1席,1,AVAILABLE,1
2026-09-04T16:48:04,2026-09-04T16:40,20895,登戸駅前店,満席,4,FULL,0
2026-09-04T16:48:04,2026-09-04T16:40,20391,百合ヶ丘店,残2席,1,AVAILABLE,2
2026-09-04T16:48:04,2026-09-04T16:40,20332,横浜北山田店,満席,4,FULL,0
2026-09-04T16:55:26,2026-09-04T16:50,20903,調布南口店,満席,4,FULL,0
2026-09-04T16:55:26,2026-09-04T16:50,20895,登戸駅前店,満席,4,FULL,0
2026-09-04T16:55:26,2026-09-04T16:50,20391,百合ヶ丘店,残2席,1,AVAILABLE,2
2026-09-04T16:55:26,2026-09-04T16:50,20332,横浜北山田店,満席,4,FULL,0
2026-09-04T17:01:57,2026-09-04T16:50,20903,調布南口店,満席,4,FULL,0
2026-09-04T17:01:57,2026-09-04T16:50,20895,登戸駅前店,満席,4,FULL,0
2026-09-04T17:01:57,2026-09-04T16:50,20391,百合ヶ丘店,残2席,1,AVAILABLE,2
2026-09-04T17:01:57,2026-09-04T16:50,20332,横浜北山田店,満席,4,FULL,0
2026-09-04T17:20:37,2026-09-04T17:10,20903,調布南口店,満席,4,FULL,0
2026-09-04T17:20:37,2026-09-04T17:10,20895,登戸駅前店,満席,4,FULL,0
2026-09-04T17:20:37,2026-09-04T17:10,20391,百合ヶ丘店,残1席,1,AVAILABLE,1
2026-09-04T17:20:37,2026-09-04T17:10,20332,横浜北山田店,満席,4,FULL,0
2026-09-04T17:35:45,2026-09-04T17:30,20903,調布南口店,満席,4,FULL,0
2026-09-04T17:35:45,2026-09-04T17:30,20895,登戸駅前店,満席,4,FULL,0
2026-09-04T17:35:45,2026-09-04T17:30,20391,百合ヶ丘店,満席,4,FULL,0
2026-09-04T17:35:45,2026-09-04T17:30,20332,横浜北山田店,満席,4,FULL,0
2026-09-04T17:47:09,2026-09-04T17:40,20903,調布南口店,残1席,1,AVAILABLE,1
2026-09-04T17:47:09,2026-09-04T17:40,20895,登戸駅前店,満席,4,FULL,0
2026-09-04T17:47:09,2026-09-04T17:40,20391,百合ヶ丘店,満席,4,FULL,0
2026-09-04T17:47:09,2026-09-04T17:40,20332,横浜北山田店,残1席,1,AVAILABLE,1
2026-09-04T17:55:13,2026-09-04T17:50,20903,調布南口店,満席,4,FULL,0
2026-09-04T17:55:13,2026-09-04T17:50,20895,登戸駅前店,満席,4,FULL,0
2026-09-04T17:55:13,2026-09-04T17:50,20391,百合ヶ丘店,満席,4,FULL,0
2026-09-04T17:55:13,2026-09-04T17:50,20332,横浜北山田店,満席,4,FULL,0
2026-09-04T18:01:16,2026-09-04T17:50,20903,調布南口店,満席,4,FULL,0
2026-09-04T18:01:16,2026-09-04T17:50,20895,登戸駅前店,満席,4,FULL,0
2026-09-04T18:01:16,2026-09-04T17:50,20391,百合ヶ丘店,満席,4,FULL,0
2026-09-04T18:01:16,2026-09-04T17:50,20332,横浜北山田店,満席,4,FULL,0
2026-09-04T18:19:20,2026-09-04T18:10,20903,調布南口店,満席,4,FULL,0
2026-09-04T18:19:20,2026-09-04T18:10,20895,登戸駅前店,満席,4,FULL,0
2026-09-04T18:19:20,2026-09-04T18:10,20391,百合ヶ丘店,満席,4,FULL,0
2026-09-04T18:19:20,2026-09-04T18:10,20332,横浜北山田店,残1席,1,AVAILABLE,1
2026-09-04T18:30:45,2026-09-04T18:20,20903,調布南口店,満席,4,FULL,0
2026-09-04T18:30:45,2026-09-04T18:20,20895,登戸駅前店,満席,4,FULL,0
2026-09-04T18:30:45,2026-09-04T18:20,20391,百合ヶ丘店,満席,4,FULL,0
2026-09-04T18:30:45,2026-09-04T18:20,20332,横浜北山田店,残1席,1,AVAILABLE,1
2026-09-04T18:45:33,2026-09-04T18:40,20903,調布南口店,残1席,1,AVAILABLE,1
2026-09-04T18:45:33,2026-09-04T18:40,20895,登戸駅前店,満席,4,FULL,0
2026-09-04T18:45:33,2026-09-04T18:40,20391,百合ヶ丘店,満席,4,FULL,0
2026-09-04T18:45:33,2026-09-04T18:40,20332,横浜北山田店,残1席,1,AVAILABLE,1
2026-09-04T18:53:07,2026-09-04T18:50,20903,調布南口店,満席,4,FULL,0
2026-09-04T18:53:07,2026-09-04T18:50,20895,登戸駅前店,満席,4,FULL,0
2026-09-04T18:53:07,2026-09-04T18:50,20391,百合ヶ丘店,満席,4,FULL,0
2026-09-04T18:53:07,2026-09-04T18:50,20332,横浜北山田店,残1席,1,AVAILABLE,1
2026-09-04T19:01:12,2026-09-04T18:50,20903,調布南口店,満席,4,FULL,0
2026-09-04T19:01:12,2026-09-04T18:50,20895,登戸駅前店,満席,4,FULL,0
2026-09-04T19:01:12,2026-09-04T18:50,20391,百合ヶ丘店,満席,4,FULL,0
2026-09-04T19:01:12,2026-09-04T18:50,20332,横浜北山田店,残1席,1,AVAILABLE,1
2026-09-04T19:19:24,2026-09-04T19:10,20903,調布南口店,満席,4,FULL,0
2026-09-04T19:19:24,2026-09-04T19:10,20895,登戸駅前店,満席,4,FULL,0
2026-09-04T19:19:24,2026-09-04T19:10,20391,百合ヶ丘店,満席,4,FULL,0
2026-09-04T19:19:24,2026-09-04T19:10,20332,横浜北山田店,残6席,1,AVAILABLE,6
2026-09-04T19:30:25,2026-09-04T19:20,20903,調布南口店,満席,4,FULL,0
2026-09-04T19:30:25,2026-09-04T19:20,20895,登戸駅前店,満席,4,FULL,0
2026-09-04T19:30:25,2026-09-04T19:20,20391,百合ヶ丘店,満席,4,FULL,0
2026-09-04T19:30:25,2026-09-04T19:20,20332,横浜北山田店,残6席,1,AVAILABLE,6
2026-09-04T19:44:58,2026-09-04T19:40,20903,調布南口店,満席,4,FULL,0
2026-09-04T19:44:58,2026-09-04T19:40,20895,登戸駅前店,満席,4,FULL,0
2026-09-04T19:44:58,2026-09-04T19:40,20391,百合ヶ丘店,満席,4,FULL,0
2026-09-04T19:44:58,2026-09-04T19:40,20332,横浜北山田店,残5席,1,AVAILABLE,5
2026-09-04T19:52:46,2026-09-04T19:50,20903,調布南口店,残1席,1,AVAILABLE,1
2026-09-04T19:52:46,2026-09-04T19:50,20895,登戸駅前店,残1席,1,AVAILABLE,1
2026-09-04T19:52:46,2026-09-04T19:50,20391,百合ヶ丘店,満席,4,FULL,0
2026-09-04T19:52:46,2026-09-04T19:50,20332,横浜北山田店,残2席,1,AVAILABLE,2
2026-09-04T20:01:05,2026-09-04T19:50,20903,調布南口店,残1席,1,AVAILABLE,1
2026-09-04T20:01:05,2026-09-04T19:50,20895,登戸駅前店,残1席,1,AVAILABLE,1
2026-09-04T20:01:05,2026-09-04T19:50,20391,百合ヶ丘店,満席,4,FULL,0
2026-09-04T20:01:05,2026-09-04T19:50,20332,横浜北山田店,残2席,1,AVAILABLE,2
2026-09-04T20:18:14,2026-09-04T20:10,20903,調布南口店,満席,4,FULL,0
2026-09-04T20:18:14,2026-09-04T20:10,20895,登戸駅前店,満席,4,FULL,0
2026-09-04T20:18:14,2026-09-04T20:10,20391,百合ヶ丘店,満席,4,FULL,0
2026-09-04T20:18:14,2026-09-04T20:10,20332,横浜北山田店,残4席,1,AVAILABLE,4
2026-09-04T20:28:19,2026-09-04T20:20,20903,調布南口店,残1席,1,AVAILABLE,1
2026-09-04T20:28:19,2026-09-04T20:20,20895,登戸駅前店,残1席,1,AVAILABLE,1
2026-09-04T20:28:19,2026-09-04T20:20,20391,百合ヶ丘店,満席,4,FULL,0
2026-09-04T20:28:19,2026-09-04T20:20,20332,横浜北山田店,残2席,1,AVAILABLE,2
2026-09-04T20:37:30,2026-09-04T20:30,20903,調布南口店,満席,4,FULL,0
2026-09-04T20:37:30,2026-09-04T20:30,20895,登戸駅前店,残1席,1,AVAILABLE,1
2026-09-04T20:37:30,2026-09-04T20:30,20391,百合ヶ丘店,満席,4,FULL,0
2026-09-04T20:37:30,2026-09-04T20:30,20332,横浜北山田店,残2席,1,AVAILABLE,2
2026-09-04T20:45:16,2026-09-04T20:40,20903,調布南口店,満席,4,FULL,0
2026-09-04T20:45:16,2026-09-04T20:40,20895,登戸駅前店,満席,4,FULL,0
2026-09-04T20:45:16,2026-09-04T20:40,20391,百合ヶ丘店,満席,4,FULL,0
2026-09-04T20:45:16,2026-09-04T20:40,20332,横浜北山田店,満席,4,FULL,0
2026-09-04T20:52:00,2026-09-04T20:50,20903,調布南口店,満席,4,FULL,0
2026-09-04T20:52:00,2026-09-04T20:50,20895,登戸駅前店,満席,4,FULL,0
2026-09-04T20:52:00,2026-09-04T20:50,20391,百合ヶ丘店,満席,4,FULL,0
2026-09-04T20:52:00,2026-09-04T20:50,20332,横浜北山田店,満席,4,FULL,0
2026-09-04T21:01:25,2026-09-04T20:50,20903,調布南口店,満席,4,FULL,0
2026-09-04T21:01:25,2026-09-04T20:50,20895,登戸駅前店,満席,4,FULL,0
2026-09-04T21:01:25,2026-09-04T20:50,20391,百合ヶ丘店,満席,4,FULL,0
2026-09-04T21:01:25,2026-09-04T20:50,20332,横浜北山田店,満席,4,FULL,0
2026-09-04T21:24:17,2026-09-04T21:20,20903,調布南口店,満席,4,FULL,0
2026-09-04T21:24:17,2026-09-04T21:20,20895,登戸駅前店,満席,4,FULL,0
2026-09-04T21:24:17,2026-09-04T21:20,20391,百合ヶ丘店,満席,4,FULL,0
2026-09-04T21:24:17,2026-09-04T21:20,20332,横浜北山田店,満席,4,FULL,0
2026-09-04T21:38:58,2026-09-04T21:30,20903,調布南口店,満席,4,FULL,0
2026-09-04T21:38:58,2026-09-04T21:30,20895,登戸駅前店,満席,4,FULL,0
2026-09-04T21:38:58,2026-09-04T21:30,20391,百合ヶ丘店,満席,4,FULL,0
2026-09-04T21:38:58,2026-09-04T21:30,20332,横浜北山田店,満席,4,FULL,0
2026-09-04T21:51:11,2026-09-04T21:40,20903,調布南口店,満席,4,FULL,0
2026-09-04T21:51:11,2026-09-04T21:40,20895,登戸駅前店,満席,4,FULL,0
2026-09-04T21:51:11,2026-09-04T21:40,20391,百合ヶ丘店,満席,4,FULL,0
2026-09-04T21:51:11,2026-09-04T21:40,20332,横浜北山田店,残1席,1,AVAILABLE,1
2026-09-04T22:00:54,2026-09-04T21:50,20903,調布南口店,満席,4,FULL,0
2026-09-04T22:00:54,2026-09-04T21:50,20895,登戸駅前店,満席,4,FULL,0
2026-09-04T22:00:54,2026-09-04T21:50,20391,百合ヶ丘店,満席,4,FULL,0
2026-09-04T22:00:54,2026-09-04T21:50,20332,横浜北山田店,残1席,1,AVAILABLE,1
2026-09-04T22:19:27,2026-09-04T22:10,20903,調布南口店,満席,4,FULL,0
2026-09-04T22:19:27,2026-09-04T22:10,20895,登戸駅前店,満席,4,FULL,0
2026-09-04T22:19:27,2026-09-04T22:10,20391,百合ヶ丘店,満席,4,FULL,0
2026-09-04T22:19:27,2026-09-04T22:10,20332,横浜北山田店,満席,4,FULL,0
2026-09-04T22:30:33,2026-09-04T22:20,20903,調布南口店,満席,4,FULL,0
2026-09-04T22:30:33,2026-09-04T22:20,20895,登戸駅前店,満席,4,FULL,0
2026-09-04T22:30:33,2026-09-04T22:20,20391,百合ヶ丘店,満席,4,FULL,0
2026-09-04T22:30:33,2026-09-04T22:20,20332,横浜北山田店,満席,4,FULL,0
2026-09-04T22:45:23,2026-09-04T22:40,20903,調布南口店,満席,4,FULL,0
2026-09-04T22:45:23,2026-09-04T22:40,20895,登戸駅前店,満席,4,FULL,0
2026-09-04T22:45:23,2026-09-04T22:40,20391,百合ヶ丘店,残1席,1,AVAILABLE,1
2026-09-04T22:45:23,2026-09-04T22:40,20332,横浜北山田店,残1席,1,AVAILABLE,1
2026-09-04T22:53:27,2026-09-04T22:50,20903,調布南口店,残2席,1,AVAILABLE,2
2026-09-04T22:53:27,2026-09-04T22:50,20895,登戸駅前店,満席,4,FULL,0
2026-09-04T22:53:27,2026-09-04T22:50,20391,百合ヶ丘店,満席,4,FULL,0
2026-09-04T22:53:27,2026-09-04T22:50,20332,横浜北山田店,満席,4,FULL,0
2026-09-04T23:01:18,2026-09-04T22:50,20903,調布南口店,残2席,1,AVAILABLE,2
2026-09-04T23:01:18,2026-09-04T22:50,20895,登戸駅前店,満席,4,FULL,0
2026-09-04T23:01:18,2026-09-04T22:50,20391,百合ヶ丘店,満席,4,FULL,0
2026-09-04T23:01:18,2026-09-04T22:50,20332,横浜北山田店,満席,4,FULL,0
2026-09-04T23:18:15,2026-09-04T23:10,20903,調布南口店,残2席,1,AVAILABLE,2
2026-09-04T23:18:15,2026-09-04T23:10,20895,登戸駅前店,満席,4,FULL,0
2026-09-04T23:18:15,2026-09-04T23:10,20391,百合ヶ丘店,満席,4,FULL,0
2026-09-04T23:18:15,2026-09-04T23:10,20332,横浜北山田店,満席,4,FULL,0
2026-09-04T23:28:48,2026-09-04T23:20,20903,調布南口店,残2席,1,AVAILABLE,2
2026-09-04T23:28:48,2026-09-04T23:20,20895,登戸駅前店,満席,4,FULL,0
2026-09-04T23:28:48,2026-09-04T23:20,20391,百合ヶ丘店,満席,4,FULL,0
2026-09-04T23:28:48,2026-09-04T23:20,20332,横浜北山田店,満席,4,FULL,0
2026-09-04T23:47:19,2026-09-04T23:40,20903,調布南口店,残2席,1,AVAILABLE,2
2026-09-04T23:47:19,2026-09-04T23:40,20895,登戸駅前店,残1席,1,AVAILABLE,1
2026-09-04T23:47:19,2026-09-04T23:40,20391,百合ヶ丘店,満席,4,FULL,0
2026-09-04T23:47:19,2026-09-04T23:40,20332,横浜北山田店,満席,4,FULL,0
2026-09-04T23:54:53,2026-09-04T23:50,20903,調布南口店,残2席,1,AVAILABLE,2
2026-09-04T23:54:53,2026-09-04T23:50,20895,登戸駅前店,残1席,1,AVAILABLE,1
2026-09-04T23:54:53,2026-09-04T23:50,20391,百合ヶ丘店,満席,4,FULL,0
2026-09-04T23:54:53,2026-09-04T23:50,20332,横浜北山田店,満席,4,FULL,0
2026-09-05T00:00:55,2026-09-04T23:50,20903,調布南口店,残2席,1,AVAILABLE,2
2026-09-05T00:00:55,2026-09-04T23:50,20895,登戸駅前店,残1席,1,AVAILABLE,1
2026-09-05T00:00:55,2026-09-04T23:50,20391,百合ヶ丘店,満席,4,FULL,0
2026-09-05T00:00:55,2026-09-04T23:50,20332,横浜北山田店,満席,4,FULL,0
2026-09-05T00:19:18,2026-09-05T00:10,20903,調布南口店,残3席,1,AVAILABLE,3
2026-09-05T00:19:18,2026-09-05T00:10,20895,登戸駅前店,満席,4,FULL,0
2026-09-05T00:19:18,2026-09-05T00:10,20391,百合ヶ丘店,満席,4,FULL,0
2026-09-05T00:19:18,2026-09-05T00:10,20332,横浜北山田店,満席,4,FULL,0
2026-09-05T00:30:27,2026-09-05T00:20,20903,調布南口店,残3席,1,AVAILABLE,3
2026-09-05T00:30:27,2026-09-05T00:20,20895,登戸駅前店,満席,4,FULL,0
2026-09-05T00:30:27,2026-09-05T00:20,20391,百合ヶ丘店,満席,4,FULL,0
2026-09-05T00:30:27,2026-09-05T00:20,20332,横浜北山田店,満席,4,FULL,0
2026-09-05T00:44:31,2026-09-05T00:40,20903,調布南口店,残3席,1,AVAILABLE,3
2026-09-05T00:44:31,2026-09-05T00:40,20895,登戸駅前店,満席,4,FULL,0
2026-09-05T00:44:31,2026-09-05T00:40,20391,百合ヶ丘店,満席,4,FULL,0
2026-09-05T00:44:31,2026-09-05T00:40,20332,横浜北山田店,残2席,1,AVAILABLE,2
2026-09-05T00:52:22,2026-09-05T00:50,20903,調布南口店,残4席,1,AVAILABLE,4
2026-09-05T00:52:22,2026-09-05T00:50,20895,登戸駅前店,残1席,1,AVAILABLE,1
2026-09-05T00:52:22,2026-09-05T00:50,20391,百合ヶ丘店,満席,4,FULL,0
2026-09-05T00:52:22,2026-09-05T00:50,20332,横浜北山田店,満席,4,FULL,0
2026-09-05T01:01:03,2026-09-05T00:50,20903,調布南口店,残4席,1,AVAILABLE,4
2026-09-05T01:01:03,2026-09-05T00:50,20895,登戸駅前店,残1席,1,AVAILABLE,1
2026-09-05T01:01:03,2026-09-05T00:50,20391,百合ヶ丘店,満席,4,FULL,0
2026-09-05T01:01:03,2026-09-05T00:50,20332,横浜北山田店,満席,4,FULL,0
2026-09-05T01:19:25,2026-09-05T01:10,20903,調布南口店,残4席,1,AVAILABLE,4
2026-09-05T01:19:25,2026-09-05T01:10,20895,登戸駅前店,残1席,1,AVAILABLE,1
2026-09-05T01:19:25,2026-09-05T01:10,20391,百合ヶ丘店,満席,4,FULL,0
2026-09-05T01:19:25,2026-09-05T01:10,20332,横浜北山田店,残1席,1,AVAILABLE,1
2026-09-05T01:30:23,2026-09-05T01:20,20903,調布南口店,残4席,1,AVAILABLE,4
2026-09-05T01:30:23,2026-09-05T01:20,20895,登戸駅前店,残1席,1,AVAILABLE,1
2026-09-05T01:30:23,2026-09-05T01:20,20391,百合ヶ丘店,満席,4,FULL,0
2026-09-05T01:30:23,2026-09-05T01:20,20332,横浜北山田店,残3席,1,AVAILABLE,3
2026-09-05T01:43:06,2026-09-05T01:40,20903,調布南口店,残4席,1,AVAILABLE,4
2026-09-05T01:43:06,2026-09-05T01:40,20895,登戸駅前店,満席,4,FULL,0
2026-09-05T01:43:06,2026-09-05T01:40,20391,百合ヶ丘店,満席,4,FULL,0
2026-09-05T01:43:06,2026-09-05T01:40,20332,横浜北山田店,残1席,1,AVAILABLE,1
2026-09-05T01:50:48,2026-09-05T01:40,20903,調布南口店,残4席,1,AVAILABLE,4
2026-09-05T01:50:48,2026-09-05T01:40,20895,登戸駅前店,満席,4,FULL,0
2026-09-05T01:50:48,2026-09-05T01:40,20391,百合ヶ丘店,満席,4,FULL,0
2026-09-05T01:50:48,2026-09-05T01:40,20332,横浜北山田店,残1席,1,AVAILABLE,1
2026-09-05T02:01:01,2026-09-05T01:50,20903,調布南口店,残4席,1,AVAILABLE,4
2026-09-05T02:01:01,2026-09-05T01:50,20895,登戸駅前店,残1席,1,AVAILABLE,1
2026-09-05T02:01:01,2026-09-05T01:50,20391,百合ヶ丘店,満席,4,FULL,0
2026-09-05T02:01:01,2026-09-05T01:50,20332,横浜北山田店,満席,4,FULL,0
2026-09-05T02:16:48,2026-09-05T02:10,20903,調布南口店,残4席,1,AVAILABLE,4
2026-09-05T02:16:48,2026-09-05T02:10,20895,登戸駅前店,満席,4,FULL,0
2026-09-05T02:16:48,2026-09-05T02:10,20391,百合ヶ丘店,満席,4,FULL,0
2026-09-05T02:16:48,2026-09-05T02:10,20332,横浜北山田店,満席,4,FULL,0
2026-09-05T02:25:16,2026-09-05T02:20,20903,調布南口店,残4席,1,AVAILABLE,4
2026-09-05T02:25:16,2026-09-05T02:20,20895,登戸駅前店,満席,4,FULL,0
2026-09-05T02:25:16,2026-09-05T02:20,20391,百合ヶ丘店,満席,4,FULL,0
2026-09-05T02:25:16,2026-09-05T02:20,20332,横浜北山田店,満席,4,FULL,0
2026-09-05T02:31:37,2026-09-05T02:20,20903,調布南口店,残4席,1,AVAILABLE,4
2026-09-05T02:31:37,2026-09-05T02:20,20895,登戸駅前店,満席,4,FULL,0
2026-09-05T02:31:37,2026-09-05T02:20,20391,百合ヶ丘店,満席,4,FULL,0
2026-09-05T02:31:37,2026-09-05T02:20,20332,横浜北山田店,満席,4,FULL,0
2026-09-05T02:41:59,2026-09-05T02:30,20903,調布南口店,残4席,1,AVAILABLE,4
2026-09-05T02:41:59,2026-09-05T02:30,20895,登戸駅前店,満席,4,FULL,0
2026-09-05T02:41:59,2026-09-05T02:30,20391,百合ヶ丘店,満席,4,FULL,0
2026-09-05T02:41:59,2026-09-05T02:30,20332,横浜北山田店,残1席,1,AVAILABLE,1
2026-09-05T02:51:14,2026-09-05T02:40,20903,調布南口店,残4席,1,AVAILABLE,4
2026-09-05T02:51:14,2026-09-05T02:40,20895,登戸駅前店,残1席,1,AVAILABLE,1
2026-09-05T02:51:14,2026-09-05T02:40,20391,百合ヶ丘店,満席,4,FULL,0
2026-09-05T02:51:14,2026-09-05T02:40,20332,横浜北山田店,残1席,1,AVAILABLE,1
2026-09-05T03:01:03,2026-09-05T02:50,20903,調布南口店,残4席,1,AVAILABLE,4
2026-09-05T03:01:03,2026-09-05T02:50,20895,登戸駅前店,残1席,1,AVAILABLE,1
2026-09-05T03:01:03,2026-09-05T02:50,20391,百合ヶ丘店,満席,4,FULL,0
2026-09-05T03:01:03,2026-09-05T02:50,20332,横浜北山田店,残2席,1,AVAILABLE,2
2026-09-05T03:20:05,2026-09-05T03:10,20903,調布南口店,残3席,1,AVAILABLE,3
2026-09-05T03:20:05,2026-09-05T03:10,20895,登戸駅前店,残2席,1,AVAILABLE,2
2026-09-05T03:20:05,2026-09-05T03:10,20391,百合ヶ丘店,満席,4,FULL,0
2026-09-05T03:20:05,2026-09-05T03:10,20332,横浜北山田店,残2席,1,AVAILABLE,2
2026-09-05T03:31:41,2026-09-05T03:20,20903,調布南口店,残3席,1,AVAILABLE,3
2026-09-05T03:31:41,2026-09-05T03:20,20895,登戸駅前店,残3席,1,AVAILABLE,3
2026-09-05T03:31:41,2026-09-05T03:20,20391,百合ヶ丘店,満席,4,FULL,0
2026-09-05T03:31:41,2026-09-05T03:20,20332,横浜北山田店,残2席,1,AVAILABLE,2
2026-09-05T03:44:23,2026-09-05T03:40,20903,調布南口店,残3席,1,AVAILABLE,3
2026-09-05T03:44:23,2026-09-05T03:40,20895,登戸駅前店,残2席,1,AVAILABLE,2
2026-09-05T03:44:23,2026-09-05T03:40,20391,百合ヶ丘店,満席,4,FULL,0
2026-09-05T03:44:23,2026-09-05T03:40,20332,横浜北山田店,残2席,1,AVAILABLE,2
2026-09-05T03:52:03,2026-09-05T03:50,20903,調布南口店,残3席,1,AVAILABLE,3
2026-09-05T03:52:03,2026-09-05T03:50,20895,登戸駅前店,残2席,1,AVAILABLE,2
2026-09-05T03:52:03,2026-09-05T03:50,20391,百合ヶ丘店,満席,4,FULL,0
2026-09-05T03:52:03,2026-09-05T03:50,20332,横浜北山田店,残2席,1,AVAILABLE,2
2026-09-05T04:01:05,2026-09-05T03:50,20903,調布南口店,残3席,1,AVAILABLE,3
2026-09-05T04:01:05,2026-09-05T03:50,20895,登戸駅前店,残2席,1,AVAILABLE,2
2026-09-05T04:01:05,2026-09-05T03:50,20391,百合ヶ丘店,残1席,1,AVAILABLE,1
2026-09-05T04:01:05,2026-09-05T03:50,20332,横浜北山田店,残1席,1,AVAILABLE,1
2026-09-05T04:14:36,2026-09-05T04:10,20903,調布南口店,残3席,1,AVAILABLE,3
2026-09-05T04:14:36,2026-09-05T04:10,20895,登戸駅前店,残3席,1,AVAILABLE,3
2026-09-05T04:14:36,2026-09-05T04:10,20391,百合ヶ丘店,残2席,1,AVAILABLE,2
2026-09-05T04:14:36,2026-09-05T04:10,20332,横浜北山田店,残5席,1,AVAILABLE,5
2026-09-05T04:21:53,2026-09-05T04:10,20903,調布南口店,残3席,1,AVAILABLE,3
2026-09-05T04:21:53,2026-09-05T04:10,20895,登戸駅前店,残3席,1,AVAILABLE,3
2026-09-05T04:21:53,2026-09-05T04:10,20391,百合ヶ丘店,残2席,1,AVAILABLE,2
2026-09-05T04:21:53,2026-09-05T04:10,20332,横浜北山田店,残5席,1,AVAILABLE,5
2026-09-05T04:31:03,2026-09-05T04:20,20903,調布南口店,残3席,1,AVAILABLE,3
2026-09-05T04:31:03,2026-09-05T04:20,20895,登戸駅前店,残3席,1,AVAILABLE,3
2026-09-05T04:31:03,2026-09-05T04:20,20391,百合ヶ丘店,残2席,1,AVAILABLE,2
2026-09-05T04:31:03,2026-09-05T04:20,20332,横浜北山田店,残4席,1,AVAILABLE,4
2026-09-05T04:42:11,2026-09-05T04:40,20903,調布南口店,残3席,1,AVAILABLE,3
2026-09-05T04:42:11,2026-09-05T04:40,20895,登戸駅前店,残3席,1,AVAILABLE,3
2026-09-05T04:42:11,2026-09-05T04:40,20391,百合ヶ丘店,残2席,1,AVAILABLE,2
2026-09-05T04:42:11,2026-09-05T04:40,20332,横浜北山田店,残4席,1,AVAILABLE,4
2026-09-05T04:50:50,2026-09-05T04:40,20903,調布南口店,残4席,1,AVAILABLE,4
2026-09-05T04:50:50,2026-09-05T04:40,20895,登戸駅前店,残3席,1,AVAILABLE,3
2026-09-05T04:50:50,2026-09-05T04:40,20391,百合ヶ丘店,残2席,1,AVAILABLE,2
2026-09-05T04:50:50,2026-09-05T04:40,20332,横浜北山田店,残4席,1,AVAILABLE,4
2026-09-05T05:01:05,2026-09-05T04:50,20903,調布南口店,残4席,1,AVAILABLE,4
2026-09-05T05:01:05,2026-09-05T04:50,20895,登戸駅前店,残2席,1,AVAILABLE,2
2026-09-05T05:01:05,2026-09-05T04:50,20391,百合ヶ丘店,残2席,1,AVAILABLE,2
2026-09-05T05:01:05,2026-09-05T04:50,20332,横浜北山田店,残4席,1,AVAILABLE,4
2026-09-05T05:18:02,2026-09-05T05:10,20903,調布南口店,残4席,1,AVAILABLE,4
2026-09-05T05:18:02,2026-09-05T05:10,20895,登戸駅前店,残2席,1,AVAILABLE,2
2026-09-05T05:18:02,2026-09-05T05:10,20391,百合ヶ丘店,残2席,1,AVAILABLE,2
2026-09-05T05:18:02,2026-09-05T05:10,20332,横浜北山田店,残3席,1,AVAILABLE,3
2026-09-05T05:27:55,2026-09-05T05:20,20903,調布南口店,残4席,1,AVAILABLE,4
2026-09-05T05:27:55,2026-09-05T05:20,20895,登戸駅前店,残2席,1,AVAILABLE,2
2026-09-05T05:27:55,2026-09-05T05:20,20391,百合ヶ丘店,残2席,1,AVAILABLE,2
2026-09-05T05:27:55,2026-09-05T05:20,20332,横浜北山田店,残3席,1,AVAILABLE,3
2026-09-05T05:37:12,2026-09-05T05:30,20903,調布南口店,残4席,1,AVAILABLE,4
2026-09-05T05:37:12,2026-09-05T05:30,20895,登戸駅前店,残2席,1,AVAILABLE,2
2026-09-05T05:37:12,2026-09-05T05:30,20391,百合ヶ丘店,残2席,1,AVAILABLE,2
2026-09-05T05:37:12,2026-09-05T05:30,20332,横浜北山田店,残10席以上,1,AVAILABLE,10
2026-09-05T05:44:12,2026-09-05T05:40,20903,調布南口店,残4席,1,AVAILABLE,4
2026-09-05T05:44:12,2026-09-05T05:40,20895,登戸駅前店,残2席,1,AVAILABLE,2
2026-09-05T05:44:12,2026-09-05T05:40,20391,百合ヶ丘店,残1席,1,AVAILABLE,1
2026-09-05T05:44:12,2026-09-05T05:40,20332,横浜北山田店,残10席以上,1,AVAILABLE,10
2026-09-05T05:50:36,2026-09-05T05:40,20903,調布南口店,残4席,1,AVAILABLE,4
2026-09-05T05:50:36,2026-09-05T05:40,20895,登戸駅前店,残2席,1,AVAILABLE,2
2026-09-05T05:50:36,2026-09-05T05:40,20391,百合ヶ丘店,残1席,1,AVAILABLE,1
2026-09-05T05:50:36,2026-09-05T05:40,20332,横浜北山田店,残10席以上,1,AVAILABLE,10
2026-09-05T06:00:55,2026-09-05T05:50,20903,調布南口店,残4席,1,AVAILABLE,4
2026-09-05T06:00:55,2026-09-05T05:50,20895,登戸駅前店,残1席,1,AVAILABLE,1
2026-09-05T06:00:55,2026-09-05T05:50,20391,百合ヶ丘店,残1席,1,AVAILABLE,1
2026-09-05T06:00:55,2026-09-05T05:50,20332,横浜北山田店,残10席以上,1,AVAILABLE,10
2026-09-05T06:17:07,2026-09-05T06:10,20903,調布南口店,残4席,1,AVAILABLE,4
2026-09-05T06:17:07,2026-09-05T06:10,20895,登戸駅前店,残2席,1,AVAILABLE,2
2026-09-05T06:17:07,2026-09-05T06:10,20391,百合ヶ丘店,残1席,1,AVAILABLE,1
2026-09-05T06:17:07,2026-09-05T06:10,20332,横浜北山田店,残10席以上,1,AVAILABLE,10
2026-09-05T06:26:40,2026-09-05T06:20,20903,調布南口店,残4席,1,AVAILABLE,4
2026-09-05T06:26:40,2026-09-05T06:20,20895,登戸駅前店,残2席,1,AVAILABLE,2
2026-09-05T06:26:40,2026-09-05T06:20,20391,百合ヶ丘店,満席,4,FULL,0
2026-09-05T06:26:40,2026-09-05T06:20,20332,横浜北山田店,残10席以上,1,AVAILABLE,10
2026-09-05T06:34:31,2026-09-05T06:30,20903,調布南口店,残3席,1,AVAILABLE,3
2026-09-05T06:34:31,2026-09-05T06:30,20895,登戸駅前店,残2席,1,AVAILABLE,2
2026-09-05T06:34:31,2026-09-05T06:30,20391,百合ヶ丘店,満席,4,FULL,0
2026-09-05T06:34:31,2026-09-05T06:30,20332,横浜北山田店,残10席以上,1,AVAILABLE,10
2026-09-05T06:43:10,2026-09-05T06:40,20903,調布南口店,残2席,1,AVAILABLE,2
2026-09-05T06:43:10,2026-09-05T06:40,20895,登戸駅前店,残1席,1,AVAILABLE,1
2026-09-05T06:43:10,2026-09-05T06:40,20391,百合ヶ丘店,満席,4,FULL,0
2026-09-05T06:43:10,2026-09-05T06:40,20332,横浜北山田店,残10席以上,1,AVAILABLE,10
2026-09-05T06:50:57,2026-09-05T06:40,20903,調布南口店,残2席,1,AVAILABLE,2
2026-09-05T06:50:57,2026-09-05T06:40,20895,登戸駅前店,残1席,1,AVAILABLE,1
2026-09-05T06:50:57,2026-09-05T06:40,20391,百合ヶ丘店,満席,4,FULL,0
2026-09-05T06:50:57,2026-09-05T06:40,20332,横浜北山田店,残10席以上,1,AVAILABLE,10
2026-09-05T07:01:06,2026-09-05T06:50,20903,調布南口店,残2席,1,AVAILABLE,2
2026-09-05T07:01:06,2026-09-05T06:50,20895,登戸駅前店,残1席,1,AVAILABLE,1
2026-09-05T07:01:06,2026-09-05T06:50,20391,百合ヶ丘店,満席,4,FULL,0
2026-09-05T07:01:06,2026-09-05T06:50,20332,横浜北山田店,残10席以上,1,AVAILABLE,10
2026-09-05T07:17:21,2026-09-05T07:10,20903,調布南口店,残2席,1,AVAILABLE,2
2026-09-05T07:17:21,2026-09-05T07:10,20895,登戸駅前店,残1席,1,AVAILABLE,1
2026-09-05T07:17:21,2026-09-05T07:10,20391,百合ヶ丘店,満席,4,FULL,0
2026-09-05T07:17:21,2026-09-05T07:10,20332,横浜北山田店,残9席,1,AVAILABLE,9
2026-09-05T07:25:59,2026-09-05T07:20,20903,調布南口店,残2席,1,AVAILABLE,2
2026-09-05T07:25:59,2026-09-05T07:20,20895,登戸駅前店,残1席,1,AVAILABLE,1
2026-09-05T07:25:59,2026-09-05T07:20,20391,百合ヶ丘店,残1席,1,AVAILABLE,1
2026-09-05T07:25:59,2026-09-05T07:20,20332,横浜北山田店,残9席,1,AVAILABLE,9
2026-09-05T07:32:53,2026-09-05T07:30,20903,調布南口店,残2席,1,AVAILABLE,2
2026-09-05T07:32:53,2026-09-05T07:30,20895,登戸駅前店,満席,4,FULL,0
2026-09-05T07:32:53,2026-09-05T07:30,20391,百合ヶ丘店,残1席,1,AVAILABLE,1
2026-09-05T07:32:53,2026-09-05T07:30,20332,横浜北山田店,残9席,1,AVAILABLE,9
2026-09-05T07:42:04,2026-09-05T07:40,20903,調布南口店,残2席,1,AVAILABLE,2
2026-09-05T07:42:04,2026-09-05T07:40,20895,登戸駅前店,満席,4,FULL,0
2026-09-05T07:42:04,2026-09-05T07:40,20391,百合ヶ丘店,残1席,1,AVAILABLE,1
2026-09-05T07:42:04,2026-09-05T07:40,20332,横浜北山田店,残9席,1,AVAILABLE,9
2026-09-05T07:50:59,2026-09-05T07:40,20903,調布南口店,残2席,1,AVAILABLE,2
2026-09-05T07:50:59,2026-09-05T07:40,20895,登戸駅前店,満席,4,FULL,0
2026-09-05T07:50:59,2026-09-05T07:40,20391,百合ヶ丘店,残1席,1,AVAILABLE,1
2026-09-05T07:50:59,2026-09-05T07:40,20332,横浜北山田店,残7席,1,AVAILABLE,7
2026-09-05T08:01:00,2026-09-05T07:50,20903,調布南口店,残1席,1,AVAILABLE,1
2026-09-05T08:01:00,2026-09-05T07:50,20895,登戸駅前店,満席,4,FULL,0
2026-09-05T08:01:00,2026-09-05T07:50,20391,百合ヶ丘店,残1席,1,AVAILABLE,1
2026-09-05T08:01:00,2026-09-05T07:50,20332,横浜北山田店,残6席,1,AVAILABLE,6
2026-09-05T08:15:50,2026-09-05T08:10,20903,調布南口店,残1席,1,AVAILABLE,1
2026-09-05T08:15:50,2026-09-05T08:10,20895,登戸駅前店,満席,4,FULL,0
2026-09-05T08:15:50,2026-09-05T08:10,20391,百合ヶ丘店,残1席,1,AVAILABLE,1
2026-09-05T08:15:50,2026-09-05T08:10,20332,横浜北山田店,残6席,1,AVAILABLE,6
2026-09-05T08:23:19,2026-09-05T08:20,20903,調布南口店,残1席,1,AVAILABLE,1
2026-09-05T08:23:19,2026-09-05T08:20,20895,登戸駅前店,満席,4,FULL,0
2026-09-05T08:23:19,2026-09-05T08:20,20391,百合ヶ丘店,満席,4,FULL,0
2026-09-05T08:23:19,2026-09-05T08:20,20332,横浜北山田店,残9席,1,AVAILABLE,9
2026-09-05T08:30:51,2026-09-05T08:20,20903,調布南口店,残1席,1,AVAILABLE,1
2026-09-05T08:30:51,2026-09-05T08:20,20895,登戸駅前店,満席,4,FULL,0
2026-09-05T08:30:51,2026-09-05T08:20,20391,百合ヶ丘店,満席,4,FULL,0
2026-09-05T08:30:51,2026-09-05T08:20,20332,横浜北山田店,残9席,1,AVAILABLE,9
2026-09-05T08:40:29,2026-09-05T08:30,20903,調布南口店,残1席,1,AVAILABLE,1
2026-09-05T08:40:29,2026-09-05T08:30,20895,登戸駅前店,満席,4,FULL,0
2026-09-05T08:40:29,2026-09-05T08:30,20391,百合ヶ丘店,満席,4,FULL,0
2026-09-05T08:40:29,2026-09-05T08:30,20332,横浜北山田店,残9席,1,AVAILABLE,9
2026-09-05T08:50:42,2026-09-05T08:40,20903,調布南口店,残1席,1,AVAILABLE,1
2026-09-05T08:50:42,2026-09-05T08:40,20895,登戸駅前店,残1席,1,AVAILABLE,1
2026-09-05T08:50:42,2026-09-05T08:40,20391,百合ヶ丘店,残1席,1,AVAILABLE,1
2026-09-05T08:50:42,2026-09-05T08:40,20332,横浜北山田店,残9席,1,AVAILABLE,9
2026-09-05T09:01:13,2026-09-05T08:50,20903,調布南口店,満席,4,FULL,0
2026-09-05T09:01:13,2026-09-05T08:50,20895,登戸駅前店,残1席,1,AVAILABLE,1
2026-09-05T09:01:13,2026-09-05T08:50,20391,百合ヶ丘店,残1席,1,AVAILABLE,1
2026-09-05T09:01:13,2026-09-05T08:50,20332,横浜北山田店,残10席以上,1,AVAILABLE,10
2026-09-05T09:28:17,2026-09-05T09:20,20903,調布南口店,満席,4,FULL,0
2026-09-05T09:28:17,2026-09-05T09:20,20895,登戸駅前店,満席,4,FULL,0
2026-09-05T09:28:17,2026-09-05T09:20,20391,百合ヶ丘店,残1席,1,AVAILABLE,1
2026-09-05T09:28:17,2026-09-05T09:20,20332,横浜北山田店,残8席,1,AVAILABLE,8
2026-09-05T09:42:26,2026-09-05T09:40,20903,調布南口店,満席,4,FULL,0
2026-09-05T09:42:26,2026-09-05T09:40,20895,登戸駅前店,残1席,1,AVAILABLE,1
2026-09-05T09:42:26,2026-09-05T09:40,20391,百合ヶ丘店,満席,4,FULL,0
2026-09-05T09:42:26,2026-09-05T09:40,20332,横浜北山田店,残8席,1,AVAILABLE,8
2026-09-05T09:54:00,2026-09-05T09:50,20903,調布南口店,満席,4,FULL,0
2026-09-05T09:54:00,2026-09-05T09:50,20895,登戸駅前店,残1席,1,AVAILABLE,1
2026-09-05T09:54:00,2026-09-05T09:50,20391,百合ヶ丘店,残2席,1,AVAILABLE,2
2026-09-05T09:54:00,2026-09-05T09:50,20332,横浜北山田店,残8席,1,AVAILABLE,8
2026-09-05T10:01:01,2026-09-05T09:50,20903,調布南口店,満席,4,FULL,0
2026-09-05T10:01:01,2026-09-05T09:50,20895,登戸駅前店,残1席,1,AVAILABLE,1
2026-09-05T10:01:01,2026-09-05T09:50,20391,百合ヶ丘店,残2席,1,AVAILABLE,2
2026-09-05T10:01:01,2026-09-05T09:50,20332,横浜北山田店,残8席,1,AVAILABLE,8
2026-09-05T10:16:07,2026-09-05T10:10,20903,調布南口店,満席,4,FULL,0
2026-09-05T10:16:07,2026-09-05T10:10,20895,登戸駅前店,満席,4,FULL,0
2026-09-05T10:16:07,2026-09-05T10:10,20391,百合ヶ丘店,残2席,1,AVAILABLE,2
2026-09-05T10:16:07,2026-09-05T10:10,20332,横浜北山田店,残6席,1,AVAILABLE,6
2026-09-05T10:24:20,2026-09-05T10:20,20903,調布南口店,残1席,1,AVAILABLE,1
2026-09-05T10:24:20,2026-09-05T10:20,20895,登戸駅前店,満席,4,FULL,0
2026-09-05T10:24:20,2026-09-05T10:20,20391,百合ヶ丘店,残2席,1,AVAILABLE,2
2026-09-05T10:24:20,2026-09-05T10:20,20332,横浜北山田店,残6席,1,AVAILABLE,6
2026-09-05T10:31:41,2026-09-05T10:20,20903,調布南口店,残1席,1,AVAILABLE,1
2026-09-05T10:31:41,2026-09-05T10:20,20895,登戸駅前店,満席,4,FULL,0
2026-09-05T10:31:41,2026-09-05T10:20,20391,百合ヶ丘店,残2席,1,AVAILABLE,2
2026-09-05T10:31:41,2026-09-05T10:20,20332,横浜北山田店,残6席,1,AVAILABLE,6
2026-09-05T10:43:23,2026-09-05T10:40,20903,調布南口店,残2席,1,AVAILABLE,2
2026-09-05T10:43:23,2026-09-05T10:40,20895,登戸駅前店,満席,4,FULL,0
2026-09-05T10:43:23,2026-09-05T10:40,20391,百合ヶ丘店,残3席,1,AVAILABLE,3
2026-09-05T10:43:23,2026-09-05T10:40,20332,横浜北山田店,残9席,1,AVAILABLE,9
2026-09-05T10:51:17,2026-09-05T10:40,20903,調布南口店,残2席,1,AVAILABLE,2
2026-09-05T10:51:17,2026-09-05T10:40,20895,登戸駅前店,満席,4,FULL,0
2026-09-05T10:51:17,2026-09-05T10:40,20391,百合ヶ丘店,残3席,1,AVAILABLE,3
2026-09-05T10:51:17,2026-09-05T10:40,20332,横浜北山田店,残9席,1,AVAILABLE,9
2026-09-05T11:01:13,2026-09-05T10:50,20903,調布南口店,残1席,1,AVAILABLE,1
2026-09-05T11:01:13,2026-09-05T10:50,20895,登戸駅前店,満席,4,FULL,0
2026-09-05T11:01:13,2026-09-05T10:50,20391,百合ヶ丘店,残3席,1,AVAILABLE,3
2026-09-05T11:01:13,2026-09-05T10:50,20332,横浜北山田店,残8席,1,AVAILABLE,8
2026-09-05T11:17:55,2026-09-05T11:10,20903,調布南口店,残1席,1,AVAILABLE,1
2026-09-05T11:17:55,2026-09-05T11:10,20895,登戸駅前店,残1席,1,AVAILABLE,1
2026-09-05T11:17:55,2026-09-05T11:10,20391,百合ヶ丘店,残3席,1,AVAILABLE,3
2026-09-05T11:17:55,2026-09-05T11:10,20332,横浜北山田店,残7席,1,AVAILABLE,7
2026-09-05T11:27:46,2026-09-05T11:20,20903,調布南口店,満席,4,FULL,0
2026-09-05T11:27:46,2026-09-05T11:20,20895,登戸駅前店,残1席,1,AVAILABLE,1
2026-09-05T11:27:46,2026-09-05T11:20,20391,百合ヶ丘店,残2席,1,AVAILABLE,2
2026-09-05T11:27:46,2026-09-05T11:20,20332,横浜北山田店,残7席,1,AVAILABLE,7
2026-09-05T11:36:34,2026-09-05T11:30,20903,調布南口店,残1席,1,AVAILABLE,1
2026-09-05T11:36:34,2026-09-05T11:30,20895,登戸駅前店,残1席,1,AVAILABLE,1
2026-09-05T11:36:34,2026-09-05T11:30,20391,百合ヶ丘店,残2席,1,AVAILABLE,2
2026-09-05T11:36:34,2026-09-05T11:30,20332,横浜北山田店,残6席,1,AVAILABLE,6
2026-09-05T11:44:29,2026-09-05T11:40,20903,調布南口店,残1席,1,AVAILABLE,1
2026-09-05T11:44:29,2026-09-05T11:40,20895,登戸駅前店,残1席,1,AVAILABLE,1
2026-09-05T11:44:29,2026-09-05T11:40,20391,百合ヶ丘店,残2席,1,AVAILABLE,2
2026-09-05T11:44:29,2026-09-05T11:40,20332,横浜北山田店,残6席,1,AVAILABLE,6
2026-09-05T11:51:26,2026-09-05T11:40,20903,調布南口店,残1席,1,AVAILABLE,1
2026-09-05T11:51:26,2026-09-05T11:40,20895,登戸駅前店,残1席,1,AVAILABLE,1
2026-09-05T11:51:26,2026-09-05T11:40,20391,百合ヶ丘店,残2席,1,AVAILABLE,2
2026-09-05T11:51:26,2026-09-05T11:40,20332,横浜北山田店,残6席,1,AVAILABLE,6
2026-09-05T12:01:03,2026-09-05T11:50,20903,調布南口店,残1席,1,AVAILABLE,1
2026-09-05T12:01:03,2026-09-05T11:50,20895,登戸駅前店,残1席,1,AVAILABLE,1
2026-09-05T12:01:03,2026-09-05T11:50,20391,百合ヶ丘店,残2席,1,AVAILABLE,2
2026-09-05T12:01:03,2026-09-05T11:50,20332,横浜北山田店,残6席,1,AVAILABLE,6
2026-09-05T12:18:06,2026-09-05T12:10,20903,調布南口店,残1席,1,AVAILABLE,1
2026-09-05T12:18:06,2026-09-05T12:10,20895,登戸駅前店,残1席,1,AVAILABLE,1
2026-09-05T12:18:06,2026-09-05T12:10,20391,百合ヶ丘店,残1席,1,AVAILABLE,1
2026-09-05T12:18:06,2026-09-05T12:10,20332,横浜北山田店,残6席,1,AVAILABLE,6
2026-09-05T12:27:50,2026-09-05T12:20,20903,調布南口店,残1席,1,AVAILABLE,1
2026-09-05T12:27:50,2026-09-05T12:20,20895,登戸駅前店,残2席,1,AVAILABLE,2
2026-09-05T12:27:50,2026-09-05T12:20,20391,百合ヶ丘店,残1席,1,AVAILABLE,1
2026-09-05T12:27:50,2026-09-05T12:20,20332,横浜北山田店,残3席,1,AVAILABLE,3
2026-09-05T12:36:19,2026-09-05T12:30,20903,調布南口店,残1席,1,AVAILABLE,1
2026-09-05T12:36:19,2026-09-05T12:30,20895,登戸駅前店,残3席,1,AVAILABLE,3
2026-09-05T12:36:19,2026-09-05T12:30,20391,百合ヶ丘店,残1席,1,AVAILABLE,1
2026-09-05T12:36:19,2026-09-05T12:30,20332,横浜北山田店,残3席,1,AVAILABLE,3
2026-09-05T12:44:12,2026-09-05T12:40,20903,調布南口店,残1席,1,AVAILABLE,1
2026-09-05T12:44:12,2026-09-05T12:40,20895,登戸駅前店,残3席,1,AVAILABLE,3
2026-09-05T12:44:12,2026-09-05T12:40,20391,百合ヶ丘店,残2席,1,AVAILABLE,2
2026-09-05T12:44:12,2026-09-05T12:40,20332,横浜北山田店,残3席,1,AVAILABLE,3
2026-09-05T12:51:15,2026-09-05T12:40,20903,調布南口店,残1席,1,AVAILABLE,1
2026-09-05T12:51:15,2026-09-05T12:40,20895,登戸駅前店,残3席,1,AVAILABLE,3
2026-09-05T12:51:15,2026-09-05T12:40,20391,百合ヶ丘店,残2席,1,AVAILABLE,2
2026-09-05T12:51:15,2026-09-05T12:40,20332,横浜北山田店,残3席,1,AVAILABLE,3
2026-09-05T13:00:52,2026-09-05T12:50,20903,調布南口店,満席,4,FULL,0
2026-09-05T13:00:52,2026-09-05T12:50,20895,登戸駅前店,残3席,1,AVAILABLE,3
2026-09-05T13:00:52,2026-09-05T12:50,20391,百合ヶ丘店,残2席,1,AVAILABLE,2
2026-09-05T13:00:52,2026-09-05T12:50,20332,横浜北山田店,残3席,1,AVAILABLE,3
2026-09-05T13:17:49,2026-09-05T13:10,20903,調布南口店,満席,4,FULL,0
2026-09-05T13:17:49,2026-09-05T13:10,20895,登戸駅前店,残3席,1,AVAILABLE,3
2026-09-05T13:17:49,2026-09-05T13:10,20391,百合ヶ丘店,残1席,1,AVAILABLE,1
2026-09-05T13:17:49,2026-09-05T13:10,20332,横浜北山田店,残1席,1,AVAILABLE,1
2026-09-05T13:27:41,2026-09-05T13:20,20903,調布南口店,残1席,1,AVAILABLE,1
2026-09-05T13:27:41,2026-09-05T13:20,20895,登戸駅前店,残3席,1,AVAILABLE,3
2026-09-05T13:27:41,2026-09-05T13:20,20391,百合ヶ丘店,残1席,1,AVAILABLE,1
2026-09-05T13:27:41,2026-09-05T13:20,20332,横浜北山田店,残1席,1,AVAILABLE,1
2026-09-05T13:36:13,2026-09-05T13:30,20903,調布南口店,残1席,1,AVAILABLE,1
2026-09-05T13:36:13,2026-09-05T13:30,20895,登戸駅前店,残2席,1,AVAILABLE,2
2026-09-05T13:36:13,2026-09-05T13:30,20391,百合ヶ丘店,満席,4,FULL,0
2026-09-05T13:36:13,2026-09-05T13:30,20332,横浜北山田店,満席,4,FULL,0
2026-09-05T13:43:46,2026-09-05T13:40,20903,調布南口店,残2席,1,AVAILABLE,2
2026-09-05T13:43:46,2026-09-05T13:40,20895,登戸駅前店,満席,4,FULL,0
2026-09-05T13:43:46,2026-09-05T13:40,20391,百合ヶ丘店,満席,4,FULL,0
2026-09-05T13:43:46,2026-09-05T13:40,20332,横浜北山田店,満席,4,FULL,0
2026-09-05T13:51:02,2026-09-05T13:40,20903,調布南口店,残2席,1,AVAILABLE,2
2026-09-05T13:51:02,2026-09-05T13:40,20895,登戸駅前店,満席,4,FULL,0
2026-09-05T13:51:02,2026-09-05T13:40,20391,百合ヶ丘店,満席,4,FULL,0
2026-09-05T13:51:02,2026-09-05T13:40,20332,横浜北山田店,満席,4,FULL,0
2026-09-05T14:00:43,2026-09-05T13:50,20903,調布南口店,満席,4,FULL,0
2026-09-05T14:00:43,2026-09-05T13:50,20895,登戸駅前店,満席,4,FULL,0
2026-09-05T14:00:43,2026-09-05T13:50,20391,百合ヶ丘店,満席,4,FULL,0
2026-09-05T14:00:43,2026-09-05T13:50,20332,横浜北山田店,満席,4,FULL,0
2026-09-05T14:16:23,2026-09-05T14:10,20903,調布南口店,満席,4,FULL,0
2026-09-05T14:16:23,2026-09-05T14:10,20895,登戸駅前店,満席,4,FULL,0
2026-09-05T14:16:23,2026-09-05T14:10,20391,百合ヶ丘店,残1席,1,AVAILABLE,1
2026-09-05T14:16:23,2026-09-05T14:10,20332,横浜北山田店,満席,4,FULL,0
2026-09-05T14:25:18,2026-09-05T14:20,20903,調布南口店,満席,4,FULL,0
2026-09-05T14:25:18,2026-09-05T14:20,20895,登戸駅前店,満席,4,FULL,0
2026-09-05T14:25:18,2026-09-05T14:20,20391,百合ヶ丘店,残1席,1,AVAILABLE,1
2026-09-05T14:25:18,2026-09-05T14:20,20332,横浜北山田店,満席,4,FULL,0
2026-09-05T14:32:32,2026-09-05T14:30,20903,調布南口店,満席,4,FULL,0
2026-09-05T14:32:32,2026-09-05T14:30,20895,登戸駅前店,残1席,1,AVAILABLE,1
2026-09-05T14:32:32,2026-09-05T14:30,20391,百合ヶ丘店,満席,4,FULL,0
2026-09-05T14:32:32,2026-09-05T14:30,20332,横浜北山田店,満席,4,FULL,0
2026-09-05T14:41:50,2026-09-05T14:30,20903,調布南口店,満席,4,FULL,0
2026-09-05T14:41:50,2026-09-05T14:30,20895,登戸駅前店,残1席,1,AVAILABLE,1
2026-09-05T14:41:50,2026-09-05T14:30,20391,百合ヶ丘店,満席,4,FULL,0
2026-09-05T14:41:50,2026-09-05T14:30,20332,横浜北山田店,満席,4,FULL,0
2026-09-05T14:51:10,2026-09-05T14:40,20903,調布南口店,満席,4,FULL,0
2026-09-05T14:51:10,2026-09-05T14:40,20895,登戸駅前店,残1席,1,AVAILABLE,1
2026-09-05T14:51:10,2026-09-05T14:40,20391,百合ヶ丘店,満席,4,FULL,0
2026-09-05T14:51:10,2026-09-05T14:40,20332,横浜北山田店,満席,4,FULL,0
2026-09-05T15:00:46,2026-09-05T14:50,20903,調布南口店,満席,4,FULL,0
2026-09-05T15:00:46,2026-09-05T14:50,20895,登戸駅前店,満席,4,FULL,0
2026-09-05T15:00:46,2026-09-05T14:50,20391,百合ヶ丘店,満席,4,FULL,0
2026-09-05T15:00:46,2026-09-05T14:50,20332,横浜北山田店,満席,4,FULL,0
2026-09-05T15:21:46,2026-09-05T15:10,20903,調布南口店,満席,4,FULL,0
2026-09-05T15:21:46,2026-09-05T15:10,20895,登戸駅前店,残1席,1,AVAILABLE,1
2026-09-05T15:21:46,2026-09-05T15:10,20391,百合ヶ丘店,残1席,1,AVAILABLE,1
2026-09-05T15:21:46,2026-09-05T15:10,20332,横浜北山田店,残1席,1,AVAILABLE,1
2026-09-05T15:36:15,2026-09-05T15:30,20903,調布南口店,満席,4,FULL,0
2026-09-05T15:36:15,2026-09-05T15:30,20895,登戸駅前店,満席,4,FULL,0
2026-09-05T15:36:15,2026-09-05T15:30,20391,百合ヶ丘店,残1席,1,AVAILABLE,1
2026-09-05T15:36:15,2026-09-05T15:30,20332,横浜北山田店,残1席,1,AVAILABLE,1
2026-09-05T15:45:50,2026-09-05T15:40,20903,調布南口店,残1席,1,AVAILABLE,1
2026-09-05T15:45:50,2026-09-05T15:40,20895,登戸駅前店,満席,4,FULL,0
2026-09-05T15:45:50,2026-09-05T15:40,20391,百合ヶ丘店,残1席,1,AVAILABLE,1
2026-09-05T15:45:50,2026-09-05T15:40,20332,横浜北山田店,満席,4,FULL,0
2026-09-05T15:53:11,2026-09-05T15:50,20903,調布南口店,満席,4,FULL,0
2026-09-05T15:53:11,2026-09-05T15:50,20895,登戸駅前店,満席,4,FULL,0
2026-09-05T15:53:11,2026-09-05T15:50,20391,百合ヶ丘店,満席,4,FULL,0
2026-09-05T15:53:11,2026-09-05T15:50,20332,横浜北山田店,満席,4,FULL,0
2026-09-05T16:00:59,2026-09-05T15:50,20903,調布南口店,満席,4,FULL,0
2026-09-05T16:00:59,2026-09-05T15:50,20895,登戸駅前店,満席,4,FULL,0
2026-09-05T16:00:59,2026-09-05T15:50,20391,百合ヶ丘店,満席,4,FULL,0
2026-09-05T16:00:59,2026-09-05T15:50,20332,横浜北山田店,満席,4,FULL,0
2026-09-05T16:16:17,2026-09-05T16:10,20903,調布南口店,満席,4,FULL,0
2026-09-05T16:16:17,2026-09-05T16:10,20895,登戸駅前店,満席,4,FULL,0
2026-09-05T16:16:17,2026-09-05T16:10,20391,百合ヶ丘店,満席,4,FULL,0
2026-09-05T16:16:17,2026-09-05T16:10,20332,横浜北山田店,満席,4,FULL,0
2026-09-05T16:24:39,2026-09-05T16:20,20903,調布南口店,満席,4,FULL,0
2026-09-05T16:24:39,2026-09-05T16:20,20895,登戸駅前店,満席,4,FULL,0
2026-09-05T16:24:39,2026-09-05T16:20,20391,百合ヶ丘店,満席,4,FULL,0
2026-09-05T16:24:39,2026-09-05T16:20,20332,横浜北山田店,残2席,1,AVAILABLE,2
2026-09-05T16:31:56,2026-09-05T16:20,20903,調布南口店,満席,4,FULL,0
2026-09-05T16:31:56,2026-09-05T16:20,20895,登戸駅前店,満席,4,FULL,0
2026-09-05T16:31:56,2026-09-05T16:20,20391,百合ヶ丘店,満席,4,FULL,0
2026-09-05T16:31:56,2026-09-05T16:20,20332,横浜北山田店,残2席,1,AVAILABLE,2
2026-09-05T16:42:06,2026-09-05T16:40,20903,調布南口店,残1席,1,AVAILABLE,1
2026-09-05T16:42:06,2026-09-05T16:40,20895,登戸駅前店,満席,4,FULL,0
2026-09-05T16:42:06,2026-09-05T16:40,20391,百合ヶ丘店,満席,4,FULL,0
2026-09-05T16:42:06,2026-09-05T16:40,20332,横浜北山田店,残1席,1,AVAILABLE,1
2026-09-05T16:50:46,2026-09-05T16:40,20903,調布南口店,満席,4,FULL,0
2026-09-05T16:50:46,2026-09-05T16:40,20895,登戸駅前店,満席,4,FULL,0
2026-09-05T16:50:46,2026-09-05T16:40,20391,百合ヶ丘店,満席,4,FULL,0
2026-09-05T16:50:46,2026-09-05T16:40,20332,横浜北山田店,残1席,1,AVAILABLE,1
2026-09-05T17:01:16,2026-09-05T16:50,20903,調布南口店,満席,4,FULL,0
2026-09-05T17:01:16,2026-09-05T16:50,20895,登戸駅前店,満席,4,FULL,0
2026-09-05T17:01:16,2026-09-05T16:50,20391,百合ヶ丘店,満席,4,FULL,0
2026-09-05T17:01:16,2026-09-05T16:50,20332,横浜北山田店,残1席,1,AVAILABLE,1
2026-09-05T17:18:25,2026-09-05T17:10,20903,調布南口店,満席,4,FULL,0
2026-09-05T17:18:25,2026-09-05T17:10,20895,登戸駅前店,満席,4,FULL,0
2026-09-05T17:18:25,2026-09-05T17:10,20391,百合ヶ丘店,満席,4,FULL,0
2026-09-05T17:18:25,2026-09-05T17:10,20332,横浜北山田店,残2席,1,AVAILABLE,2
2026-09-05T17:28:07,2026-09-05T17:20,20903,調布南口店,満席,4,FULL,0
2026-09-05T17:28:07,2026-09-05T17:20,20895,登戸駅前店,満席,4,FULL,0
2026-09-05T17:28:07,2026-09-05T17:20,20391,百合ヶ丘店,満席,4,FULL,0
2026-09-05T17:28:07,2026-09-05T17:20,20332,横浜北山田店,残7席,1,AVAILABLE,7
2026-09-05T17:36:49,2026-09-05T17:30,20903,調布南口店,満席,4,FULL,0
2026-09-05T17:36:49,2026-09-05T17:30,20895,登戸駅前店,満席,4,FULL,0
2026-09-05T17:36:49,2026-09-05T17:30,20391,百合ヶ丘店,満席,4,FULL,0
2026-09-05T17:36:49,2026-09-05T17:30,20332,横浜北山田店,残6席,1,AVAILABLE,6
2026-09-05T17:44:43,2026-09-05T17:40,20903,調布南口店,満席,4,FULL,0
2026-09-05T17:44:43,2026-09-05T17:40,20895,登戸駅前店,満席,4,FULL,0
2026-09-05T17:44:43,2026-09-05T17:40,20391,百合ヶ丘店,満席,4,FULL,0
2026-09-05T17:44:43,2026-09-05T17:40,20332,横浜北山田店,残6席,1,AVAILABLE,6
2026-09-05T17:50:31,2026-09-05T17:40,20903,調布南口店,満席,4,FULL,0
2026-09-05T17:50:31,2026-09-05T17:40,20895,登戸駅前店,満席,4,FULL,0
2026-09-05T17:50:31,2026-09-05T17:40,20391,百合ヶ丘店,満席,4,FULL,0
2026-09-05T17:50:31,2026-09-05T17:40,20332,横浜北山田店,残6席,1,AVAILABLE,6
2026-09-05T18:00:55,2026-09-05T17:50,20903,調布南口店,満席,4,FULL,0
2026-09-05T18:00:55,2026-09-05T17:50,20895,登戸駅前店,満席,4,FULL,0
2026-09-05T18:00:55,2026-09-05T17:50,20391,百合ヶ丘店,満席,4,FULL,0
2026-09-05T18:00:55,2026-09-05T17:50,20332,横浜北山田店,残6席,1,AVAILABLE,6
2026-09-05T18:16:45,2026-09-05T18:10,20903,調布南口店,満席,4,FULL,0
2026-09-05T18:16:45,2026-09-05T18:10,20895,登戸駅前店,満席,4,FULL,0
2026-09-05T18:16:45,2026-09-05T18:10,20391,百合ヶ丘店,満席,4,FULL,0
2026-09-05T18:16:45,2026-09-05T18:10,20332,横浜北山田店,残6席,1,AVAILABLE,6
2026-09-05T18:25:44,2026-09-05T18:20,20903,調布南口店,満席,4,FULL,0
2026-09-05T18:25:44,2026-09-05T18:20,20895,登戸駅前店,満席,4,FULL,0
2026-09-05T18:25:44,2026-09-05T18:20,20391,百合ヶ丘店,満席,4,FULL,0
2026-09-05T18:25:44,2026-09-05T18:20,20332,横浜北山田店,残8席,1,AVAILABLE,8
2026-09-05T18:33:07,2026-09-05T18:30,20903,調布南口店,満席,4,FULL,0
2026-09-05T18:33:07,2026-09-05T18:30,20895,登戸駅前店,満席,4,FULL,0
2026-09-05T18:33:07,2026-09-05T18:30,20391,百合ヶ丘店,満席,4,FULL,0
2026-09-05T18:33:07,2026-09-05T18:30,20332,横浜北山田店,残7席,1,AVAILABLE,7
2026-09-05T18:41:43,2026-09-05T18:30,20903,調布南口店,満席,4,FULL,0
2026-09-05T18:41:43,2026-09-05T18:30,20895,登戸駅前店,満席,4,FULL,0
2026-09-05T18:41:43,2026-09-05T18:30,20391,百合ヶ丘店,満席,4,FULL,0
2026-09-05T18:41:43,2026-09-05T18:30,20332,横浜北山田店,残7席,1,AVAILABLE,7
2026-09-05T18:51:07,2026-09-05T18:40,20903,調布南口店,満席,4,FULL,0
2026-09-05T18:51:07,2026-09-05T18:40,20895,登戸駅前店,満席,4,FULL,0
2026-09-05T18:51:07,2026-09-05T18:40,20391,百合ヶ丘店,満席,4,FULL,0
2026-09-05T18:51:07,2026-09-05T18:40,20332,横浜北山田店,残4席,1,AVAILABLE,4
2026-09-05T19:00:58,2026-09-05T18:50,20903,調布南口店,満席,4,FULL,0
2026-09-05T19:00:58,2026-09-05T18:50,20895,登戸駅前店,満席,4,FULL,0
2026-09-05T19:00:58,2026-09-05T18:50,20391,百合ヶ丘店,満席,4,FULL,0
2026-09-05T19:00:58,2026-09-05T18:50,20332,横浜北山田店,残4席,1,AVAILABLE,4
2026-09-05T19:17:05,2026-09-05T19:10,20903,調布南口店,満席,4,FULL,0
2026-09-05T19:17:05,2026-09-05T19:10,20895,登戸駅前店,満席,4,FULL,0
2026-09-05T19:17:05,2026-09-05T19:10,20391,百合ヶ丘店,満席,4,FULL,0
2026-09-05T19:17:05,2026-09-05T19:10,20332,横浜北山田店,残4席,1,AVAILABLE,4
2026-09-05T19:25:36,2026-09-05T19:20,20903,調布南口店,満席,4,FULL,0
2026-09-05T19:25:36,2026-09-05T19:20,20895,登戸駅前店,満席,4,FULL,0
2026-09-05T19:25:36,2026-09-05T19:20,20391,百合ヶ丘店,満席,4,FULL,0
2026-09-05T19:25:36,2026-09-05T19:20,20332,横浜北山田店,残5席,1,AVAILABLE,5
2026-09-05T19:32:41,2026-09-05T19:30,20903,調布南口店,満席,4,FULL,0
2026-09-05T19:32:41,2026-09-05T19:30,20895,登戸駅前店,満席,4,FULL,0
2026-09-05T19:32:41,2026-09-05T19:30,20391,百合ヶ丘店,満席,4,FULL,0
2026-09-05T19:32:41,2026-09-05T19:30,20332,横浜北山田店,残5席,1,AVAILABLE,5
2026-09-05T19:41:56,2026-09-05T19:30,20903,調布南口店,満席,4,FULL,0
2026-09-05T19:41:56,2026-09-05T19:30,20895,登戸駅前店,満席,4,FULL,0
2026-09-05T19:41:56,2026-09-05T19:30,20391,百合ヶ丘店,満席,4,FULL,0
2026-09-05T19:41:56,2026-09-05T19:30,20332,横浜北山田店,残5席,1,AVAILABLE,5
2026-09-05T19:50:37,2026-09-05T19:40,20903,調布南口店,満席,4,FULL,0
2026-09-05T19:50:37,2026-09-05T19:40,20895,登戸駅前店,満席,4,FULL,0
2026-09-05T19:50:37,2026-09-05T19:40,20391,百合ヶ丘店,満席,4,FULL,0
2026-09-05T19:50:37,2026-09-05T19:40,20332,横浜北山田店,残5席,1,AVAILABLE,5
2026-09-05T20:00:59,2026-09-05T19:50,20903,調布南口店,満席,4,FULL,0
2026-09-05T20:00:59,2026-09-05T19:50,20895,登戸駅前店,満席,4,FULL,0
2026-09-05T20:00:59,2026-09-05T19:50,20391,百合ヶ丘店,満席,4,FULL,0
2026-09-05T20:00:59,2026-09-05T19:50,20332,横浜北山田店,残8席,1,AVAILABLE,8
2026-09-05T20:16:38,2026-09-05T20:10,20903,調布南口店,満席,4,FULL,0
2026-09-05T20:16:38,2026-09-05T20:10,20895,登戸駅前店,満席,4,FULL,0
2026-09-05T20:16:38,2026-09-05T20:10,20391,百合ヶ丘店,満席,4,FULL,0
2026-09-05T20:16:38,2026-09-05T20:10,20332,横浜北山田店,残7席,1,AVAILABLE,7
2026-09-05T20:25:05,2026-09-05T20:20,20903,調布南口店,満席,4,FULL,0
2026-09-05T20:25:05,2026-09-05T20:20,20895,登戸駅前店,満席,4,FULL,0
2026-09-05T20:25:05,2026-09-05T20:20,20391,百合ヶ丘店,残1席,1,AVAILABLE,1
2026-09-05T20:25:05,2026-09-05T20:20,20332,横浜北山田店,残7席,1,AVAILABLE,7
2026-09-05T20:30:50,2026-09-05T20:20,20903,調布南口店,満席,4,FULL,0
2026-09-05T20:30:50,2026-09-05T20:20,20895,登戸駅前店,満席,4,FULL,0
2026-09-05T20:30:50,2026-09-05T20:20,20391,百合ヶ丘店,残1席,1,AVAILABLE,1
2026-09-05T20:30:50,2026-09-05T20:20,20332,横浜北山田店,残7席,1,AVAILABLE,7
2026-09-05T20:41:07,2026-09-05T20:30,20903,調布南口店,満席,4,FULL,0
2026-09-05T20:41:07,2026-09-05T20:30,20895,登戸駅前店,満席,4,FULL,0
2026-09-05T20:41:07,2026-09-05T20:30,20391,百合ヶ丘店,残1席,1,AVAILABLE,1
2026-09-05T20:41:07,2026-09-05T20:30,20332,横浜北山田店,残8席,1,AVAILABLE,8
2026-09-05T20:50:33,2026-09-05T20:40,20903,調布南口店,満席,4,FULL,0
2026-09-05T20:50:33,2026-09-05T20:40,20895,登戸駅前店,満席,4,FULL,0
2026-09-05T20:50:33,2026-09-05T20:40,20391,百合ヶ丘店,残1席,1,AVAILABLE,1
2026-09-05T20:50:33,2026-09-05T20:40,20332,横浜北山田店,残5席,1,AVAILABLE,5
2026-09-05T21:00:58,2026-09-05T20:50,20903,調布南口店,満席,4,FULL,0
2026-09-05T21:00:58,2026-09-05T20:50,20895,登戸駅前店,満席,4,FULL,0
2026-09-05T21:00:58,2026-09-05T20:50,20391,百合ヶ丘店,残1席,1,AVAILABLE,1
2026-09-05T21:00:58,2026-09-05T20:50,20332,横浜北山田店,残2席,1,AVAILABLE,2
2026-09-05T21:21:33,2026-09-05T21:10,20903,調布南口店,満席,4,FULL,0
2026-09-05T21:21:33,2026-09-05T21:10,20895,登戸駅前店,残1席,1,AVAILABLE,1
2026-09-05T21:21:33,2026-09-05T21:10,20391,百合ヶ丘店,残1席,1,AVAILABLE,1
2026-09-05T21:21:33,2026-09-05T21:10,20332,横浜北山田店,残1席,1,AVAILABLE,1
2026-09-05T21:36:07,2026-09-05T21:30,20903,調布南口店,満席,4,FULL,0
2026-09-05T21:36:07,2026-09-05T21:30,20895,登戸駅前店,満席,4,FULL,0
2026-09-05T21:36:07,2026-09-05T21:30,20391,百合ヶ丘店,満席,4,FULL,0
2026-09-05T21:36:07,2026-09-05T21:30,20332,横浜北山田店,満席,4,FULL,0
2026-09-05T21:47:15,2026-09-05T21:40,20903,調布南口店,満席,4,FULL,0
2026-09-05T21:47:15,2026-09-05T21:40,20895,登戸駅前店,満席,4,FULL,0
2026-09-05T21:47:15,2026-09-05T21:40,20391,百合ヶ丘店,満席,4,FULL,0
2026-09-05T21:47:15,2026-09-05T21:40,20332,横浜北山田店,満席,4,FULL,0
2026-09-05T21:54:34,2026-09-05T21:50,20903,調布南口店,満席,4,FULL,0
2026-09-05T21:54:34,2026-09-05T21:50,20895,登戸駅前店,満席,4,FULL,0
2026-09-05T21:54:34,2026-09-05T21:50,20391,百合ヶ丘店,満席,4,FULL,0
2026-09-05T21:54:34,2026-09-05T21:50,20332,横浜北山田店,満席,4,FULL,0
2026-09-05T22:00:58,2026-09-05T21:50,20903,調布南口店,満席,4,FULL,0
2026-09-05T22:00:58,2026-09-05T21:50,20895,登戸駅前店,満席,4,FULL,0
2026-09-05T22:00:58,2026-09-05T21:50,20391,百合ヶ丘店,満席,4,FULL,0
2026-09-05T22:00:58,2026-09-05T21:50,20332,横浜北山田店,満席,4,FULL,0
2026-09-05T22:16:48,2026-09-05T22:10,20903,調布南口店,残1席,1,AVAILABLE,1
2026-09-05T22:16:48,2026-09-05T22:10,20895,登戸駅前店,満席,4,FULL,0
2026-09-05T22:16:48,2026-09-05T22:10,20391,百合ヶ丘店,満席,4,FULL,0
2026-09-05T22:16:48,2026-09-05T22:10,20332,横浜北山田店,残1席,1,AVAILABLE,1
2026-09-05T22:25:17,2026-09-05T22:20,20903,調布南口店,残1席,1,AVAILABLE,1
2026-09-05T22:25:17,2026-09-05T22:20,20895,登戸駅前店,満席,4,FULL,0
2026-09-05T22:25:17,2026-09-05T22:20,20391,百合ヶ丘店,満席,4,FULL,0
2026-09-05T22:25:17,2026-09-05T22:20,20332,横浜北山田店,残1席,1,AVAILABLE,1
2026-09-05T22:31:26,2026-09-05T22:20,20903,調布南口店,残1席,1,AVAILABLE,1
2026-09-05T22:31:26,2026-09-05T22:20,20895,登戸駅前店,満席,4,FULL,0
2026-09-05T22:31:26,2026-09-05T22:20,20391,百合ヶ丘店,満席,4,FULL,0
2026-09-05T22:31:26,2026-09-05T22:20,20332,横浜北山田店,残1席,1,AVAILABLE,1
2026-09-05T22:41:13,2026-09-05T22:30,20903,調布南口店,残1席,1,AVAILABLE,1
2026-09-05T22:41:13,2026-09-05T22:30,20895,登戸駅前店,満席,4,FULL,0
2026-09-05T22:41:13,2026-09-05T22:30,20391,百合ヶ丘店,満席,4,FULL,0
2026-09-05T22:41:13,2026-09-05T22:30,20332,横浜北山田店,残2席,1,AVAILABLE,2
2026-09-05T22:50:36,2026-09-05T22:40,20903,調布南口店,残1席,1,AVAILABLE,1
2026-09-05T22:50:36,2026-09-05T22:40,20895,登戸駅前店,満席,4,FULL,0
2026-09-05T22:50:36,2026-09-05T22:40,20391,百合ヶ丘店,満席,4,FULL,0
2026-09-05T22:50:36,2026-09-05T22:40,20332,横浜北山田店,残1席,1,AVAILABLE,1
2026-09-05T23:00:43,2026-09-05T22:50,20903,調布南口店,残2席,1,AVAILABLE,2
2026-09-05T23:00:43,2026-09-05T22:50,20895,登戸駅前店,満席,4,FULL,0
2026-09-05T23:00:43,2026-09-05T22:50,20391,百合ヶ丘店,満席,4,FULL,0
2026-09-05T23:00:43,2026-09-05T22:50,20332,横浜北山田店,残4席,1,AVAILABLE,4
2026-09-05T23:16:51,2026-09-05T23:10,20903,調布南口店,残3席,1,AVAILABLE,3
2026-09-05T23:16:51,2026-09-05T23:10,20895,登戸駅前店,満席,4,FULL,0
2026-09-05T23:16:51,2026-09-05T23:10,20391,百合ヶ丘店,満席,4,FULL,0
2026-09-05T23:16:51,2026-09-05T23:10,20332,横浜北山田店,残5席,1,AVAILABLE,5
2026-09-05T23:25:24,2026-09-05T23:20,20903,調布南口店,残3席,1,AVAILABLE,3
2026-09-05T23:25:24,2026-09-05T23:20,20895,登戸駅前店,満席,4,FULL,0
2026-09-05T23:25:24,2026-09-05T23:20,20391,百合ヶ丘店,満席,4,FULL,0
2026-09-05T23:25:24,2026-09-05T23:20,20332,横浜北山田店,残1席,1,AVAILABLE,1
2026-09-05T23:32:03,2026-09-05T23:30,20903,調布南口店,残3席,1,AVAILABLE,3
2026-09-05T23:32:03,2026-09-05T23:30,20895,登戸駅前店,満席,4,FULL,0
2026-09-05T23:32:03,2026-09-05T23:30,20391,百合ヶ丘店,満席,4,FULL,0
2026-09-05T23:32:03,2026-09-05T23:30,20332,横浜北山田店,残1席,1,AVAILABLE,1
2026-09-05T23:41:44,2026-09-05T23:30,20903,調布南口店,残3席,1,AVAILABLE,3
2026-09-05T23:41:44,2026-09-05T23:30,20895,登戸駅前店,残1席,1,AVAILABLE,1
2026-09-05T23:41:44,2026-09-05T23:30,20391,百合ヶ丘店,満席,4,FULL,0
2026-09-05T23:41:44,2026-09-05T23:30,20332,横浜北山田店,満席,4,FULL,0
2026-09-05T23:50:38,2026-09-05T23:40,20903,調布南口店,残3席,1,AVAILABLE,3
2026-09-05T23:50:38,2026-09-05T23:40,20895,登戸駅前店,残2席,1,AVAILABLE,2
2026-09-05T23:50:38,2026-09-05T23:40,20391,百合ヶ丘店,満席,4,FULL,0
2026-09-05T23:50:38,2026-09-05T23:40,20332,横浜北山田店,満席,4,FULL,0
2026-09-06T00:01:01,2026-09-05T23:50,20903,調布南口店,残3席,1,AVAILABLE,3
2026-09-06T00:01:01,2026-09-05T23:50,20895,登戸駅前店,残1席,1,AVAILABLE,1
2026-09-06T00:01:01,2026-09-05T23:50,20391,百合ヶ丘店,満席,4,FULL,0
2026-09-06T00:01:01,2026-09-05T23:50,20332,横浜北山田店,満席,4,FULL,0
2026-09-06T00:17:11,2026-09-06T00:10,20903,調布南口店,残3席,1,AVAILABLE,3
2026-09-06T00:17:11,2026-09-06T00:10,20895,登戸駅前店,満席,4,FULL,0
2026-09-06T00:17:11,2026-09-06T00:10,20391,百合ヶ丘店,満席,4,FULL,0
2026-09-06T00:17:11,2026-09-06T00:10,20332,横浜北山田店,満席,4,FULL,0
2026-09-06T00:26:14,2026-09-06T00:20,20903,調布南口店,残3席,1,AVAILABLE,3
2026-09-06T00:26:14,2026-09-06T00:20,20895,登戸駅前店,満席,4,FULL,0
2026-09-06T00:26:14,2026-09-06T00:20,20391,百合ヶ丘店,満席,4,FULL,0
2026-09-06T00:26:14,2026-09-06T00:20,20332,横浜北山田店,満席,4,FULL,0
2026-09-06T00:33:12,2026-09-06T00:30,20903,調布南口店,残3席,1,AVAILABLE,3
2026-09-06T00:33:12,2026-09-06T00:30,20895,登戸駅前店,満席,4,FULL,0
2026-09-06T00:33:12,2026-09-06T00:30,20391,百合ヶ丘店,満席,4,FULL,0
2026-09-06T00:33:12,2026-09-06T00:30,20332,横浜北山田店,満席,4,FULL,0
2026-09-06T00:42:10,2026-09-06T00:40,20903,調布南口店,残3席,1,AVAILABLE,3
2026-09-06T00:42:10,2026-09-06T00:40,20895,登戸駅前店,満席,4,FULL,0
2026-09-06T00:42:10,2026-09-06T00:40,20391,百合ヶ丘店,満席,4,FULL,0
2026-09-06T00:42:10,2026-09-06T00:40,20332,横浜北山田店,満席,4,FULL,0
2026-09-06T00:50:55,2026-09-06T00:40,20903,調布南口店,残2席,1,AVAILABLE,2
2026-09-06T00:50:55,2026-09-06T00:40,20895,登戸駅前店,満席,4,FULL,0
2026-09-06T00:50:55,2026-09-06T00:40,20391,百合ヶ丘店,満席,4,FULL,0
2026-09-06T00:50:55,2026-09-06T00:40,20332,横浜北山田店,満席,4,FULL,0
2026-09-06T01:01:08,2026-09-06T00:50,20903,調布南口店,残2席,1,AVAILABLE,2
2026-09-06T01:01:08,2026-09-06T00:50,20895,登戸駅前店,満席,4,FULL,0
2026-09-06T01:01:08,2026-09-06T00:50,20391,百合ヶ丘店,満席,4,FULL,0
2026-09-06T01:01:08,2026-09-06T00:50,20332,横浜北山田店,残1席,1,AVAILABLE,1
2026-09-06T01:17:54,2026-09-06T01:10,20903,調布南口店,残1席,1,AVAILABLE,1
2026-09-06T01:17:54,2026-09-06T01:10,20895,登戸駅前店,残2席,1,AVAILABLE,2
2026-09-06T01:17:54,2026-09-06T01:10,20391,百合ヶ丘店,満席,4,FULL,0
2026-09-06T01:17:54,2026-09-06T01:10,20332,横浜北山田店,残1席,1,AVAILABLE,1
2026-09-06T01:27:33,2026-09-06T01:20,20903,調布南口店,満席,4,FULL,0
2026-09-06T01:27:33,2026-09-06T01:20,20895,登戸駅前店,残2席,1,AVAILABLE,2
2026-09-06T01:27:33,2026-09-06T01:20,20391,百合ヶ丘店,満席,4,FULL,0
2026-09-06T01:27:33,2026-09-06T01:20,20332,横浜北山田店,残1席,1,AVAILABLE,1
2026-09-06T01:35:42,2026-09-06T01:30,20903,調布南口店,満席,4,FULL,0
2026-09-06T01:35:42,2026-09-06T01:30,20895,登戸駅前店,残2席,1,AVAILABLE,2
2026-09-06T01:35:42,2026-09-06T01:30,20391,百合ヶ丘店,残2席,1,AVAILABLE,2
2026-09-06T01:35:42,2026-09-06T01:30,20332,横浜北山田店,満席,4,FULL,0
2026-09-06T01:42:19,2026-09-06T01:40,20903,調布南口店,満席,4,FULL,0
2026-09-06T01:42:19,2026-09-06T01:40,20895,登戸駅前店,残2席,1,AVAILABLE,2
2026-09-06T01:42:19,2026-09-06T01:40,20391,百合ヶ丘店,残3席,1,AVAILABLE,3
2026-09-06T01:42:19,2026-09-06T01:40,20332,横浜北山田店,満席,4,FULL,0
2026-09-06T01:50:56,2026-09-06T01:40,20903,調布南口店,満席,4,FULL,0
2026-09-06T01:50:56,2026-09-06T01:40,20895,登戸駅前店,残2席,1,AVAILABLE,2
2026-09-06T01:50:56,2026-09-06T01:40,20391,百合ヶ丘店,残3席,1,AVAILABLE,3
2026-09-06T01:50:56,2026-09-06T01:40,20332,横浜北山田店,満席,4,FULL,0
2026-09-06T02:00:50,2026-09-06T01:50,20903,調布南口店,満席,4,FULL,0
2026-09-06T02:00:50,2026-09-06T01:50,20895,登戸駅前店,残1席,1,AVAILABLE,1
2026-09-06T02:00:50,2026-09-06T01:50,20391,百合ヶ丘店,残3席,1,AVAILABLE,3
2026-09-06T02:00:50,2026-09-06T01:50,20332,横浜北山田店,満席,4,FULL,0
2026-09-06T02:15:53,2026-09-06T02:10,20903,調布南口店,残1席,1,AVAILABLE,1
2026-09-06T02:15:53,2026-09-06T02:10,20895,登戸駅前店,満席,4,FULL,0
2026-09-06T02:15:53,2026-09-06T02:10,20391,百合ヶ丘店,残3席,1,AVAILABLE,3
2026-09-06T02:15:53,2026-09-06T02:10,20332,横浜北山田店,満席,4,FULL,0
2026-09-06T02:23:57,2026-09-06T02:20,20903,調布南口店,満席,4,FULL,0
2026-09-06T02:23:57,2026-09-06T02:20,20895,登戸駅前店,満席,4,FULL,0
2026-09-06T02:23:57,2026-09-06T02:20,20391,百合ヶ丘店,残2席,1,AVAILABLE,2
2026-09-06T02:23:57,2026-09-06T02:20,20332,横浜北山田店,満席,4,FULL,0
2026-09-06T02:30:46,2026-09-06T02:20,20903,調布南口店,満席,4,FULL,0
2026-09-06T02:30:46,2026-09-06T02:20,20895,登戸駅前店,満席,4,FULL,0
2026-09-06T02:30:46,2026-09-06T02:20,20391,百合ヶ丘店,残2席,1,AVAILABLE,2
2026-09-06T02:30:46,2026-09-06T02:20,20332,横浜北山田店,満席,4,FULL,0
2026-09-06T02:41:31,2026-09-06T02:30,20903,調布南口店,満席,4,FULL,0
2026-09-06T02:41:31,2026-09-06T02:30,20895,登戸駅前店,満席,4,FULL,0
2026-09-06T02:41:31,2026-09-06T02:30,20391,百合ヶ丘店,残1席,1,AVAILABLE,1
2026-09-06T02:41:31,2026-09-06T02:30,20332,横浜北山田店,残1席,1,AVAILABLE,1
2026-09-06T02:50:57,2026-09-06T02:40,20903,調布南口店,満席,4,FULL,0
2026-09-06T02:50:57,2026-09-06T02:40,20895,登戸駅前店,満席,4,FULL,0
2026-09-06T02:50:57,2026-09-06T02:40,20391,百合ヶ丘店,残2席,1,AVAILABLE,2
2026-09-06T02:50:57,2026-09-06T02:40,20332,横浜北山田店,残1席,1,AVAILABLE,1
2026-09-06T03:01:15,2026-09-06T02:50,20903,調布南口店,満席,4,FULL,0
2026-09-06T03:01:15,2026-09-06T02:50,20895,登戸駅前店,満席,4,FULL,0
2026-09-06T03:01:15,2026-09-06T02:50,20391,百合ヶ丘店,残2席,1,AVAILABLE,2
2026-09-06T03:01:15,2026-09-06T02:50,20332,横浜北山田店,残2席,1,AVAILABLE,2
2026-09-06T03:19:34,2026-09-06T03:10,20903,調布南口店,満席,4,FULL,0
2026-09-06T03:19:34,2026-09-06T03:10,20895,登戸駅前店,満席,4,FULL,0
2026-09-06T03:19:34,2026-09-06T03:10,20391,百合ヶ丘店,残2席,1,AVAILABLE,2
2026-09-06T03:19:34,2026-09-06T03:10,20332,横浜北山田店,残5席,1,AVAILABLE,5
2026-09-06T03:31:44,2026-09-06T03:20,20903,調布南口店,満席,4,FULL,0
2026-09-06T03:31:44,2026-09-06T03:20,20895,登戸駅前店,満席,4,FULL,0
2026-09-06T03:31:44,2026-09-06T03:20,20391,百合ヶ丘店,残2席,1,AVAILABLE,2
2026-09-06T03:31:44,2026-09-06T03:20,20332,横浜北山田店,残5席,1,AVAILABLE,5
2026-09-06T03:45:20,2026-09-06T03:40,20903,調布南口店,満席,4,FULL,0
2026-09-06T03:45:20,2026-09-06T03:40,20895,登戸駅前店,満席,4,FULL,0
2026-09-06T03:45:20,2026-09-06T03:40,20391,百合ヶ丘店,残2席,1,AVAILABLE,2
2026-09-06T03:45:20,2026-09-06T03:40,20332,横浜北山田店,残7席,1,AVAILABLE,7
2026-09-06T03:52:38,2026-09-06T03:50,20903,調布南口店,満席,4,FULL,0
2026-09-06T03:52:38,2026-09-06T03:50,20895,登戸駅前店,満席,4,FULL,0
2026-09-06T03:52:38,2026-09-06T03:50,20391,百合ヶ丘店,残2席,1,AVAILABLE,2
2026-09-06T03:52:38,2026-09-06T03:50,20332,横浜北山田店,残7席,1,AVAILABLE,7
2026-09-06T04:00:53,2026-09-06T03:50,20903,調布南口店,満席,4,FULL,0
2026-09-06T04:00:53,2026-09-06T03:50,20895,登戸駅前店,満席,4,FULL,0
2026-09-06T04:00:53,2026-09-06T03:50,20391,百合ヶ丘店,残2席,1,AVAILABLE,2
2026-09-06T04:00:53,2026-09-06T03:50,20332,横浜北山田店,残7席,1,AVAILABLE,7
2026-09-06T04:15:40,2026-09-06T04:10,20903,調布南口店,満席,4,FULL,0
2026-09-06T04:15:40,2026-09-06T04:10,20895,登戸駅前店,満席,4,FULL,0
2026-09-06T04:15:40,2026-09-06T04:10,20391,百合ヶ丘店,残1席,1,AVAILABLE,1
2026-09-06T04:15:40,2026-09-06T04:10,20332,横浜北山田店,残6席,1,AVAILABLE,6
2026-09-06T04:23:37,2026-09-06T04:20,20903,調布南口店,満席,4,FULL,0
2026-09-06T04:23:37,2026-09-06T04:20,20895,登戸駅前店,満席,4,FULL,0
2026-09-06T04:23:37,2026-09-06T04:20,20391,百合ヶ丘店,残1席,1,AVAILABLE,1
2026-09-06T04:23:37,2026-09-06T04:20,20332,横浜北山田店,残6席,1,AVAILABLE,6
2026-09-06T04:30:49,2026-09-06T04:20,20903,調布南口店,満席,4,FULL,0
2026-09-06T04:30:49,2026-09-06T04:20,20895,登戸駅前店,満席,4,FULL,0
2026-09-06T04:30:49,2026-09-06T04:20,20391,百合ヶ丘店,残1席,1,AVAILABLE,1
2026-09-06T04:30:49,2026-09-06T04:20,20332,横浜北山田店,残6席,1,AVAILABLE,6
2026-09-06T04:40:56,2026-09-06T04:30,20903,調布南口店,満席,4,FULL,0
2026-09-06T04:40:56,2026-09-06T04:30,20895,登戸駅前店,満席,4,FULL,0
2026-09-06T04:40:56,2026-09-06T04:30,20391,百合ヶ丘店,残1席,1,AVAILABLE,1
2026-09-06T04:40:56,2026-09-06T04:30,20332,横浜北山田店,残10席以上,1,AVAILABLE,10
2026-09-06T04:51:07,2026-09-06T04:40,20903,調布南口店,満席,4,FULL,0
2026-09-06T04:51:07,2026-09-06T04:40,20895,登戸駅前店,満席,4,FULL,0
2026-09-06T04:51:07,2026-09-06T04:40,20391,百合ヶ丘店,残1席,1,AVAILABLE,1
2026-09-06T04:51:07,2026-09-06T04:40,20332,横浜北山田店,残10席以上,1,AVAILABLE,10
2026-09-06T05:00:49,2026-09-06T04:50,20903,調布南口店,満席,4,FULL,0
2026-09-06T05:00:49,2026-09-06T04:50,20895,登戸駅前店,満席,4,FULL,0
2026-09-06T05:00:49,2026-09-06T04:50,20391,百合ヶ丘店,残1席,1,AVAILABLE,1
2026-09-06T05:00:49,2026-09-06T04:50,20332,横浜北山田店,残10席以上,1,AVAILABLE,10
2026-09-06T05:17:40,2026-09-06T05:10,20903,調布南口店,満席,4,FULL,0
2026-09-06T05:17:40,2026-09-06T05:10,20895,登戸駅前店,満席,4,FULL,0
2026-09-06T05:17:40,2026-09-06T05:10,20391,百合ヶ丘店,残1席,1,AVAILABLE,1
2026-09-06T05:17:40,2026-09-06T05:10,20332,横浜北山田店,残10席以上,1,AVAILABLE,10
2026-09-06T05:27:01,2026-09-06T05:20,20903,調布南口店,残1席,1,AVAILABLE,1
2026-09-06T05:27:01,2026-09-06T05:20,20895,登戸駅前店,満席,4,FULL,0
2026-09-06T05:27:01,2026-09-06T05:20,20391,百合ヶ丘店,残2席,1,AVAILABLE,2
2026-09-06T05:27:01,2026-09-06T05:20,20332,横浜北山田店,残10席以上,1,AVAILABLE,10
2026-09-06T05:34:41,2026-09-06T05:30,20903,調布南口店,残3席,1,AVAILABLE,3
2026-09-06T05:34:41,2026-09-06T05:30,20895,登戸駅前店,満席,4,FULL,0
2026-09-06T05:34:41,2026-09-06T05:30,20391,百合ヶ丘店,残2席,1,AVAILABLE,2
2026-09-06T05:34:41,2026-09-06T05:30,20332,横浜北山田店,残10席以上,1,AVAILABLE,10
2026-09-06T05:41:49,2026-09-06T05:30,20903,調布南口店,残3席,1,AVAILABLE,3
2026-09-06T05:41:49,2026-09-06T05:30,20895,登戸駅前店,満席,4,FULL,0
2026-09-06T05:41:49,2026-09-06T05:30,20391,百合ヶ丘店,残2席,1,AVAILABLE,2
2026-09-06T05:41:49,2026-09-06T05:30,20332,横浜北山田店,残10席以上,1,AVAILABLE,10
2026-09-06T05:51:02,2026-09-06T05:40,20903,調布南口店,残3席,1,AVAILABLE,3
2026-09-06T05:51:02,2026-09-06T05:40,20895,登戸駅前店,満席,4,FULL,0
2026-09-06T05:51:02,2026-09-06T05:40,20391,百合ヶ丘店,残2席,1,AVAILABLE,2
2026-09-06T05:51:02,2026-09-06T05:40,20332,横浜北山田店,残10席以上,1,AVAILABLE,10
2026-09-06T06:00:49,2026-09-06T05:50,20903,調布南口店,残3席,1,AVAILABLE,3
2026-09-06T06:00:49,2026-09-06T05:50,20895,登戸駅前店,満席,4,FULL,0
2026-09-06T06:00:49,2026-09-06T05:50,20391,百合ヶ丘店,残4席,1,AVAILABLE,4
2026-09-06T06:00:49,2026-09-06T05:50,20332,横浜北山田店,残9席,1,AVAILABLE,9
2026-09-06T06:16:25,2026-09-06T06:10,20903,調布南口店,残2席,1,AVAILABLE,2
2026-09-06T06:16:25,2026-09-06T06:10,20895,登戸駅前店,残2席,1,AVAILABLE,2
2026-09-06T06:16:25,2026-09-06T06:10,20391,百合ヶ丘店,残4席,1,AVAILABLE,4
2026-09-06T06:16:25,2026-09-06T06:10,20332,横浜北山田店,残6席,1,AVAILABLE,6
2026-09-06T06:24:47,2026-09-06T06:20,20903,調布南口店,残1席,1,AVAILABLE,1
2026-09-06T06:24:47,2026-09-06T06:20,20895,登戸駅前店,残2席,1,AVAILABLE,2
2026-09-06T06:24:47,2026-09-06T06:20,20391,百合ヶ丘店,残4席,1,AVAILABLE,4
2026-09-06T06:24:47,2026-09-06T06:20,20332,横浜北山田店,残6席,1,AVAILABLE,6
2026-09-06T06:31:01,2026-09-06T06:20,20903,調布南口店,残1席,1,AVAILABLE,1
2026-09-06T06:31:01,2026-09-06T06:20,20895,登戸駅前店,残2席,1,AVAILABLE,2
2026-09-06T06:31:01,2026-09-06T06:20,20391,百合ヶ丘店,残4席,1,AVAILABLE,4
2026-09-06T06:31:01,2026-09-06T06:20,20332,横浜北山田店,残6席,1,AVAILABLE,6
2026-09-06T06:40:54,2026-09-06T06:30,20903,調布南口店,残1席,1,AVAILABLE,1
2026-09-06T06:40:54,2026-09-06T06:30,20895,登戸駅前店,残1席,1,AVAILABLE,1
2026-09-06T06:40:54,2026-09-06T06:30,20391,百合ヶ丘店,残4席,1,AVAILABLE,4
2026-09-06T06:40:54,2026-09-06T06:30,20332,横浜北山田店,残6席,1,AVAILABLE,6
2026-09-06T06:51:08,2026-09-06T06:40,20903,調布南口店,残1席,1,AVAILABLE,1
2026-09-06T06:51:08,2026-09-06T06:40,20895,登戸駅前店,残1席,1,AVAILABLE,1
2026-09-06T06:51:08,2026-09-06T06:40,20391,百合ヶ丘店,残4席,1,AVAILABLE,4
2026-09-06T06:51:08,2026-09-06T06:40,20332,横浜北山田店,残6席,1,AVAILABLE,6
2026-09-06T07:01:04,2026-09-06T06:50,20903,調布南口店,残2席,1,AVAILABLE,2
2026-09-06T07:01:04,2026-09-06T06:50,20895,登戸駅前店,残1席,1,AVAILABLE,1
2026-09-06T07:01:04,2026-09-06T06:50,20391,百合ヶ丘店,残4席,1,AVAILABLE,4
2026-09-06T07:01:04,2026-09-06T06:50,20332,横浜北山田店,残6席,1,AVAILABLE,6
2026-09-06T07:16:52,2026-09-06T07:10,20903,調布南口店,残2席,1,AVAILABLE,2
2026-09-06T07:16:52,2026-09-06T07:10,20895,登戸駅前店,残1席,1,AVAILABLE,1
2026-09-06T07:16:52,2026-09-06T07:10,20391,百合ヶ丘店,残4席,1,AVAILABLE,4
2026-09-06T07:16:52,2026-09-06T07:10,20332,横浜北山田店,残6席,1,AVAILABLE,6
2026-09-06T07:25:21,2026-09-06T07:20,20903,調布南口店,残2席,1,AVAILABLE,2
2026-09-06T07:25:21,2026-09-06T07:20,20895,登戸駅前店,残1席,1,AVAILABLE,1
2026-09-06T07:25:21,2026-09-06T07:20,20391,百合ヶ丘店,残3席,1,AVAILABLE,3
2026-09-06T07:25:21,2026-09-06T07:20,20332,横浜北山田店,残5席,1,AVAILABLE,5
2026-09-06T07:31:22,2026-09-06T07:20,20903,調布南口店,残2席,1,AVAILABLE,2
2026-09-06T07:31:22,2026-09-06T07:20,20895,登戸駅前店,残1席,1,AVAILABLE,1
2026-09-06T07:31:22,2026-09-06T07:20,20391,百合ヶ丘店,残3席,1,AVAILABLE,3
2026-09-06T07:31:22,2026-09-06T07:20,20332,横浜北山田店,残5席,1,AVAILABLE,5
2026-09-06T07:40:56,2026-09-06T07:30,20903,調布南口店,残2席,1,AVAILABLE,2
2026-09-06T07:40:56,2026-09-06T07:30,20895,登戸駅前店,残1席,1,AVAILABLE,1
2026-09-06T07:40:56,2026-09-06T07:30,20391,百合ヶ丘店,残3席,1,AVAILABLE,3
2026-09-06T07:40:56,2026-09-06T07:30,20332,横浜北山田店,残5席,1,AVAILABLE,5
2026-09-06T07:50:56,2026-09-06T07:40,20903,調布南口店,残3席,1,AVAILABLE,3
2026-09-06T07:50:56,2026-09-06T07:40,20895,登戸駅前店,残1席,1,AVAILABLE,1
2026-09-06T07:50:56,2026-09-06T07:40,20391,百合ヶ丘店,満席,4,FULL,0
2026-09-06T07:50:56,2026-09-06T07:40,20332,横浜北山田店,残5席,1,AVAILABLE,5
2026-09-06T08:01:02,2026-09-06T07:50,20903,調布南口店,残3席,1,AVAILABLE,3
2026-09-06T08:01:02,2026-09-06T07:50,20895,登戸駅前店,残1席,1,AVAILABLE,1
2026-09-06T08:01:02,2026-09-06T07:50,20391,百合ヶ丘店,満席,4,FULL,0
2026-09-06T08:01:02,2026-09-06T07:50,20332,横浜北山田店,残5席,1,AVAILABLE,5
2026-09-06T08:16:02,2026-09-06T08:10,20903,調布南口店,残3席,1,AVAILABLE,3
2026-09-06T08:16:02,2026-09-06T08:10,20895,登戸駅前店,満席,4,FULL,0
2026-09-06T08:16:02,2026-09-06T08:10,20391,百合ヶ丘店,満席,4,FULL,0
2026-09-06T08:16:02,2026-09-06T08:10,20332,横浜北山田店,残2席,1,AVAILABLE,2
2026-09-06T08:24:01,2026-09-06T08:20,20903,調布南口店,残3席,1,AVAILABLE,3
2026-09-06T08:24:01,2026-09-06T08:20,20895,登戸駅前店,満席,4,FULL,0
2026-09-06T08:24:01,2026-09-06T08:20,20391,百合ヶ丘店,満席,4,FULL,0
2026-09-06T08:24:01,2026-09-06T08:20,20332,横浜北山田店,残2席,1,AVAILABLE,2
2026-09-06T08:30:53,2026-09-06T08:20,20903,調布南口店,残3席,1,AVAILABLE,3
2026-09-06T08:30:53,2026-09-06T08:20,20895,登戸駅前店,満席,4,FULL,0
2026-09-06T08:30:53,2026-09-06T08:20,20391,百合ヶ丘店,満席,4,FULL,0
2026-09-06T08:30:53,2026-09-06T08:20,20332,横浜北山田店,残2席,1,AVAILABLE,2
2026-09-06T08:41:33,2026-09-06T08:30,20903,調布南口店,残3席,1,AVAILABLE,3
2026-09-06T08:41:33,2026-09-06T08:30,20895,登戸駅前店,満席,4,FULL,0
2026-09-06T08:41:33,2026-09-06T08:30,20391,百合ヶ丘店,満席,4,FULL,0
2026-09-06T08:41:33,2026-09-06T08:30,20332,横浜北山田店,残2席,1,AVAILABLE,2
2026-09-06T08:50:46,2026-09-06T08:40,20903,調布南口店,残3席,1,AVAILABLE,3
2026-09-06T08:50:46,2026-09-06T08:40,20895,登戸駅前店,満席,4,FULL,0
2026-09-06T08:50:46,2026-09-06T08:40,20391,百合ヶ丘店,満席,4,FULL,0
2026-09-06T08:50:46,2026-09-06T08:40,20332,横浜北山田店,残2席,1,AVAILABLE,2
2026-09-06T09:01:17,2026-09-06T08:50,20903,調布南口店,残2席,1,AVAILABLE,2
2026-09-06T09:01:17,2026-09-06T08:50,20895,登戸駅前店,満席,4,FULL,0
2026-09-06T09:01:17,2026-09-06T08:50,20391,百合ヶ丘店,満席,4,FULL,0
2026-09-06T09:01:17,2026-09-06T08:50,20332,横浜北山田店,残2席,1,AVAILABLE,2
2026-09-06T09:30:51,2026-09-06T09:20,20903,調布南口店,残2席,1,AVAILABLE,2
2026-09-06T09:30:51,2026-09-06T09:20,20895,登戸駅前店,満席,4,FULL,0
2026-09-06T09:30:51,2026-09-06T09:20,20391,百合ヶ丘店,満席,4,FULL,0
2026-09-06T09:30:51,2026-09-06T09:20,20332,横浜北山田店,残2席,1,AVAILABLE,2
2026-09-06T09:50:14,2026-09-06T09:40,20903,調布南口店,残3席,1,AVAILABLE,3
2026-09-06T09:50:14,2026-09-06T09:40,20895,登戸駅前店,満席,4,FULL,0
2026-09-06T09:50:14,2026-09-06T09:40,20391,百合ヶ丘店,満席,4,FULL,0
2026-09-06T09:50:14,2026-09-06T09:40,20332,横浜北山田店,残3席,1,AVAILABLE,3
2026-09-06T10:01:13,2026-09-06T09:50,20903,調布南口店,残2席,1,AVAILABLE,2
2026-09-06T10:01:13,2026-09-06T09:50,20895,登戸駅前店,満席,4,FULL,0
2026-09-06T10:01:13,2026-09-06T09:50,20391,百合ヶ丘店,満席,4,FULL,0
2026-09-06T10:01:13,2026-09-06T09:50,20332,横浜北山田店,残4席,1,AVAILABLE,4
2026-09-06T10:16:16,2026-09-06T10:10,20903,調布南口店,残2席,1,AVAILABLE,2
2026-09-06T10:16:16,2026-09-06T10:10,20895,登戸駅前店,残1席,1,AVAILABLE,1
2026-09-06T10:16:16,2026-09-06T10:10,20391,百合ヶ丘店,満席,4,FULL,0
2026-09-06T10:16:16,2026-09-06T10:10,20332,横浜北山田店,残6席,1,AVAILABLE,6
2026-09-06T10:24:46,2026-09-06T10:20,20903,調布南口店,残3席,1,AVAILABLE,3
2026-09-06T10:24:46,2026-09-06T10:20,20895,登戸駅前店,満席,4,FULL,0
2026-09-06T10:24:46,2026-09-06T10:20,20391,百合ヶ丘店,満席,4,FULL,0
2026-09-06T10:24:46,2026-09-06T10:20,20332,横浜北山田店,残7席,1,AVAILABLE,7
2026-09-06T10:32:41,2026-09-06T10:30,20903,調布南口店,残3席,1,AVAILABLE,3
2026-09-06T10:32:41,2026-09-06T10:30,20895,登戸駅前店,満席,4,FULL,0
2026-09-06T10:32:41,2026-09-06T10:30,20391,百合ヶ丘店,満席,4,FULL,0
2026-09-06T10:32:41,2026-09-06T10:30,20332,横浜北山田店,残6席,1,AVAILABLE,6
2026-09-06T10:43:48,2026-09-06T10:40,20903,調布南口店,残3席,1,AVAILABLE,3
2026-09-06T10:43:48,2026-09-06T10:40,20895,登戸駅前店,満席,4,FULL,0
2026-09-06T10:43:48,2026-09-06T10:40,20391,百合ヶ丘店,満席,4,FULL,0
2026-09-06T10:43:48,2026-09-06T10:40,20332,横浜北山田店,残4席,1,AVAILABLE,4
2026-09-06T10:52:26,2026-09-06T10:50,20903,調布南口店,残2席,1,AVAILABLE,2
2026-09-06T10:52:26,2026-09-06T10:50,20895,登戸駅前店,満席,4,FULL,0
2026-09-06T10:52:26,2026-09-06T10:50,20391,百合ヶ丘店,満席,4,FULL,0
2026-09-06T10:52:26,2026-09-06T10:50,20332,横浜北山田店,残1席,1,AVAILABLE,1
2026-09-06T11:00:56,2026-09-06T10:50,20903,調布南口店,残2席,1,AVAILABLE,2
2026-09-06T11:00:56,2026-09-06T10:50,20895,登戸駅前店,満席,4,FULL,0
2026-09-06T11:00:56,2026-09-06T10:50,20391,百合ヶ丘店,満席,4,FULL,0
2026-09-06T11:00:56,2026-09-06T10:50,20332,横浜北山田店,残1席,1,AVAILABLE,1
2026-09-06T11:18:23,2026-09-06T11:10,20903,調布南口店,残2席,1,AVAILABLE,2
2026-09-06T11:18:23,2026-09-06T11:10,20895,登戸駅前店,残1席,1,AVAILABLE,1
2026-09-06T11:18:23,2026-09-06T11:10,20391,百合ヶ丘店,満席,4,FULL,0
2026-09-06T11:18:23,2026-09-06T11:10,20332,横浜北山田店,残4席,1,AVAILABLE,4
2026-09-06T11:28:21,2026-09-06T11:20,20903,調布南口店,残2席,1,AVAILABLE,2
2026-09-06T11:28:21,2026-09-06T11:20,20895,登戸駅前店,満席,4,FULL,0
2026-09-06T11:28:21,2026-09-06T11:20,20391,百合ヶ丘店,満席,4,FULL,0
2026-09-06T11:28:21,2026-09-06T11:20,20332,横浜北山田店,残3席,1,AVAILABLE,3
2026-09-06T11:37:20,2026-09-06T11:30,20903,調布南口店,残2席,1,AVAILABLE,2
2026-09-06T11:37:20,2026-09-06T11:30,20895,登戸駅前店,満席,4,FULL,0
2026-09-06T11:37:20,2026-09-06T11:30,20391,百合ヶ丘店,満席,4,FULL,0
2026-09-06T11:37:20,2026-09-06T11:30,20332,横浜北山田店,残2席,1,AVAILABLE,2
2026-09-06T11:45:16,2026-09-06T11:40,20903,調布南口店,残2席,1,AVAILABLE,2
2026-09-06T11:45:16,2026-09-06T11:40,20895,登戸駅前店,満席,4,FULL,0
2026-09-06T11:45:16,2026-09-06T11:40,20391,百合ヶ丘店,満席,4,FULL,0
2026-09-06T11:45:16,2026-09-06T11:40,20332,横浜北山田店,残2席,1,AVAILABLE,2
2026-09-06T11:51:48,2026-09-06T11:40,20903,調布南口店,残2席,1,AVAILABLE,2
2026-09-06T11:51:48,2026-09-06T11:40,20895,登戸駅前店,満席,4,FULL,0
2026-09-06T11:51:48,2026-09-06T11:40,20391,百合ヶ丘店,満席,4,FULL,0
2026-09-06T11:51:48,2026-09-06T11:40,20332,横浜北山田店,残2席,1,AVAILABLE,2
2026-09-06T12:01:35,2026-09-06T11:50,20903,調布南口店,残1席,1,AVAILABLE,1
2026-09-06T12:01:35,2026-09-06T11:50,20895,登戸駅前店,満席,4,FULL,0
2026-09-06T12:01:35,2026-09-06T11:50,20391,百合ヶ丘店,満席,4,FULL,0
2026-09-06T12:01:35,2026-09-06T11:50,20332,横浜北山田店,残3席,1,AVAILABLE,3
2026-09-06T12:18:10,2026-09-06T12:10,20903,調布南口店,残1席,1,AVAILABLE,1
2026-09-06T12:18:10,2026-09-06T12:10,20895,登戸駅前店,満席,4,FULL,0
2026-09-06T12:18:10,2026-09-06T12:10,20391,百合ヶ丘店,満席,4,FULL,0
2026-09-06T12:18:10,2026-09-06T12:10,20332,横浜北山田店,残1席,1,AVAILABLE,1
2026-09-06T12:28:36,2026-09-06T12:20,20903,調布南口店,満席,4,FULL,0
2026-09-06T12:28:36,2026-09-06T12:20,20895,登戸駅前店,満席,4,FULL,0
2026-09-06T12:28:36,2026-09-06T12:20,20391,百合ヶ丘店,満席,4,FULL,0
2026-09-06T12:28:36,2026-09-06T12:20,20332,横浜北山田店,残2席,1,AVAILABLE,2
2026-09-06T12:38:18,2026-09-06T12:30,20903,調布南口店,満席,4,FULL,0
2026-09-06T12:38:18,2026-09-06T12:30,20895,登戸駅前店,満席,4,FULL,0
2026-09-06T12:38:18,2026-09-06T12:30,20391,百合ヶ丘店,満席,4,FULL,0
2026-09-06T12:38:18,2026-09-06T12:30,20332,横浜北山田店,残2席,1,AVAILABLE,2
2026-09-06T12:46:03,2026-09-06T12:40,20903,調布南口店,満席,4,FULL,0
2026-09-06T12:46:03,2026-09-06T12:40,20895,登戸駅前店,満席,4,FULL,0
2026-09-06T12:46:03,2026-09-06T12:40,20391,百合ヶ丘店,満席,4,FULL,0
2026-09-06T12:46:03,2026-09-06T12:40,20332,横浜北山田店,残4席,1,AVAILABLE,4
2026-09-06T12:52:13,2026-09-06T12:50,20903,調布南口店,満席,4,FULL,0
2026-09-06T12:52:13,2026-09-06T12:50,20895,登戸駅前店,満席,4,FULL,0
2026-09-06T12:52:13,2026-09-06T12:50,20391,百合ヶ丘店,満席,4,FULL,0
2026-09-06T12:52:13,2026-09-06T12:50,20332,横浜北山田店,残2席,1,AVAILABLE,2
2026-09-06T13:00:54,2026-09-06T12:50,20903,調布南口店,満席,4,FULL,0
2026-09-06T13:00:54,2026-09-06T12:50,20895,登戸駅前店,満席,4,FULL,0
2026-09-06T13:00:54,2026-09-06T12:50,20391,百合ヶ丘店,満席,4,FULL,0
2026-09-06T13:00:54,2026-09-06T12:50,20332,横浜北山田店,残2席,1,AVAILABLE,2
2026-09-06T13:18:30,2026-09-06T13:10,20903,調布南口店,満席,4,FULL,0
2026-09-06T13:18:30,2026-09-06T13:10,20895,登戸駅前店,満席,4,FULL,0
2026-09-06T13:18:30,2026-09-06T13:10,20391,百合ヶ丘店,満席,4,FULL,0
2026-09-06T13:18:30,2026-09-06T13:10,20332,横浜北山田店,満席,4,FULL,0
2026-09-06T13:28:56,2026-09-06T13:20,20903,調布南口店,満席,4,FULL,0
2026-09-06T13:28:56,2026-09-06T13:20,20895,登戸駅前店,満席,4,FULL,0
2026-09-06T13:28:56,2026-09-06T13:20,20391,百合ヶ丘店,満席,4,FULL,0
2026-09-06T13:28:56,2026-09-06T13:20,20332,横浜北山田店,満席,4,FULL,0
2026-09-06T13:38:42,2026-09-06T13:30,20903,調布南口店,満席,4,FULL,0
2026-09-06T13:38:42,2026-09-06T13:30,20895,登戸駅前店,満席,4,FULL,0
2026-09-06T13:38:42,2026-09-06T13:30,20391,百合ヶ丘店,満席,4,FULL,0
2026-09-06T13:38:42,2026-09-06T13:30,20332,横浜北山田店,満席,4,FULL,0
2026-09-06T13:46:03,2026-09-06T13:40,20903,調布南口店,満席,4,FULL,0
2026-09-06T13:46:03,2026-09-06T13:40,20895,登戸駅前店,満席,4,FULL,0
2026-09-06T13:46:03,2026-09-06T13:40,20391,百合ヶ丘店,満席,4,FULL,0
2026-09-06T13:46:03,2026-09-06T13:40,20332,横浜北山田店,残1席,1,AVAILABLE,1
2026-09-06T13:52:02,2026-09-06T13:50,20903,調布南口店,満席,4,FULL,0
2026-09-06T13:52:02,2026-09-06T13:50,20895,登戸駅前店,満席,4,FULL,0
2026-09-06T13:52:02,2026-09-06T13:50,20391,百合ヶ丘店,満席,4,FULL,0
2026-09-06T13:52:02,2026-09-06T13:50,20332,横浜北山田店,残1席,1,AVAILABLE,1
2026-09-06T14:01:03,2026-09-06T13:50,20903,調布南口店,残1席,1,AVAILABLE,1
2026-09-06T14:01:03,2026-09-06T13:50,20895,登戸駅前店,満席,4,FULL,0
2026-09-06T14:01:03,2026-09-06T13:50,20391,百合ヶ丘店,満席,4,FULL,0
2026-09-06T14:01:03,2026-09-06T13:50,20332,横浜北山田店,残1席,1,AVAILABLE,1
2026-09-06T14:16:57,2026-09-06T14:10,20903,調布南口店,満席,4,FULL,0
2026-09-06T14:16:57,2026-09-06T14:10,20895,登戸駅前店,満席,4,FULL,0
2026-09-06T14:16:57,2026-09-06T14:10,20391,百合ヶ丘店,満席,4,FULL,0
2026-09-06T14:16:57,2026-09-06T14:10,20332,横浜北山田店,満席,4,FULL,0
2026-09-06T14:26:09,2026-09-06T14:20,20903,調布南口店,満席,4,FULL,0
2026-09-06T14:26:09,2026-09-06T14:20,20895,登戸駅前店,満席,4,FULL,0
2026-09-06T14:26:09,2026-09-06T14:20,20391,百合ヶ丘店,満席,4,FULL,0
2026-09-06T14:26:09,2026-09-06T14:20,20332,横浜北山田店,満席,4,FULL,0
2026-09-06T14:33:44,2026-09-06T14:30,20903,調布南口店,満席,4,FULL,0
2026-09-06T14:33:44,2026-09-06T14:30,20895,登戸駅前店,満席,4,FULL,0
2026-09-06T14:33:44,2026-09-06T14:30,20391,百合ヶ丘店,満席,4,FULL,0
2026-09-06T14:33:44,2026-09-06T14:30,20332,横浜北山田店,残1席,1,AVAILABLE,1
2026-09-06T14:42:41,2026-09-06T14:40,20903,調布南口店,満席,4,FULL,0
2026-09-06T14:42:41,2026-09-06T14:40,20895,登戸駅前店,満席,4,FULL,0
2026-09-06T14:42:41,2026-09-06T14:40,20391,百合ヶ丘店,満席,4,FULL,0
2026-09-06T14:42:41,2026-09-06T14:40,20332,横浜北山田店,満席,4,FULL,0
2026-09-06T14:50:43,2026-09-06T14:40,20903,調布南口店,満席,4,FULL,0
2026-09-06T14:50:43,2026-09-06T14:40,20895,登戸駅前店,満席,4,FULL,0
2026-09-06T14:50:43,2026-09-06T14:40,20391,百合ヶ丘店,満席,4,FULL,0
2026-09-06T14:50:43,2026-09-06T14:40,20332,横浜北山田店,満席,4,FULL,0
2026-09-06T15:00:47,2026-09-06T14:50,20903,調布南口店,満席,4,FULL,0
2026-09-06T15:00:47,2026-09-06T14:50,20895,登戸駅前店,満席,4,FULL,0
2026-09-06T15:00:47,2026-09-06T14:50,20391,百合ヶ丘店,満席,4,FULL,0
2026-09-06T15:00:47,2026-09-06T14:50,20332,横浜北山田店,満席,4,FULL,0
2026-09-06T15:22:38,2026-09-06T15:20,20903,調布南口店,満席,4,FULL,0
2026-09-06T15:22:38,2026-09-06T15:20,20895,登戸駅前店,満席,4,FULL,0
2026-09-06T15:22:38,2026-09-06T15:20,20391,百合ヶ丘店,満席,4,FULL,0
2026-09-06T15:22:38,2026-09-06T15:20,20332,横浜北山田店,満席,4,FULL,0
2026-09-06T15:37:06,2026-09-06T15:30,20903,調布南口店,満席,4,FULL,0
2026-09-06T15:37:06,2026-09-06T15:30,20895,登戸駅前店,満席,4,FULL,0
2026-09-06T15:37:06,2026-09-06T15:30,20391,百合ヶ丘店,満席,4,FULL,0
2026-09-06T15:37:06,2026-09-06T15:30,20332,横浜北山田店,残1席,1,AVAILABLE,1
2026-09-06T15:47:55,2026-09-06T15:40,20903,調布南口店,満席,4,FULL,0
2026-09-06T15:47:55,2026-09-06T15:40,20895,登戸駅前店,満席,4,FULL,0
2026-09-06T15:47:55,2026-09-06T15:40,20391,百合ヶ丘店,満席,4,FULL,0
2026-09-06T15:47:55,2026-09-06T15:40,20332,横浜北山田店,満席,4,FULL,0
2026-09-06T15:55:51,2026-09-06T15:50,20903,調布南口店,満席,4,FULL,0
2026-09-06T15:55:51,2026-09-06T15:50,20895,登戸駅前店,満席,4,FULL,0
2026-09-06T15:55:51,2026-09-06T15:50,20391,百合ヶ丘店,満席,4,FULL,0
2026-09-06T15:55:51,2026-09-06T15:50,20332,横浜北山田店,満席,4,FULL,0
2026-09-06T16:02:12,2026-09-06T16:00,20903,調布南口店,満席,4,FULL,0
2026-09-06T16:02:12,2026-09-06T16:00,20895,登戸駅前店,満席,4,FULL,0
2026-09-06T16:02:12,2026-09-06T16:00,20391,百合ヶ丘店,満席,4,FULL,0
2026-09-06T16:02:12,2026-09-06T16:00,20332,横浜北山田店,満席,4,FULL,0
2026-09-06T16:17:09,2026-09-06T16:10,20903,調布南口店,残1席,1,AVAILABLE,1
2026-09-06T16:17:09,2026-09-06T16:10,20895,登戸駅前店,満席,4,FULL,0
2026-09-06T16:17:09,2026-09-06T16:10,20391,百合ヶ丘店,満席,4,FULL,0
2026-09-06T16:17:09,2026-09-06T16:10,20332,横浜北山田店,残1席,1,AVAILABLE,1
2026-09-06T16:26:44,2026-09-06T16:20,20903,調布南口店,残2席,1,AVAILABLE,2
2026-09-06T16:26:44,2026-09-06T16:20,20895,登戸駅前店,満席,4,FULL,0
2026-09-06T16:26:44,2026-09-06T16:20,20391,百合ヶ丘店,残1席,1,AVAILABLE,1
2026-09-06T16:26:44,2026-09-06T16:20,20332,横浜北山田店,満席,4,FULL,0
2026-09-06T16:34:42,2026-09-06T16:30,20903,調布南口店,残1席,1,AVAILABLE,1
2026-09-06T16:34:42,2026-09-06T16:30,20895,登戸駅前店,満席,4,FULL,0
2026-09-06T16:34:42,2026-09-06T16:30,20391,百合ヶ丘店,満席,4,FULL,0
2026-09-06T16:34:42,2026-09-06T16:30,20332,横浜北山田店,満席,4,FULL,0
2026-09-06T16:42:55,2026-09-06T16:40,20903,調布南口店,満席,4,FULL,0
2026-09-06T16:42:55,2026-09-06T16:40,20895,登戸駅前店,満席,4,FULL,0
2026-09-06T16:42:55,2026-09-06T16:40,20391,百合ヶ丘店,満席,4,FULL,0
2026-09-06T16:42:55,2026-09-06T16:40,20332,横浜北山田店,満席,4,FULL,0
2026-09-06T16:50:48,2026-09-06T16:40,20903,調布南口店,満席,4,FULL,0
2026-09-06T16:50:48,2026-09-06T16:40,20895,登戸駅前店,満席,4,FULL,0
2026-09-06T16:50:48,2026-09-06T16:40,20391,百合ヶ丘店,満席,4,FULL,0
2026-09-06T16:50:48,2026-09-06T16:40,20332,横浜北山田店,満席,4,FULL,0
2026-09-06T17:01:15,2026-09-06T16:50,20903,調布南口店,残1席,1,AVAILABLE,1
2026-09-06T17:01:15,2026-09-06T16:50,20895,登戸駅前店,満席,4,FULL,0
2026-09-06T17:01:15,2026-09-06T16:50,20391,百合ヶ丘店,満席,4,FULL,0
2026-09-06T17:01:15,2026-09-06T16:50,20332,横浜北山田店,満席,4,FULL,0
2026-09-06T17:19:08,2026-09-06T17:10,20903,調布南口店,残2席,1,AVAILABLE,2
2026-09-06T17:19:08,2026-09-06T17:10,20895,登戸駅前店,満席,4,FULL,0
2026-09-06T17:19:08,2026-09-06T17:10,20391,百合ヶ丘店,満席,4,FULL,0
2026-09-06T17:19:08,2026-09-06T17:10,20332,横浜北山田店,残2席,1,AVAILABLE,2
2026-09-06T17:30:32,2026-09-06T17:20,20903,調布南口店,残1席,1,AVAILABLE,1
2026-09-06T17:30:32,2026-09-06T17:20,20895,登戸駅前店,満席,4,FULL,0
2026-09-06T17:30:32,2026-09-06T17:20,20391,百合ヶ丘店,満席,4,FULL,0
2026-09-06T17:30:32,2026-09-06T17:20,20332,横浜北山田店,残1席,1,AVAILABLE,1
2026-09-06T17:44:16,2026-09-06T17:40,20903,調布南口店,残2席,1,AVAILABLE,2
2026-09-06T17:44:16,2026-09-06T17:40,20895,登戸駅前店,満席,4,FULL,0
2026-09-06T17:44:16,2026-09-06T17:40,20391,百合ヶ丘店,残1席,1,AVAILABLE,1
2026-09-06T17:44:16,2026-09-06T17:40,20332,横浜北山田店,残1席,1,AVAILABLE,1
2026-09-06T17:52:00,2026-09-06T17:50,20903,調布南口店,残2席,1,AVAILABLE,2
2026-09-06T17:52:00,2026-09-06T17:50,20895,登戸駅前店,満席,4,FULL,0
2026-09-06T17:52:00,2026-09-06T17:50,20391,百合ヶ丘店,残1席,1,AVAILABLE,1
2026-09-06T17:52:00,2026-09-06T17:50,20332,横浜北山田店,残1席,1,AVAILABLE,1
2026-09-06T18:00:53,2026-09-06T17:50,20903,調布南口店,残2席,1,AVAILABLE,2
2026-09-06T18:00:53,2026-09-06T17:50,20895,登戸駅前店,満席,4,FULL,0
2026-09-06T18:00:53,2026-09-06T17:50,20391,百合ヶ丘店,満席,4,FULL,0
2026-09-06T18:00:53,2026-09-06T17:50,20332,横浜北山田店,残1席,1,AVAILABLE,1
2026-09-06T18:18:04,2026-09-06T18:10,20903,調布南口店,残1席,1,AVAILABLE,1
2026-09-06T18:18:04,2026-09-06T18:10,20895,登戸駅前店,満席,4,FULL,0
2026-09-06T18:18:04,2026-09-06T18:10,20391,百合ヶ丘店,満席,4,FULL,0
2026-09-06T18:18:04,2026-09-06T18:10,20332,横浜北山田店,満席,4,FULL,0
2026-09-06T18:27:46,2026-09-06T18:20,20903,調布南口店,残1席,1,AVAILABLE,1
2026-09-06T18:27:46,2026-09-06T18:20,20895,登戸駅前店,満席,4,FULL,0
2026-09-06T18:27:46,2026-09-06T18:20,20391,百合ヶ丘店,残1席,1,AVAILABLE,1
2026-09-06T18:27:46,2026-09-06T18:20,20332,横浜北山田店,満席,4,FULL,0
2026-09-06T18:36:38,2026-09-06T18:30,20903,調布南口店,残1席,1,AVAILABLE,1
2026-09-06T18:36:38,2026-09-06T18:30,20895,登戸駅前店,満席,4,FULL,0
2026-09-06T18:36:38,2026-09-06T18:30,20391,百合ヶ丘店,残1席,1,AVAILABLE,1
2026-09-06T18:36:38,2026-09-06T18:30,20332,横浜北山田店,満席,4,FULL,0
2026-09-06T18:43:49,2026-09-06T18:40,20903,調布南口店,残1席,1,AVAILABLE,1
2026-09-06T18:43:49,2026-09-06T18:40,20895,登戸駅前店,満席,4,FULL,0
2026-09-06T18:43:49,2026-09-06T18:40,20391,百合ヶ丘店,満席,4,FULL,0
2026-09-06T18:43:49,2026-09-06T18:40,20332,横浜北山田店,残2席,1,AVAILABLE,2
2026-09-06T18:51:03,2026-09-06T18:40,20903,調布南口店,残1席,1,AVAILABLE,1
2026-09-06T18:51:03,2026-09-06T18:40,20895,登戸駅前店,満席,4,FULL,0
2026-09-06T18:51:03,2026-09-06T18:40,20391,百合ヶ丘店,満席,4,FULL,0
2026-09-06T18:51:03,2026-09-06T18:40,20332,横浜北山田店,残2席,1,AVAILABLE,2
2026-09-06T19:00:46,2026-09-06T18:50,20903,調布南口店,残1席,1,AVAILABLE,1
2026-09-06T19:00:46,2026-09-06T18:50,20895,登戸駅前店,満席,4,FULL,0
2026-09-06T19:00:46,2026-09-06T18:50,20391,百合ヶ丘店,満席,4,FULL,0
2026-09-06T19:00:46,2026-09-06T18:50,20332,横浜北山田店,満席,4,FULL,0
2026-09-06T19:18:06,2026-09-06T19:10,20903,調布南口店,満席,4,FULL,0
2026-09-06T19:18:06,2026-09-06T19:10,20895,登戸駅前店,満席,4,FULL,0
2026-09-06T19:18:06,2026-09-06T19:10,20391,百合ヶ丘店,満席,4,FULL,0
2026-09-06T19:18:06,2026-09-06T19:10,20332,横浜北山田店,満席,4,FULL,0
2026-09-06T19:28:56,2026-09-06T19:20,20903,調布南口店,満席,4,FULL,0
2026-09-06T19:28:56,2026-09-06T19:20,20895,登戸駅前店,満席,4,FULL,0
2026-09-06T19:28:56,2026-09-06T19:20,20391,百合ヶ丘店,満席,4,FULL,0
2026-09-06T19:28:56,2026-09-06T19:20,20332,横浜北山田店,満席,4,FULL,0
2026-09-06T19:36:03,2026-09-06T19:30,20903,調布南口店,満席,4,FULL,0
2026-09-06T19:36:03,2026-09-06T19:30,20895,登戸駅前店,残1席,1,AVAILABLE,1
2026-09-06T19:36:03,2026-09-06T19:30,20391,百合ヶ丘店,残1席,1,AVAILABLE,1
2026-09-06T19:36:03,2026-09-06T19:30,20332,横浜北山田店,残1席,1,AVAILABLE,1
2026-09-06T19:43:51,2026-09-06T19:40,20903,調布南口店,残1席,1,AVAILABLE,1
2026-09-06T19:43:51,2026-09-06T19:40,20895,登戸駅前店,残1席,1,AVAILABLE,1
2026-09-06T19:43:51,2026-09-06T19:40,20391,百合ヶ丘店,残1席,1,AVAILABLE,1
2026-09-06T19:43:51,2026-09-06T19:40,20332,横浜北山田店,残4席,1,AVAILABLE,4
2026-09-06T19:50:41,2026-09-06T19:40,20903,調布南口店,残1席,1,AVAILABLE,1
2026-09-06T19:50:41,2026-09-06T19:40,20895,登戸駅前店,残1席,1,AVAILABLE,1
2026-09-06T19:50:41,2026-09-06T19:40,20391,百合ヶ丘店,残1席,1,AVAILABLE,1
2026-09-06T19:50:41,2026-09-06T19:40,20332,横浜北山田店,残4席,1,AVAILABLE,4
2026-09-06T20:01:05,2026-09-06T19:50,20903,調布南口店,残1席,1,AVAILABLE,1
2026-09-06T20:01:05,2026-09-06T19:50,20895,登戸駅前店,満席,4,FULL,0
2026-09-06T20:01:05,2026-09-06T19:50,20391,百合ヶ丘店,満席,4,FULL,0
2026-09-06T20:01:05,2026-09-06T19:50,20332,横浜北山田店,残2席,1,AVAILABLE,2
2026-09-06T20:16:49,2026-09-06T20:10,20903,調布南口店,残1席,1,AVAILABLE,1
2026-09-06T20:16:49,2026-09-06T20:10,20895,登戸駅前店,満席,4,FULL,0
2026-09-06T20:16:49,2026-09-06T20:10,20391,百合ヶ丘店,満席,4,FULL,0
2026-09-06T20:16:49,2026-09-06T20:10,20332,横浜北山田店,残1席,1,AVAILABLE,1
2026-09-06T20:25:56,2026-09-06T20:20,20903,調布南口店,残1席,1,AVAILABLE,1
2026-09-06T20:25:56,2026-09-06T20:20,20895,登戸駅前店,満席,4,FULL,0
2026-09-06T20:25:56,2026-09-06T20:20,20391,百合ヶ丘店,満席,4,FULL,0
2026-09-06T20:25:56,2026-09-06T20:20,20332,横浜北山田店,残2席,1,AVAILABLE,2
2026-09-06T20:33:11,2026-09-06T20:30,20903,調布南口店,残1席,1,AVAILABLE,1
2026-09-06T20:33:11,2026-09-06T20:30,20895,登戸駅前店,満席,4,FULL,0
2026-09-06T20:33:11,2026-09-06T20:30,20391,百合ヶ丘店,満席,4,FULL,0
2026-09-06T20:33:11,2026-09-06T20:30,20332,横浜北山田店,残2席,1,AVAILABLE,2
2026-09-06T20:42:06,2026-09-06T20:40,20903,調布南口店,残1席,1,AVAILABLE,1
2026-09-06T20:42:06,2026-09-06T20:40,20895,登戸駅前店,満席,4,FULL,0
2026-09-06T20:42:06,2026-09-06T20:40,20391,百合ヶ丘店,満席,4,FULL,0
2026-09-06T20:42:06,2026-09-06T20:40,20332,横浜北山田店,残2席,1,AVAILABLE,2
2026-09-06T20:51:01,2026-09-06T20:40,20903,調布南口店,残1席,1,AVAILABLE,1
2026-09-06T20:51:01,2026-09-06T20:40,20895,登戸駅前店,残1席,1,AVAILABLE,1
2026-09-06T20:51:01,2026-09-06T20:40,20391,百合ヶ丘店,満席,4,FULL,0
2026-09-06T20:51:01,2026-09-06T20:40,20332,横浜北山田店,残2席,1,AVAILABLE,2
2026-09-06T21:00:47,2026-09-06T20:50,20903,調布南口店,残1席,1,AVAILABLE,1
2026-09-06T21:00:47,2026-09-06T20:50,20895,登戸駅前店,残1席,1,AVAILABLE,1
2026-09-06T21:00:47,2026-09-06T20:50,20391,百合ヶ丘店,満席,4,FULL,0
2026-09-06T21:00:47,2026-09-06T20:50,20332,横浜北山田店,残3席,1,AVAILABLE,3
2026-09-06T21:22:12,2026-09-06T21:20,20903,調布南口店,残2席,1,AVAILABLE,2
2026-09-06T21:22:12,2026-09-06T21:20,20895,登戸駅前店,残1席,1,AVAILABLE,1
2026-09-06T21:22:12,2026-09-06T21:20,20391,百合ヶ丘店,満席,4,FULL,0
2026-09-06T21:22:12,2026-09-06T21:20,20332,横浜北山田店,残1席,1,AVAILABLE,1
2026-09-06T21:37:24,2026-09-06T21:30,20903,調布南口店,残2席,1,AVAILABLE,2
2026-09-06T21:37:24,2026-09-06T21:30,20895,登戸駅前店,残1席,1,AVAILABLE,1
2026-09-06T21:37:24,2026-09-06T21:30,20391,百合ヶ丘店,満席,4,FULL,0
2026-09-06T21:37:24,2026-09-06T21:30,20332,横浜北山田店,残2席,1,AVAILABLE,2
2026-09-06T21:48:26,2026-09-06T21:40,20903,調布南口店,残1席,1,AVAILABLE,1
2026-09-06T21:48:26,2026-09-06T21:40,20895,登戸駅前店,満席,4,FULL,0
2026-09-06T21:48:26,2026-09-06T21:40,20391,百合ヶ丘店,満席,4,FULL,0
2026-09-06T21:48:26,2026-09-06T21:40,20332,横浜北山田店,残2席,1,AVAILABLE,2
2026-09-06T21:55:38,2026-09-06T21:50,20903,調布南口店,残1席,1,AVAILABLE,1
2026-09-06T21:55:38,2026-09-06T21:50,20895,登戸駅前店,満席,4,FULL,0
2026-09-06T21:55:38,2026-09-06T21:50,20391,百合ヶ丘店,満席,4,FULL,0
2026-09-06T21:55:38,2026-09-06T21:50,20332,横浜北山田店,残1席,1,AVAILABLE,1
2026-09-06T22:01:50,2026-09-06T21:50,20903,調布南口店,残1席,1,AVAILABLE,1
2026-09-06T22:01:50,2026-09-06T21:50,20895,登戸駅前店,満席,4,FULL,0
2026-09-06T22:01:50,2026-09-06T21:50,20391,百合ヶ丘店,満席,4,FULL,0
2026-09-06T22:01:50,2026-09-06T21:50,20332,横浜北山田店,残1席,1,AVAILABLE,1
2026-09-06T22:17:36,2026-09-06T22:10,20903,調布南口店,残1席,1,AVAILABLE,1
2026-09-06T22:17:36,2026-09-06T22:10,20895,登戸駅前店,満席,4,FULL,0
2026-09-06T22:17:36,2026-09-06T22:10,20391,百合ヶ丘店,満席,4,FULL,0
2026-09-06T22:17:36,2026-09-06T22:10,20332,横浜北山田店,残2席,1,AVAILABLE,2
2026-09-06T22:26:51,2026-09-06T22:20,20903,調布南口店,残1席,1,AVAILABLE,1
2026-09-06T22:26:51,2026-09-06T22:20,20895,登戸駅前店,満席,4,FULL,0
2026-09-06T22:26:51,2026-09-06T22:20,20391,百合ヶ丘店,満席,4,FULL,0
2026-09-06T22:26:51,2026-09-06T22:20,20332,横浜北山田店,残4席,1,AVAILABLE,4
2026-09-06T22:34:20,2026-09-06T22:30,20903,調布南口店,残1席,1,AVAILABLE,1
2026-09-06T22:34:20,2026-09-06T22:30,20895,登戸駅前店,満席,4,FULL,0
2026-09-06T22:34:20,2026-09-06T22:30,20391,百合ヶ丘店,満席,4,FULL,0
2026-09-06T22:34:20,2026-09-06T22:30,20332,横浜北山田店,残3席,1,AVAILABLE,3
2026-09-06T22:42:39,2026-09-06T22:40,20903,調布南口店,残1席,1,AVAILABLE,1
2026-09-06T22:42:39,2026-09-06T22:40,20895,登戸駅前店,満席,4,FULL,0
2026-09-06T22:42:39,2026-09-06T22:40,20391,百合ヶ丘店,満席,4,FULL,0
2026-09-06T22:42:39,2026-09-06T22:40,20332,横浜北山田店,残2席,1,AVAILABLE,2
2026-09-06T22:51:00,2026-09-06T22:40,20903,調布南口店,残1席,1,AVAILABLE,1
2026-09-06T22:51:00,2026-09-06T22:40,20895,登戸駅前店,満席,4,FULL,0
2026-09-06T22:51:00,2026-09-06T22:40,20391,百合ヶ丘店,満席,4,FULL,0
2026-09-06T22:51:00,2026-09-06T22:40,20332,横浜北山田店,残2席,1,AVAILABLE,2
2026-09-06T23:01:22,2026-09-06T22:50,20903,調布南口店,残1席,1,AVAILABLE,1
2026-09-06T23:01:22,2026-09-06T22:50,20895,登戸駅前店,満席,4,FULL,0
2026-09-06T23:01:22,2026-09-06T22:50,20391,百合ヶ丘店,満席,4,FULL,0
2026-09-06T23:01:22,2026-09-06T22:50,20332,横浜北山田店,残2席,1,AVAILABLE,2
2026-09-06T23:17:27,2026-09-06T23:10,20903,調布南口店,満席,4,FULL,0
2026-09-06T23:17:27,2026-09-06T23:10,20895,登戸駅前店,満席,4,FULL,0
2026-09-06T23:17:27,2026-09-06T23:10,20391,百合ヶ丘店,満席,4,FULL,0
2026-09-06T23:17:27,2026-09-06T23:10,20332,横浜北山田店,残3席,1,AVAILABLE,3
2026-09-06T23:26:48,2026-09-06T23:20,20903,調布南口店,満席,4,FULL,0
2026-09-06T23:26:48,2026-09-06T23:20,20895,登戸駅前店,満席,4,FULL,0
2026-09-06T23:26:48,2026-09-06T23:20,20391,百合ヶ丘店,満席,4,FULL,0
2026-09-06T23:26:48,2026-09-06T23:20,20332,横浜北山田店,残3席,1,AVAILABLE,3
2026-09-06T23:34:28,2026-09-06T23:30,20903,調布南口店,満席,4,FULL,0
2026-09-06T23:34:28,2026-09-06T23:30,20895,登戸駅前店,満席,4,FULL,0
2026-09-06T23:34:28,2026-09-06T23:30,20391,百合ヶ丘店,満席,4,FULL,0
2026-09-06T23:34:28,2026-09-06T23:30,20332,横浜北山田店,残4席,1,AVAILABLE,4
2026-09-06T23:42:32,2026-09-06T23:40,20903,調布南口店,満席,4,FULL,0
2026-09-06T23:42:32,2026-09-06T23:40,20895,登戸駅前店,残3席,1,AVAILABLE,3
2026-09-06T23:42:32,2026-09-06T23:40,20391,百合ヶ丘店,満席,4,FULL,0
2026-09-06T23:42:32,2026-09-06T23:40,20332,横浜北山田店,残4席,1,AVAILABLE,4
2026-09-06T23:50:56,2026-09-06T23:40,20903,調布南口店,満席,4,FULL,0
2026-09-06T23:50:56,2026-09-06T23:40,20895,登戸駅前店,残3席,1,AVAILABLE,3
2026-09-06T23:50:56,2026-09-06T23:40,20391,百合ヶ丘店,満席,4,FULL,0
2026-09-06T23:50:56,2026-09-06T23:40,20332,横浜北山田店,残4席,1,AVAILABLE,4
2026-09-07T00:01:09,2026-09-06T23:50,20903,調布南口店,満席,4,FULL,0
2026-09-07T00:01:09,2026-09-06T23:50,20895,登戸駅前店,残1席,1,AVAILABLE,1
2026-09-07T00:01:09,2026-09-06T23:50,20391,百合ヶ丘店,満席,4,FULL,0
2026-09-07T00:01:09,2026-09-06T23:50,20332,横浜北山田店,残6席,1,AVAILABLE,6
2026-09-07T00:17:40,2026-09-07T00:10,20903,調布南口店,満席,4,FULL,0
2026-09-07T00:17:40,2026-09-07T00:10,20895,登戸駅前店,残1席,1,AVAILABLE,1
2026-09-07T00:17:40,2026-09-07T00:10,20391,百合ヶ丘店,満席,4,FULL,0
2026-09-07T00:17:40,2026-09-07T00:10,20332,横浜北山田店,残7席,1,AVAILABLE,7
2026-09-07T00:27:10,2026-09-07T00:20,20903,調布南口店,満席,4,FULL,0
2026-09-07T00:27:10,2026-09-07T00:20,20895,登戸駅前店,残1席,1,AVAILABLE,1
2026-09-07T00:27:10,2026-09-07T00:20,20391,百合ヶ丘店,満席,4,FULL,0
2026-09-07T00:27:10,2026-09-07T00:20,20332,横浜北山田店,残7席,1,AVAILABLE,7
2026-09-07T00:35:04,2026-09-07T00:30,20903,調布南口店,満席,4,FULL,0
2026-09-07T00:35:04,2026-09-07T00:30,20895,登戸駅前店,残1席,1,AVAILABLE,1
2026-09-07T00:35:04,2026-09-07T00:30,20391,百合ヶ丘店,満席,4,FULL,0
2026-09-07T00:35:04,2026-09-07T00:30,20332,横浜北山田店,残6席,1,AVAILABLE,6
2026-09-07T00:42:33,2026-09-07T00:40,20903,調布南口店,満席,4,FULL,0
2026-09-07T00:42:33,2026-09-07T00:40,20895,登戸駅前店,残1席,1,AVAILABLE,1
2026-09-07T00:42:33,2026-09-07T00:40,20391,百合ヶ丘店,満席,4,FULL,0
2026-09-07T00:42:33,2026-09-07T00:40,20332,横浜北山田店,残5席,1,AVAILABLE,5
2026-09-07T00:50:48,2026-09-07T00:40,20903,調布南口店,満席,4,FULL,0
2026-09-07T00:50:48,2026-09-07T00:40,20895,登戸駅前店,残1席,1,AVAILABLE,1
2026-09-07T00:50:48,2026-09-07T00:40,20391,百合ヶ丘店,満席,4,FULL,0
2026-09-07T00:50:48,2026-09-07T00:40,20332,横浜北山田店,残5席,1,AVAILABLE,5
2026-09-07T01:01:10,2026-09-07T00:50,20903,調布南口店,満席,4,FULL,0
2026-09-07T01:01:10,2026-09-07T00:50,20895,登戸駅前店,満席,4,FULL,0
2026-09-07T01:01:10,2026-09-07T00:50,20391,百合ヶ丘店,満席,4,FULL,0
2026-09-07T01:01:10,2026-09-07T00:50,20332,横浜北山田店,残8席,1,AVAILABLE,8
2026-09-07T01:18:35,2026-09-07T01:10,20903,調布南口店,満席,4,FULL,0
2026-09-07T01:18:35,2026-09-07T01:10,20895,登戸駅前店,満席,4,FULL,0
2026-09-07T01:18:35,2026-09-07T01:10,20391,百合ヶ丘店,満席,4,FULL,0
2026-09-07T01:18:35,2026-09-07T01:10,20332,横浜北山田店,残5席,1,AVAILABLE,5
2026-09-07T01:28:48,2026-09-07T01:20,20903,調布南口店,満席,4,FULL,0
2026-09-07T01:28:48,2026-09-07T01:20,20895,登戸駅前店,満席,4,FULL,0
2026-09-07T01:28:48,2026-09-07T01:20,20391,百合ヶ丘店,満席,4,FULL,0
2026-09-07T01:28:48,2026-09-07T01:20,20332,横浜北山田店,残3席,1,AVAILABLE,3
2026-09-07T01:38:02,2026-09-07T01:30,20903,調布南口店,満席,4,FULL,0
2026-09-07T01:38:02,2026-09-07T01:30,20895,登戸駅前店,満席,4,FULL,0
2026-09-07T01:38:02,2026-09-07T01:30,20391,百合ヶ丘店,満席,4,FULL,0
2026-09-07T01:38:02,2026-09-07T01:30,20332,横浜北山田店,残2席,1,AVAILABLE,2
2026-09-07T01:44:37,2026-09-07T01:40,20903,調布南口店,満席,4,FULL,0
2026-09-07T01:44:37,2026-09-07T01:40,20895,登戸駅前店,満席,4,FULL,0
2026-09-07T01:44:37,2026-09-07T01:40,20391,百合ヶ丘店,満席,4,FULL,0
2026-09-07T01:44:37,2026-09-07T01:40,20332,横浜北山田店,残2席,1,AVAILABLE,2
2026-09-07T01:51:02,2026-09-07T01:40,20903,調布南口店,満席,4,FULL,0
2026-09-07T01:51:02,2026-09-07T01:40,20895,登戸駅前店,満席,4,FULL,0
2026-09-07T01:51:02,2026-09-07T01:40,20391,百合ヶ丘店,満席,4,FULL,0
2026-09-07T01:51:02,2026-09-07T01:40,20332,横浜北山田店,残2席,1,AVAILABLE,2
2026-09-07T02:00:56,2026-09-07T01:50,20903,調布南口店,残2席,1,AVAILABLE,2
2026-09-07T02:00:56,2026-09-07T01:50,20895,登戸駅前店,満席,4,FULL,0
2026-09-07T02:00:56,2026-09-07T01:50,20391,百合ヶ丘店,満席,4,FULL,0
2026-09-07T02:00:56,2026-09-07T01:50,20332,横浜北山田店,残2席,1,AVAILABLE,2
2026-09-07T02:15:50,2026-09-07T02:10,20903,調布南口店,残2席,1,AVAILABLE,2
2026-09-07T02:15:50,2026-09-07T02:10,20895,登戸駅前店,満席,4,FULL,0
2026-09-07T02:15:50,2026-09-07T02:10,20391,百合ヶ丘店,満席,4,FULL,0
2026-09-07T02:15:50,2026-09-07T02:10,20332,横浜北山田店,残2席,1,AVAILABLE,2
2026-09-07T02:24:18,2026-09-07T02:20,20903,調布南口店,残1席,1,AVAILABLE,1
2026-09-07T02:24:18,2026-09-07T02:20,20895,登戸駅前店,残1席,1,AVAILABLE,1
2026-09-07T02:24:18,2026-09-07T02:20,20391,百合ヶ丘店,満席,4,FULL,0
2026-09-07T02:24:18,2026-09-07T02:20,20332,横浜北山田店,残2席,1,AVAILABLE,2
2026-09-07T02:31:13,2026-09-07T02:20,20903,調布南口店,残1席,1,AVAILABLE,1
2026-09-07T02:31:13,2026-09-07T02:20,20895,登戸駅前店,残1席,1,AVAILABLE,1
2026-09-07T02:31:13,2026-09-07T02:20,20391,百合ヶ丘店,満席,4,FULL,0
2026-09-07T02:31:13,2026-09-07T02:20,20332,横浜北山田店,残2席,1,AVAILABLE,2
2026-09-07T02:41:29,2026-09-07T02:30,20903,調布南口店,残1席,1,AVAILABLE,1
2026-09-07T02:41:29,2026-09-07T02:30,20895,登戸駅前店,残1席,1,AVAILABLE,1
2026-09-07T02:41:29,2026-09-07T02:30,20391,百合ヶ丘店,満席,4,FULL,0
2026-09-07T02:41:29,2026-09-07T02:30,20332,横浜北山田店,残3席,1,AVAILABLE,3
2026-09-07T02:50:49,2026-09-07T02:40,20903,調布南口店,残1席,1,AVAILABLE,1
2026-09-07T02:50:49,2026-09-07T02:40,20895,登戸駅前店,残1席,1,AVAILABLE,1
2026-09-07T02:50:49,2026-09-07T02:40,20391,百合ヶ丘店,満席,4,FULL,0
2026-09-07T02:50:49,2026-09-07T02:40,20332,横浜北山田店,残3席,1,AVAILABLE,3
2026-09-07T03:01:07,2026-09-07T02:50,20903,調布南口店,残1席,1,AVAILABLE,1
2026-09-07T03:01:07,2026-09-07T02:50,20895,登戸駅前店,満席,4,FULL,0
2026-09-07T03:01:07,2026-09-07T02:50,20391,百合ヶ丘店,満席,4,FULL,0
2026-09-07T03:01:07,2026-09-07T02:50,20332,横浜北山田店,残2席,1,AVAILABLE,2
2026-09-07T03:19:59,2026-09-07T03:10,20903,調布南口店,残1席,1,AVAILABLE,1
2026-09-07T03:19:59,2026-09-07T03:10,20895,登戸駅前店,満席,4,FULL,0
2026-09-07T03:19:59,2026-09-07T03:10,20391,百合ヶ丘店,満席,4,FULL,0
2026-09-07T03:19:59,2026-09-07T03:10,20332,横浜北山田店,残6席,1,AVAILABLE,6
2026-09-07T03:31:16,2026-09-07T03:20,20903,調布南口店,残1席,1,AVAILABLE,1
2026-09-07T03:31:16,2026-09-07T03:20,20895,登戸駅前店,満席,4,FULL,0
2026-09-07T03:31:16,2026-09-07T03:20,20391,百合ヶ丘店,残1席,1,AVAILABLE,1
2026-09-07T03:31:16,2026-09-07T03:20,20332,横浜北山田店,残6席,1,AVAILABLE,6
2026-09-07T03:43:19,2026-09-07T03:40,20903,調布南口店,残1席,1,AVAILABLE,1
2026-09-07T03:43:19,2026-09-07T03:40,20895,登戸駅前店,残1席,1,AVAILABLE,1
2026-09-07T03:43:19,2026-09-07T03:40,20391,百合ヶ丘店,残1席,1,AVAILABLE,1
2026-09-07T03:43:19,2026-09-07T03:40,20332,横浜北山田店,残7席,1,AVAILABLE,7
2026-09-07T03:51:48,2026-09-07T03:40,20903,調布南口店,残1席,1,AVAILABLE,1
2026-09-07T03:51:48,2026-09-07T03:40,20895,登戸駅前店,残1席,1,AVAILABLE,1
2026-09-07T03:51:48,2026-09-07T03:40,20391,百合ヶ丘店,残1席,1,AVAILABLE,1
2026-09-07T03:51:48,2026-09-07T03:40,20332,横浜北山田店,残7席,1,AVAILABLE,7
2026-09-07T04:00:58,2026-09-07T03:50,20903,調布南口店,残1席,1,AVAILABLE,1
2026-09-07T04:00:58,2026-09-07T03:50,20895,登戸駅前店,残2席,1,AVAILABLE,2
2026-09-07T04:00:58,2026-09-07T03:50,20391,百合ヶ丘店,残1席,1,AVAILABLE,1
2026-09-07T04:00:58,2026-09-07T03:50,20332,横浜北山田店,残7席,1,AVAILABLE,7
2026-09-07T04:15:48,2026-09-07T04:10,20903,調布南口店,満席,4,FULL,0
2026-09-07T04:15:48,2026-09-07T04:10,20895,登戸駅前店,残1席,1,AVAILABLE,1
2026-09-07T04:15:48,2026-09-07T04:10,20391,百合ヶ丘店,残1席,1,AVAILABLE,1
2026-09-07T04:15:48,2026-09-07T04:10,20332,横浜北山田店,残7席,1,AVAILABLE,7
2026-09-07T04:24:03,2026-09-07T04:20,20903,調布南口店,満席,4,FULL,0
2026-09-07T04:24:03,2026-09-07T04:20,20895,登戸駅前店,残1席,1,AVAILABLE,1
2026-09-07T04:24:03,2026-09-07T04:20,20391,百合ヶ丘店,残1席,1,AVAILABLE,1
2026-09-07T04:24:03,2026-09-07T04:20,20332,横浜北山田店,残6席,1,AVAILABLE,6
2026-09-07T04:30:49,2026-09-07T04:20,20903,調布南口店,満席,4,FULL,0
2026-09-07T04:30:49,2026-09-07T04:20,20895,登戸駅前店,残1席,1,AVAILABLE,1
2026-09-07T04:30:49,2026-09-07T04:20,20391,百合ヶ丘店,残1席,1,AVAILABLE,1
2026-09-07T04:30:49,2026-09-07T04:20,20332,横浜北山田店,残6席,1,AVAILABLE,6
2026-09-07T04:41:22,2026-09-07T04:30,20903,調布南口店,満席,4,FULL,0
2026-09-07T04:41:22,2026-09-07T04:30,20895,登戸駅前店,残1席,1,AVAILABLE,1
2026-09-07T04:41:22,2026-09-07T04:30,20391,百合ヶ丘店,残1席,1,AVAILABLE,1
2026-09-07T04:41:22,2026-09-07T04:30,20332,横浜北山田店,残6席,1,AVAILABLE,6
2026-09-07T04:50:39,2026-09-07T04:40,20903,調布南口店,満席,4,FULL,0
2026-09-07T04:50:39,2026-09-07T04:40,20895,登戸駅前店,残1席,1,AVAILABLE,1
2026-09-07T04:50:39,2026-09-07T04:40,20391,百合ヶ丘店,残1席,1,AVAILABLE,1
2026-09-07T04:50:39,2026-09-07T04:40,20332,横浜北山田店,残10席以上,1,AVAILABLE,10
2026-09-07T05:01:05,2026-09-07T04:50,20903,調布南口店,満席,4,FULL,0
2026-09-07T05:01:05,2026-09-07T04:50,20895,登戸駅前店,残1席,1,AVAILABLE,1
2026-09-07T05:01:05,2026-09-07T04:50,20391,百合ヶ丘店,満席,4,FULL,0
2026-09-07T05:01:05,2026-09-07T04:50,20332,横浜北山田店,残10席以上,1,AVAILABLE,10
2026-09-07T05:18:28,2026-09-07T05:10,20903,調布南口店,満席,4,FULL,0
2026-09-07T05:18:28,2026-09-07T05:10,20895,登戸駅前店,残1席,1,AVAILABLE,1
2026-09-07T05:18:28,2026-09-07T05:10,20391,百合ヶ丘店,残1席,1,AVAILABLE,1
2026-09-07T05:18:28,2026-09-07T05:10,20332,横浜北山田店,残10席以上,1,AVAILABLE,10
2026-09-07T05:28:23,2026-09-07T05:20,20903,調布南口店,満席,4,FULL,0
2026-09-07T05:28:23,2026-09-07T05:20,20895,登戸駅前店,残1席,1,AVAILABLE,1
2026-09-07T05:28:23,2026-09-07T05:20,20391,百合ヶ丘店,残1席,1,AVAILABLE,1
2026-09-07T05:28:23,2026-09-07T05:20,20332,横浜北山田店,残10席以上,1,AVAILABLE,10
2026-09-07T05:37:07,2026-09-07T05:30,20903,調布南口店,満席,4,FULL,0
2026-09-07T05:37:07,2026-09-07T05:30,20895,登戸駅前店,残2席,1,AVAILABLE,2
2026-09-07T05:37:07,2026-09-07T05:30,20391,百合ヶ丘店,残1席,1,AVAILABLE,1
2026-09-07T05:37:07,2026-09-07T05:30,20332,横浜北山田店,残10席以上,1,AVAILABLE,10
2026-09-07T05:43:59,2026-09-07T05:40,20903,調布南口店,満席,4,FULL,0
2026-09-07T05:43:59,2026-09-07T05:40,20895,登戸駅前店,残2席,1,AVAILABLE,2
2026-09-07T05:43:59,2026-09-07T05:40,20391,百合ヶ丘店,残1席,1,AVAILABLE,1
2026-09-07T05:43:59,2026-09-07T05:40,20332,横浜北山田店,残10席以上,1,AVAILABLE,10
2026-09-07T05:50:38,2026-09-07T05:40,20903,調布南口店,満席,4,FULL,0
2026-09-07T05:50:38,2026-09-07T05:40,20895,登戸駅前店,残2席,1,AVAILABLE,2
2026-09-07T05:50:38,2026-09-07T05:40,20391,百合ヶ丘店,残1席,1,AVAILABLE,1
2026-09-07T05:50:38,2026-09-07T05:40,20332,横浜北山田店,残10席以上,1,AVAILABLE,10
2026-09-07T06:01:02,2026-09-07T05:50,20903,調布南口店,残4席,1,AVAILABLE,4
2026-09-07T06:01:02,2026-09-07T05:50,20895,登戸駅前店,残2席,1,AVAILABLE,2
2026-09-07T06:01:02,2026-09-07T05:50,20391,百合ヶ丘店,残1席,1,AVAILABLE,1
2026-09-07T06:01:02,2026-09-07T05:50,20332,横浜北山田店,残10席以上,1,AVAILABLE,10
2026-09-07T06:16:44,2026-09-07T06:10,20903,調布南口店,残4席,1,AVAILABLE,4
2026-09-07T06:16:44,2026-09-07T06:10,20895,登戸駅前店,残2席,1,AVAILABLE,2
2026-09-07T06:16:44,2026-09-07T06:10,20391,百合ヶ丘店,残3席,1,AVAILABLE,3
2026-09-07T06:16:44,2026-09-07T06:10,20332,横浜北山田店,残10席以上,1,AVAILABLE,10
2026-09-07T06:25:37,2026-09-07T06:20,20903,調布南口店,残4席,1,AVAILABLE,4
2026-09-07T06:25:37,2026-09-07T06:20,20895,登戸駅前店,残3席,1,AVAILABLE,3
2026-09-07T06:25:37,2026-09-07T06:20,20391,百合ヶ丘店,残3席,1,AVAILABLE,3
2026-09-07T06:25:37,2026-09-07T06:20,20332,横浜北山田店,残10席以上,1,AVAILABLE,10
2026-09-07T06:32:04,2026-09-07T06:30,20903,調布南口店,残4席,1,AVAILABLE,4
2026-09-07T06:32:04,2026-09-07T06:30,20895,登戸駅前店,残3席,1,AVAILABLE,3
2026-09-07T06:32:04,2026-09-07T06:30,20391,百合ヶ丘店,残3席,1,AVAILABLE,3
2026-09-07T06:32:04,2026-09-07T06:30,20332,横浜北山田店,残10席以上,1,AVAILABLE,10
2026-09-07T06:41:14,2026-09-07T06:30,20903,調布南口店,残4席,1,AVAILABLE,4
2026-09-07T06:41:14,2026-09-07T06:30,20895,登戸駅前店,残2席,1,AVAILABLE,2
2026-09-07T06:41:14,2026-09-07T06:30,20391,百合ヶ丘店,残3席,1,AVAILABLE,3
2026-09-07T06:41:14,2026-09-07T06:30,20332,横浜北山田店,残10席以上,1,AVAILABLE,10
2026-09-07T06:51:47,2026-09-07T06:40,20903,調布南口店,残4席,1,AVAILABLE,4
2026-09-07T06:51:47,2026-09-07T06:40,20895,登戸駅前店,満席,4,FULL,0
2026-09-07T06:51:47,2026-09-07T06:40,20391,百合ヶ丘店,残3席,1,AVAILABLE,3
2026-09-07T06:51:47,2026-09-07T06:40,20332,横浜北山田店,残10席以上,1,AVAILABLE,10
2026-09-07T07:00:50,2026-09-07T06:50,20903,調布南口店,残4席,1,AVAILABLE,4
2026-09-07T07:00:50,2026-09-07T06:50,20895,登戸駅前店,満席,4,FULL,0
2026-09-07T07:00:50,2026-09-07T06:50,20391,百合ヶ丘店,残3席,1,AVAILABLE,3
2026-09-07T07:00:50,2026-09-07T06:50,20332,横浜北山田店,残10席以上,1,AVAILABLE,10
2026-09-07T07:17:47,2026-09-07T07:10,20903,調布南口店,残4席,1,AVAILABLE,4
2026-09-07T07:17:47,2026-09-07T07:10,20895,登戸駅前店,満席,4,FULL,0
2026-09-07T07:17:47,2026-09-07T07:10,20391,百合ヶ丘店,残3席,1,AVAILABLE,3
2026-09-07T07:17:47,2026-09-07T07:10,20332,横浜北山田店,残10席以上,1,AVAILABLE,10
2026-09-07T07:26:47,2026-09-07T07:20,20903,調布南口店,残4席,1,AVAILABLE,4
2026-09-07T07:26:47,2026-09-07T07:20,20895,登戸駅前店,満席,4,FULL,0
2026-09-07T07:26:47,2026-09-07T07:20,20391,百合ヶ丘店,残3席,1,AVAILABLE,3
2026-09-07T07:26:47,2026-09-07T07:20,20332,横浜北山田店,残10席以上,1,AVAILABLE,10
2026-09-07T07:33:47,2026-09-07T07:30,20903,調布南口店,残4席,1,AVAILABLE,4
2026-09-07T07:33:47,2026-09-07T07:30,20895,登戸駅前店,満席,4,FULL,0
2026-09-07T07:33:47,2026-09-07T07:30,20391,百合ヶ丘店,残3席,1,AVAILABLE,3
2026-09-07T07:33:47,2026-09-07T07:30,20332,横浜北山田店,残10席以上,1,AVAILABLE,10
2026-09-07T07:41:44,2026-09-07T07:30,20903,調布南口店,残4席,1,AVAILABLE,4
2026-09-07T07:41:44,2026-09-07T07:30,20895,登戸駅前店,満席,4,FULL,0
2026-09-07T07:41:44,2026-09-07T07:30,20391,百合ヶ丘店,残3席,1,AVAILABLE,3
2026-09-07T07:41:44,2026-09-07T07:30,20332,横浜北山田店,残10席以上,1,AVAILABLE,10
2026-09-07T07:50:40,2026-09-07T07:40,20903,調布南口店,残4席,1,AVAILABLE,4
2026-09-07T07:50:40,2026-09-07T07:40,20895,登戸駅前店,満席,4,FULL,0
2026-09-07T07:50:40,2026-09-07T07:40,20391,百合ヶ丘店,残2席,1,AVAILABLE,2
2026-09-07T07:50:40,2026-09-07T07:40,20332,横浜北山田店,残10席以上,1,AVAILABLE,10
2026-09-07T08:00:52,2026-09-07T07:50,20903,調布南口店,残4席,1,AVAILABLE,4
2026-09-07T08:00:52,2026-09-07T07:50,20895,登戸駅前店,満席,4,FULL,0
2026-09-07T08:00:52,2026-09-07T07:50,20391,百合ヶ丘店,残2席,1,AVAILABLE,2
2026-09-07T08:00:52,2026-09-07T07:50,20332,横浜北山田店,残10席以上,1,AVAILABLE,10
2026-09-07T08:16:16,2026-09-07T08:10,20903,調布南口店,残4席,1,AVAILABLE,4
2026-09-07T08:16:16,2026-09-07T08:10,20895,登戸駅前店,満席,4,FULL,0
2026-09-07T08:16:16,2026-09-07T08:10,20391,百合ヶ丘店,残2席,1,AVAILABLE,2
2026-09-07T08:16:16,2026-09-07T08:10,20332,横浜北山田店,残10席以上,1,AVAILABLE,10
2026-09-07T08:24:54,2026-09-07T08:20,20903,調布南口店,残4席,1,AVAILABLE,4
2026-09-07T08:24:54,2026-09-07T08:20,20895,登戸駅前店,満席,4,FULL,0
2026-09-07T08:24:54,2026-09-07T08:20,20391,百合ヶ丘店,残2席,1,AVAILABLE,2
2026-09-07T08:24:54,2026-09-07T08:20,20332,横浜北山田店,残10席以上,1,AVAILABLE,10
2026-09-07T08:31:32,2026-09-07T08:20,20903,調布南口店,残4席,1,AVAILABLE,4
2026-09-07T08:31:32,2026-09-07T08:20,20895,登戸駅前店,満席,4,FULL,0
2026-09-07T08:31:32,2026-09-07T08:20,20391,百合ヶ丘店,残2席,1,AVAILABLE,2
2026-09-07T08:31:32,2026-09-07T08:20,20332,横浜北山田店,残10席以上,1,AVAILABLE,10
2026-09-07T08:41:48,2026-09-07T08:30,20903,調布南口店,残4席,1,AVAILABLE,4
2026-09-07T08:41:48,2026-09-07T08:30,20895,登戸駅前店,満席,4,FULL,0
2026-09-07T08:41:48,2026-09-07T08:30,20391,百合ヶ丘店,残2席,1,AVAILABLE,2
2026-09-07T08:41:48,2026-09-07T08:30,20332,横浜北山田店,残10席以上,1,AVAILABLE,10
2026-09-07T08:50:58,2026-09-07T08:40,20903,調布南口店,残4席,1,AVAILABLE,4
2026-09-07T08:50:58,2026-09-07T08:40,20895,登戸駅前店,満席,4,FULL,0
2026-09-07T08:50:58,2026-09-07T08:40,20391,百合ヶ丘店,残2席,1,AVAILABLE,2
2026-09-07T08:50:58,2026-09-07T08:40,20332,横浜北山田店,残10席以上,1,AVAILABLE,10
2026-09-07T09:01:15,2026-09-07T08:50,20903,調布南口店,残4席,1,AVAILABLE,4
2026-09-07T09:01:15,2026-09-07T08:50,20895,登戸駅前店,満席,4,FULL,0
2026-09-07T09:01:15,2026-09-07T08:50,20391,百合ヶ丘店,残2席,1,AVAILABLE,2
2026-09-07T09:01:15,2026-09-07T08:50,20332,横浜北山田店,残10席以上,1,AVAILABLE,10
2026-09-07T09:30:50,2026-09-07T09:20,20903,調布南口店,残4席,1,AVAILABLE,4
2026-09-07T09:30:50,2026-09-07T09:20,20895,登戸駅前店,満席,4,FULL,0
2026-09-07T09:30:50,2026-09-07T09:20,20391,百合ヶ丘店,残1席,1,AVAILABLE,1
2026-09-07T09:30:50,2026-09-07T09:20,20332,横浜北山田店,残10席以上,1,AVAILABLE,10
2026-09-07T09:50:26,2026-09-07T09:40,20903,調布南口店,残4席,1,AVAILABLE,4
2026-09-07T09:50:26,2026-09-07T09:40,20895,登戸駅前店,残3席,1,AVAILABLE,3
2026-09-07T09:50:26,2026-09-07T09:40,20391,百合ヶ丘店,残3席,1,AVAILABLE,3
2026-09-07T09:50:26,2026-09-07T09:40,20332,横浜北山田店,残10席以上,1,AVAILABLE,10
2026-09-07T10:01:38,2026-09-07T09:50,20903,調布南口店,残4席,1,AVAILABLE,4
2026-09-07T10:01:38,2026-09-07T09:50,20895,登戸駅前店,残3席,1,AVAILABLE,3
2026-09-07T10:01:38,2026-09-07T09:50,20391,百合ヶ丘店,残3席,1,AVAILABLE,3
2026-09-07T10:01:38,2026-09-07T09:50,20332,横浜北山田店,残10席以上,1,AVAILABLE,10
2026-09-07T10:17:43,2026-09-07T10:10,20903,調布南口店,残4席,1,AVAILABLE,4
2026-09-07T10:17:43,2026-09-07T10:10,20895,登戸駅前店,残3席,1,AVAILABLE,3
2026-09-07T10:17:43,2026-09-07T10:10,20391,百合ヶ丘店,残3席,1,AVAILABLE,3
2026-09-07T10:17:43,2026-09-07T10:10,20332,横浜北山田店,残10席以上,1,AVAILABLE,10
2026-09-07T10:27:28,2026-09-07T10:20,20903,調布南口店,残4席,1,AVAILABLE,4
2026-09-07T10:27:28,2026-09-07T10:20,20895,登戸駅前店,残1席,1,AVAILABLE,1
2026-09-07T10:27:28,2026-09-07T10:20,20391,百合ヶ丘店,残3席,1,AVAILABLE,3
2026-09-07T10:27:28,2026-09-07T10:20,20332,横浜北山田店,残10席以上,1,AVAILABLE,10
2026-09-07T10:36:50,2026-09-07T10:30,20903,調布南口店,残4席,1,AVAILABLE,4
2026-09-07T10:36:50,2026-09-07T10:30,20895,登戸駅前店,残1席,1,AVAILABLE,1
2026-09-07T10:36:50,2026-09-07T10:30,20391,百合ヶ丘店,残3席,1,AVAILABLE,3
2026-09-07T10:36:50,2026-09-07T10:30,20332,横浜北山田店,残9席,1,AVAILABLE,9
2026-09-07T10:46:22,2026-09-07T10:40,20903,調布南口店,残4席,1,AVAILABLE,4
2026-09-07T10:46:22,2026-09-07T10:40,20895,登戸駅前店,残1席,1,AVAILABLE,1
2026-09-07T10:46:22,2026-09-07T10:40,20391,百合ヶ丘店,残3席,1,AVAILABLE,3
2026-09-07T10:46:22,2026-09-07T10:40,20332,横浜北山田店,残9席,1,AVAILABLE,9
2026-09-07T10:54:14,2026-09-07T10:50,20903,調布南口店,残4席,1,AVAILABLE,4
2026-09-07T10:54:14,2026-09-07T10:50,20895,登戸駅前店,満席,4,FULL,0
2026-09-07T10:54:14,2026-09-07T10:50,20391,百合ヶ丘店,残2席,1,AVAILABLE,2
2026-09-07T10:54:14,2026-09-07T10:50,20332,横浜北山田店,残9席,1,AVAILABLE,9
2026-09-07T11:00:49,2026-09-07T10:50,20903,調布南口店,残4席,1,AVAILABLE,4
2026-09-07T11:00:49,2026-09-07T10:50,20895,登戸駅前店,満席,4,FULL,0
2026-09-07T11:00:49,2026-09-07T10:50,20391,百合ヶ丘店,残2席,1,AVAILABLE,2
2026-09-07T11:00:49,2026-09-07T10:50,20332,横浜北山田店,残9席,1,AVAILABLE,9
2026-09-07T11:19:01,2026-09-07T11:10,20903,調布南口店,残4席,1,AVAILABLE,4
2026-09-07T11:19:01,2026-09-07T11:10,20895,登戸駅前店,満席,4,FULL,0
2026-09-07T11:19:01,2026-09-07T11:10,20391,百合ヶ丘店,残2席,1,AVAILABLE,2
2026-09-07T11:19:01,2026-09-07T11:10,20332,横浜北山田店,残9席,1,AVAILABLE,9
2026-09-07T11:30:27,2026-09-07T11:20,20903,調布南口店,残4席,1,AVAILABLE,4
2026-09-07T11:30:27,2026-09-07T11:20,20895,登戸駅前店,満席,4,FULL,0
2026-09-07T11:30:27,2026-09-07T11:20,20391,百合ヶ丘店,残2席,1,AVAILABLE,2
2026-09-07T11:30:27,2026-09-07T11:20,20332,横浜北山田店,残9席,1,AVAILABLE,9
2026-09-07T11:45:05,2026-09-07T11:40,20903,調布南口店,残3席,1,AVAILABLE,3
2026-09-07T11:45:05,2026-09-07T11:40,20895,登戸駅前店,満席,4,FULL,0
2026-09-07T11:45:05,2026-09-07T11:40,20391,百合ヶ丘店,残1席,1,AVAILABLE,1
2026-09-07T11:45:05,2026-09-07T11:40,20332,横浜北山田店,残8席,1,AVAILABLE,8
2026-09-07T11:53:17,2026-09-07T11:50,20903,調布南口店,残3席,1,AVAILABLE,3
2026-09-07T11:53:17,2026-09-07T11:50,20895,登戸駅前店,満席,4,FULL,0
2026-09-07T11:53:17,2026-09-07T11:50,20391,百合ヶ丘店,残1席,1,AVAILABLE,1
2026-09-07T11:53:17,2026-09-07T11:50,20332,横浜北山田店,残9席,1,AVAILABLE,9
2026-09-07T12:00:59,2026-09-07T11:50,20903,調布南口店,残3席,1,AVAILABLE,3
2026-09-07T12:00:59,2026-09-07T11:50,20895,登戸駅前店,満席,4,FULL,0
2026-09-07T12:00:59,2026-09-07T11:50,20391,百合ヶ丘店,残1席,1,AVAILABLE,1
2026-09-07T12:00:59,2026-09-07T11:50,20332,横浜北山田店,残9席,1,AVAILABLE,9
2026-09-07T12:19:58,2026-09-07T12:10,20903,調布南口店,残3席,1,AVAILABLE,3
2026-09-07T12:19:58,2026-09-07T12:10,20895,登戸駅前店,満席,4,FULL,0
2026-09-07T12:19:58,2026-09-07T12:10,20391,百合ヶ丘店,満席,4,FULL,0
2026-09-07T12:19:58,2026-09-07T12:10,20332,横浜北山田店,残9席,1,AVAILABLE,9
2026-09-07T12:32:33,2026-09-07T12:30,20903,調布南口店,残3席,1,AVAILABLE,3
2026-09-07T12:32:33,2026-09-07T12:30,20895,登戸駅前店,満席,4,FULL,0
2026-09-07T12:32:33,2026-09-07T12:30,20391,百合ヶ丘店,残1席,1,AVAILABLE,1
2026-09-07T12:32:33,2026-09-07T12:30,20332,横浜北山田店,残9席,1,AVAILABLE,9
2026-09-07T12:46:21,2026-09-07T12:40,20903,調布南口店,残3席,1,AVAILABLE,3
2026-09-07T12:46:21,2026-09-07T12:40,20895,登戸駅前店,満席,4,FULL,0
2026-09-07T12:46:21,2026-09-07T12:40,20391,百合ヶ丘店,残1席,1,AVAILABLE,1
2026-09-07T12:46:21,2026-09-07T12:40,20332,横浜北山田店,残9席,1,AVAILABLE,9
2026-09-07T12:55:05,2026-09-07T12:50,20903,調布南口店,残2席,1,AVAILABLE,2
2026-09-07T12:55:05,2026-09-07T12:50,20895,登戸駅前店,残1席,1,AVAILABLE,1
2026-09-07T12:55:05,2026-09-07T12:50,20391,百合ヶ丘店,残1席,1,AVAILABLE,1
2026-09-07T12:55:05,2026-09-07T12:50,20332,横浜北山田店,残8席,1,AVAILABLE,8
2026-09-07T13:00:56,2026-09-07T12:50,20903,調布南口店,残2席,1,AVAILABLE,2
2026-09-07T13:00:56,2026-09-07T12:50,20895,登戸駅前店,残1席,1,AVAILABLE,1
2026-09-07T13:00:56,2026-09-07T12:50,20391,百合ヶ丘店,残1席,1,AVAILABLE,1
2026-09-07T13:00:56,2026-09-07T12:50,20332,横浜北山田店,残8席,1,AVAILABLE,8
2026-09-07T13:19:36,2026-09-07T13:10,20903,調布南口店,残2席,1,AVAILABLE,2
2026-09-07T13:19:36,2026-09-07T13:10,20895,登戸駅前店,満席,4,FULL,0
2026-09-07T13:19:36,2026-09-07T13:10,20391,百合ヶ丘店,満席,4,FULL,0
2026-09-07T13:19:36,2026-09-07T13:10,20332,横浜北山田店,残10席以上,1,AVAILABLE,10
2026-09-07T13:32:18,2026-09-07T13:30,20903,調布南口店,残1席,1,AVAILABLE,1
2026-09-07T13:32:18,2026-09-07T13:30,20895,登戸駅前店,満席,4,FULL,0
2026-09-07T13:32:18,2026-09-07T13:30,20391,百合ヶ丘店,満席,4,FULL,0
2026-09-07T13:32:18,2026-09-07T13:30,20332,横浜北山田店,残10席以上,1,AVAILABLE,10
2026-09-07T13:45:59,2026-09-07T13:40,20903,調布南口店,残1席,1,AVAILABLE,1
2026-09-07T13:45:59,2026-09-07T13:40,20895,登戸駅前店,満席,4,FULL,0
2026-09-07T13:45:59,2026-09-07T13:40,20391,百合ヶ丘店,満席,4,FULL,0
2026-09-07T13:45:59,2026-09-07T13:40,20332,横浜北山田店,残8席,1,AVAILABLE,8
2026-09-07T13:54:43,2026-09-07T13:50,20903,調布南口店,満席,4,FULL,0
2026-09-07T13:54:43,2026-09-07T13:50,20895,登戸駅前店,満席,4,FULL,0
2026-09-07T13:54:43,2026-09-07T13:50,20391,百合ヶ丘店,満席,4,FULL,0
2026-09-07T13:54:43,2026-09-07T13:50,20332,横浜北山田店,残7席,1,AVAILABLE,7
2026-09-07T14:01:10,2026-09-07T13:50,20903,調布南口店,満席,4,FULL,0
2026-09-07T14:01:10,2026-09-07T13:50,20895,登戸駅前店,満席,4,FULL,0
2026-09-07T14:01:10,2026-09-07T13:50,20391,百合ヶ丘店,満席,4,FULL,0
2026-09-07T14:01:10,2026-09-07T13:50,20332,横浜北山田店,残7席,1,AVAILABLE,7
2026-09-07T14:18:19,2026-09-07T14:10,20903,調布南口店,満席,4,FULL,0
2026-09-07T14:18:19,2026-09-07T14:10,20895,登戸駅前店,満席,4,FULL,0
2026-09-07T14:18:19,2026-09-07T14:10,20391,百合ヶ丘店,満席,4,FULL,0
2026-09-07T14:18:19,2026-09-07T14:10,20332,横浜北山田店,残3席,1,AVAILABLE,3
2026-09-07T14:29:23,2026-09-07T14:20,20903,調布南口店,満席,4,FULL,0
2026-09-07T14:29:23,2026-09-07T14:20,20895,登戸駅前店,満席,4,FULL,0
2026-09-07T14:29:23,2026-09-07T14:20,20391,百合ヶ丘店,満席,4,FULL,0
2026-09-07T14:29:23,2026-09-07T14:20,20332,横浜北山田店,残3席,1,AVAILABLE,3
2026-09-07T14:40:24,2026-09-07T14:30,20903,調布南口店,満席,4,FULL,0
2026-09-07T14:40:24,2026-09-07T14:30,20895,登戸駅前店,満席,4,FULL,0
2026-09-07T14:40:24,2026-09-07T14:30,20391,百合ヶ丘店,満席,4,FULL,0
2026-09-07T14:40:24,2026-09-07T14:30,20332,横浜北山田店,満席,4,FULL,0
2026-09-07T14:53:13,2026-09-07T14:50,20903,調布南口店,満席,4,FULL,0
2026-09-07T14:53:13,2026-09-07T14:50,20895,登戸駅前店,満席,4,FULL,0
2026-09-07T14:53:13,2026-09-07T14:50,20391,百合ヶ丘店,満席,4,FULL,0
2026-09-07T14:53:13,2026-09-07T14:50,20332,横浜北山田店,満席,4,FULL,0
2026-09-07T15:00:51,2026-09-07T14:50,20903,調布南口店,満席,4,FULL,0
2026-09-07T15:00:51,2026-09-07T14:50,20895,登戸駅前店,満席,4,FULL,0
2026-09-07T15:00:51,2026-09-07T14:50,20391,百合ヶ丘店,満席,4,FULL,0
2026-09-07T15:00:51,2026-09-07T14:50,20332,横浜北山田店,満席,4,FULL,0
2026-09-07T15:27:00,2026-09-07T15:20,20903,調布南口店,満席,4,FULL,0
2026-09-07T15:27:00,2026-09-07T15:20,20895,登戸駅前店,満席,4,FULL,0
2026-09-07T15:27:00,2026-09-07T15:20,20391,百合ヶ丘店,満席,4,FULL,0
2026-09-07T15:27:00,2026-09-07T15:20,20332,横浜北山田店,残1席,1,AVAILABLE,1
2026-09-07T15:43:33,2026-09-07T15:40,20903,調布南口店,満席,4,FULL,0
2026-09-07T15:43:33,2026-09-07T15:40,20895,登戸駅前店,満席,4,FULL,0
2026-09-07T15:43:33,2026-09-07T15:40,20391,百合ヶ丘店,満席,4,FULL,0
2026-09-07T15:43:33,2026-09-07T15:40,20332,横浜北山田店,残1席,1,AVAILABLE,1
2026-09-07T15:58:00,2026-09-07T15:50,20903,調布南口店,満席,4,FULL,0
2026-09-07T15:58:00,2026-09-07T15:50,20895,登戸駅前店,満席,4,FULL,0
2026-09-07T15:58:00,2026-09-07T15:50,20391,百合ヶ丘店,満席,4,FULL,0
2026-09-07T15:58:00,2026-09-07T15:50,20332,横浜北山田店,残2席,1,AVAILABLE,2
2026-09-07T16:08:55,2026-09-07T16:00,20903,調布南口店,満席,4,FULL,0
2026-09-07T16:08:55,2026-09-07T16:00,20895,登戸駅前店,満席,4,FULL,0
2026-09-07T16:08:55,2026-09-07T16:00,20391,百合ヶ丘店,満席,4,FULL,0
2026-09-07T16:08:55,2026-09-07T16:00,20332,横浜北山田店,残2席,1,AVAILABLE,2
2026-09-07T16:23:34,2026-09-07T16:20,20903,調布南口店,残1席,1,AVAILABLE,1
2026-09-07T16:23:34,2026-09-07T16:20,20895,登戸駅前店,満席,4,FULL,0
2026-09-07T16:23:34,2026-09-07T16:20,20391,百合ヶ丘店,残2席,1,AVAILABLE,2
2026-09-07T16:23:34,2026-09-07T16:20,20332,横浜北山田店,満席,4,FULL,0
2026-09-07T16:36:11,2026-09-07T16:30,20903,調布南口店,残1席,1,AVAILABLE,1
2026-09-07T16:36:11,2026-09-07T16:30,20895,登戸駅前店,満席,4,FULL,0
2026-09-07T16:36:11,2026-09-07T16:30,20391,百合ヶ丘店,残2席,1,AVAILABLE,2
2026-09-07T16:36:11,2026-09-07T16:30,20332,横浜北山田店,満席,4,FULL,0
2026-09-07T16:47:44,2026-09-07T16:40,20903,調布南口店,残1席,1,AVAILABLE,1
2026-09-07T16:47:44,2026-09-07T16:40,20895,登戸駅前店,満席,4,FULL,0
2026-09-07T16:47:44,2026-09-07T16:40,20391,百合ヶ丘店,残2席,1,AVAILABLE,2
2026-09-07T16:47:44,2026-09-07T16:40,20332,横浜北山田店,満席,4,FULL,0
2026-09-07T16:56:44,2026-09-07T16:50,20903,調布南口店,残1席,1,AVAILABLE,1
2026-09-07T16:56:44,2026-09-07T16:50,20895,登戸駅前店,満席,4,FULL,0
2026-09-07T16:56:44,2026-09-07T16:50,20391,百合ヶ丘店,満席,4,FULL,0
2026-09-07T16:56:44,2026-09-07T16:50,20332,横浜北山田店,満席,4,FULL,0
2026-09-07T17:05:13,2026-09-07T17:00,20903,調布南口店,満席,4,FULL,0
2026-09-07T17:05:13,2026-09-07T17:00,20895,登戸駅前店,満席,4,FULL,0
2026-09-07T17:05:13,2026-09-07T17:00,20391,百合ヶ丘店,満席,4,FULL,0
2026-09-07T17:05:13,2026-09-07T17:00,20332,横浜北山田店,残1席,1,AVAILABLE,1
2026-09-07T17:21:46,2026-09-07T17:10,20903,調布南口店,満席,4,FULL,0
2026-09-07T17:21:46,2026-09-07T17:10,20895,登戸駅前店,満席,4,FULL,0
2026-09-07T17:21:46,2026-09-07T17:10,20391,百合ヶ丘店,満席,4,FULL,0
2026-09-07T17:21:46,2026-09-07T17:10,20332,横浜北山田店,満席,4,FULL,0
2026-09-07T17:37:07,2026-09-07T17:30,20903,調布南口店,満席,4,FULL,0
2026-09-07T17:37:07,2026-09-07T17:30,20895,登戸駅前店,満席,4,FULL,0
2026-09-07T17:37:07,2026-09-07T17:30,20391,百合ヶ丘店,満席,4,FULL,0
2026-09-07T17:37:07,2026-09-07T17:30,20332,横浜北山田店,残2席,1,AVAILABLE,2
2026-09-07T17:48:22,2026-09-07T17:40,20903,調布南口店,満席,4,FULL,0
2026-09-07T17:48:22,2026-09-07T17:40,20895,登戸駅前店,満席,4,FULL,0
2026-09-07T17:48:22,2026-09-07T17:40,20391,百合ヶ丘店,満席,4,FULL,0
2026-09-07T17:48:22,2026-09-07T17:40,20332,横浜北山田店,残1席,1,AVAILABLE,1
2026-09-07T17:57:22,2026-09-07T17:50,20903,調布南口店,満席,4,FULL,0
2026-09-07T17:57:22,2026-09-07T17:50,20895,登戸駅前店,残1席,1,AVAILABLE,1
2026-09-07T17:57:22,2026-09-07T17:50,20391,百合ヶ丘店,満席,4,FULL,0
2026-09-07T17:57:22,2026-09-07T17:50,20332,横浜北山田店,満席,4,FULL,0
2026-09-07T18:04:59,2026-09-07T18:00,20903,調布南口店,満席,4,FULL,0
2026-09-07T18:04:59,2026-09-07T18:00,20895,登戸駅前店,残1席,1,AVAILABLE,1
2026-09-07T18:04:59,2026-09-07T18:00,20391,百合ヶ丘店,満席,4,FULL,0
2026-09-07T18:04:59,2026-09-07T18:00,20332,横浜北山田店,満席,4,FULL,0
2026-09-07T18:20:43,2026-09-07T18:10,20903,調布南口店,満席,4,FULL,0
2026-09-07T18:20:43,2026-09-07T18:10,20895,登戸駅前店,満席,4,FULL,0
2026-09-07T18:20:43,2026-09-07T18:10,20391,百合ヶ丘店,満席,4,FULL,0
2026-09-07T18:20:43,2026-09-07T18:10,20332,横浜北山田店,満席,4,FULL,0
2026-09-07T18:36:51,2026-09-07T18:30,20903,調布南口店,残1席,1,AVAILABLE,1
2026-09-07T18:36:51,2026-09-07T18:30,20895,登戸駅前店,満席,4,FULL,0
2026-09-07T18:36:51,2026-09-07T18:30,20391,百合ヶ丘店,満席,4,FULL,0
2026-09-07T18:36:51,2026-09-07T18:30,20332,横浜北山田店,満席,4,FULL,0
2026-09-07T18:47:59,2026-09-07T18:40,20903,調布南口店,満席,4,FULL,0
2026-09-07T18:47:59,2026-09-07T18:40,20895,登戸駅前店,満席,4,FULL,0
2026-09-07T18:47:59,2026-09-07T18:40,20391,百合ヶ丘店,満席,4,FULL,0
2026-09-07T18:47:59,2026-09-07T18:40,20332,横浜北山田店,残1席,1,AVAILABLE,1
2026-09-07T18:56:25,2026-09-07T18:50,20903,調布南口店,満席,4,FULL,0
2026-09-07T18:56:25,2026-09-07T18:50,20895,登戸駅前店,満席,4,FULL,0
2026-09-07T18:56:25,2026-09-07T18:50,20391,百合ヶ丘店,満席,4,FULL,0
2026-09-07T18:56:25,2026-09-07T18:50,20332,横浜北山田店,残2席,1,AVAILABLE,2
2026-09-07T19:03:38,2026-09-07T19:00,20903,調布南口店,満席,4,FULL,0
2026-09-07T19:03:38,2026-09-07T19:00,20895,登戸駅前店,満席,4,FULL,0
2026-09-07T19:03:38,2026-09-07T19:00,20391,百合ヶ丘店,満席,4,FULL,0
2026-09-07T19:03:38,2026-09-07T19:00,20332,横浜北山田店,残4席,1,AVAILABLE,4
2026-09-07T19:19:53,2026-09-07T19:10,20903,調布南口店,満席,4,FULL,0
2026-09-07T19:19:53,2026-09-07T19:10,20895,登戸駅前店,満席,4,FULL,0
2026-09-07T19:19:53,2026-09-07T19:10,20391,百合ヶ丘店,満席,4,FULL,0
2026-09-07T19:19:53,2026-09-07T19:10,20332,横浜北山田店,残3席,1,AVAILABLE,3
2026-09-07T19:31:52,2026-09-07T19:20,20903,調布南口店,残1席,1,AVAILABLE,1
2026-09-07T19:31:52,2026-09-07T19:20,20895,登戸駅前店,満席,4,FULL,0
2026-09-07T19:31:52,2026-09-07T19:20,20391,百合ヶ丘店,満席,4,FULL,0
2026-09-07T19:31:52,2026-09-07T19:20,20332,横浜北山田店,残1席,1,AVAILABLE,1
2026-09-07T19:45:21,2026-09-07T19:40,20903,調布南口店,残1席,1,AVAILABLE,1
2026-09-07T19:45:21,2026-09-07T19:40,20895,登戸駅前店,満席,4,FULL,0
2026-09-07T19:45:21,2026-09-07T19:40,20391,百合ヶ丘店,満席,4,FULL,0
2026-09-07T19:45:21,2026-09-07T19:40,20332,横浜北山田店,満席,4,FULL,0
2026-09-07T19:53:04,2026-09-07T19:50,20903,調布南口店,残1席,1,AVAILABLE,1
2026-09-07T19:53:04,2026-09-07T19:50,20895,登戸駅前店,満席,4,FULL,0
2026-09-07T19:53:04,2026-09-07T19:50,20391,百合ヶ丘店,満席,4,FULL,0
2026-09-07T19:53:04,2026-09-07T19:50,20332,横浜北山田店,残1席,1,AVAILABLE,1
2026-09-07T20:00:52,2026-09-07T19:50,20903,調布南口店,残1席,1,AVAILABLE,1
2026-09-07T20:00:52,2026-09-07T19:50,20895,登戸駅前店,満席,4,FULL,0
2026-09-07T20:00:52,2026-09-07T19:50,20391,百合ヶ丘店,満席,4,FULL,0
2026-09-07T20:00:52,2026-09-07T19:50,20332,横浜北山田店,残1席,1,AVAILABLE,1
2026-09-07T20:19:13,2026-09-07T20:10,20903,調布南口店,残1席,1,AVAILABLE,1
2026-09-07T20:19:13,2026-09-07T20:10,20895,登戸駅前店,残1席,1,AVAILABLE,1
2026-09-07T20:19:13,2026-09-07T20:10,20391,百合ヶ丘店,満席,4,FULL,0
2026-09-07T20:19:13,2026-09-07T20:10,20332,横浜北山田店,残1席,1,AVAILABLE,1
2026-09-07T20:31:42,2026-09-07T20:20,20903,調布南口店,満席,4,FULL,0
2026-09-07T20:31:42,2026-09-07T20:20,20895,登戸駅前店,満席,4,FULL,0
2026-09-07T20:31:42,2026-09-07T20:20,20391,百合ヶ丘店,満席,4,FULL,0
2026-09-07T20:31:42,2026-09-07T20:20,20332,横浜北山田店,残1席,1,AVAILABLE,1
2026-09-07T20:45:24,2026-09-07T20:40,20903,調布南口店,残2席,1,AVAILABLE,2
2026-09-07T20:45:24,2026-09-07T20:40,20895,登戸駅前店,満席,4,FULL,0
2026-09-07T20:45:24,2026-09-07T20:40,20391,百合ヶ丘店,満席,4,FULL,0
2026-09-07T20:45:24,2026-09-07T20:40,20332,横浜北山田店,残3席,1,AVAILABLE,3
2026-09-07T20:53:29,2026-09-07T20:50,20903,調布南口店,残1席,1,AVAILABLE,1
2026-09-07T20:53:29,2026-09-07T20:50,20895,登戸駅前店,満席,4,FULL,0
2026-09-07T20:53:29,2026-09-07T20:50,20391,百合ヶ丘店,残1席,1,AVAILABLE,1
2026-09-07T20:53:29,2026-09-07T20:50,20332,横浜北山田店,残1席,1,AVAILABLE,1
2026-09-07T21:00:58,2026-09-07T20:50,20903,調布南口店,残1席,1,AVAILABLE,1
2026-09-07T21:00:58,2026-09-07T20:50,20895,登戸駅前店,満席,4,FULL,0
2026-09-07T21:00:58,2026-09-07T20:50,20391,百合ヶ丘店,残1席,1,AVAILABLE,1
2026-09-07T21:00:58,2026-09-07T20:50,20332,横浜北山田店,残1席,1,AVAILABLE,1
2026-09-07T21:25:16,2026-09-07T21:20,20903,調布南口店,満席,4,FULL,0
2026-09-07T21:25:16,2026-09-07T21:20,20895,登戸駅前店,残1席,1,AVAILABLE,1
2026-09-07T21:25:16,2026-09-07T21:20,20391,百合ヶ丘店,残1席,1,AVAILABLE,1
2026-09-07T21:25:16,2026-09-07T21:20,20332,横浜北山田店,満席,4,FULL,0
2026-09-07T21:40:43,2026-09-07T21:30,20903,調布南口店,満席,4,FULL,0
2026-09-07T21:40:43,2026-09-07T21:30,20895,登戸駅前店,残3席,1,AVAILABLE,3
2026-09-07T21:40:43,2026-09-07T21:30,20391,百合ヶ丘店,満席,4,FULL,0
2026-09-07T21:40:43,2026-09-07T21:30,20332,横浜北山田店,満席,4,FULL,0
2026-09-07T21:56:45,2026-09-07T21:50,20903,調布南口店,満席,4,FULL,0
2026-09-07T21:56:45,2026-09-07T21:50,20895,登戸駅前店,残1席,1,AVAILABLE,1
2026-09-07T21:56:45,2026-09-07T21:50,20391,百合ヶ丘店,満席,4,FULL,0
2026-09-07T21:56:45,2026-09-07T21:50,20332,横浜北山田店,満席,4,FULL,0
2026-09-07T22:05:31,2026-09-07T22:00,20903,調布南口店,満席,4,FULL,0
2026-09-07T22:05:31,2026-09-07T22:00,20895,登戸駅前店,満席,4,FULL,0
2026-09-07T22:05:31,2026-09-07T22:00,20391,百合ヶ丘店,満席,4,FULL,0
2026-09-07T22:05:31,2026-09-07T22:00,20332,横浜北山田店,満席,4,FULL,0
2026-09-07T22:21:45,2026-09-07T22:10,20903,調布南口店,満席,4,FULL,0
2026-09-07T22:21:45,2026-09-07T22:10,20895,登戸駅前店,満席,4,FULL,0
2026-09-07T22:21:45,2026-09-07T22:10,20391,百合ヶ丘店,満席,4,FULL,0
2026-09-07T22:21:45,2026-09-07T22:10,20332,横浜北山田店,満席,4,FULL,0
2026-09-07T22:36:05,2026-09-07T22:30,20903,調布南口店,満席,4,FULL,0
2026-09-07T22:36:05,2026-09-07T22:30,20895,登戸駅前店,満席,4,FULL,0
2026-09-07T22:36:05,2026-09-07T22:30,20391,百合ヶ丘店,満席,4,FULL,0
2026-09-07T22:36:05,2026-09-07T22:30,20332,横浜北山田店,残1席,1,AVAILABLE,1
2026-09-07T22:46:57,2026-09-07T22:40,20903,調布南口店,残1席,1,AVAILABLE,1
2026-09-07T22:46:57,2026-09-07T22:40,20895,登戸駅前店,満席,4,FULL,0
2026-09-07T22:46:57,2026-09-07T22:40,20391,百合ヶ丘店,満席,4,FULL,0
2026-09-07T22:46:57,2026-09-07T22:40,20332,横浜北山田店,残1席,1,AVAILABLE,1
2026-09-07T22:55:26,2026-09-07T22:50,20903,調布南口店,残1席,1,AVAILABLE,1
2026-09-07T22:55:26,2026-09-07T22:50,20895,登戸駅前店,満席,4,FULL,0
2026-09-07T22:55:26,2026-09-07T22:50,20391,百合ヶ丘店,満席,4,FULL,0
2026-09-07T22:55:26,2026-09-07T22:50,20332,横浜北山田店,残1席,1,AVAILABLE,1
2026-09-07T23:01:50,2026-09-07T22:50,20903,調布南口店,残1席,1,AVAILABLE,1
2026-09-07T23:01:50,2026-09-07T22:50,20895,登戸駅前店,満席,4,FULL,0
2026-09-07T23:01:50,2026-09-07T22:50,20391,百合ヶ丘店,満席,4,FULL,0
2026-09-07T23:01:50,2026-09-07T22:50,20332,横浜北山田店,残1席,1,AVAILABLE,1
2026-09-07T23:19:52,2026-09-07T23:10,20903,調布南口店,残2席,1,AVAILABLE,2
2026-09-07T23:19:52,2026-09-07T23:10,20895,登戸駅前店,満席,4,FULL,0
2026-09-07T23:19:52,2026-09-07T23:10,20391,百合ヶ丘店,満席,4,FULL,0
2026-09-07T23:19:52,2026-09-07T23:10,20332,横浜北山田店,残3席,1,AVAILABLE,3
2026-09-07T23:31:58,2026-09-07T23:20,20903,調布南口店,満席,4,FULL,0
2026-09-07T23:31:58,2026-09-07T23:20,20895,登戸駅前店,満席,4,FULL,0
2026-09-07T23:31:58,2026-09-07T23:20,20391,百合ヶ丘店,満席,4,FULL,0
2026-09-07T23:31:58,2026-09-07T23:20,20332,横浜北山田店,残7席,1,AVAILABLE,7
2026-09-07T23:46:23,2026-09-07T23:40,20903,調布南口店,満席,4,FULL,0
2026-09-07T23:46:23,2026-09-07T23:40,20895,登戸駅前店,満席,4,FULL,0
2026-09-07T23:46:23,2026-09-07T23:40,20391,百合ヶ丘店,残1席,1,AVAILABLE,1
2026-09-07T23:46:23,2026-09-07T23:40,20332,横浜北山田店,残5席,1,AVAILABLE,5
2026-09-07T23:55:27,2026-09-07T23:50,20903,調布南口店,満席,4,FULL,0
2026-09-07T23:55:27,2026-09-07T23:50,20895,登戸駅前店,満席,4,FULL,0
2026-09-07T23:55:27,2026-09-07T23:50,20391,百合ヶ丘店,残1席,1,AVAILABLE,1
2026-09-07T23:55:27,2026-09-07T23:50,20332,横浜北山田店,残4席,1,AVAILABLE,4
2026-09-08T00:01:51,2026-09-07T23:50,20903,調布南口店,満席,4,FULL,0
2026-09-08T00:01:51,2026-09-07T23:50,20895,登戸駅前店,満席,4,FULL,0
2026-09-08T00:01:51,2026-09-07T23:50,20391,百合ヶ丘店,残1席,1,AVAILABLE,1
2026-09-08T00:01:51,2026-09-07T23:50,20332,横浜北山田店,残4席,1,AVAILABLE,4
2026-09-08T00:18:52,2026-09-08T00:10,20903,調布南口店,満席,4,FULL,0
2026-09-08T00:18:52,2026-09-08T00:10,20895,登戸駅前店,残1席,1,AVAILABLE,1
2026-09-08T00:18:52,2026-09-08T00:10,20391,百合ヶ丘店,残1席,1,AVAILABLE,1
2026-09-08T00:18:52,2026-09-08T00:10,20332,横浜北山田店,残3席,1,AVAILABLE,3
2026-09-08T00:30:23,2026-09-08T00:20,20903,調布南口店,満席,4,FULL,0
2026-09-08T00:30:23,2026-09-08T00:20,20895,登戸駅前店,残1席,1,AVAILABLE,1
2026-09-08T00:30:23,2026-09-08T00:20,20391,百合ヶ丘店,残1席,1,AVAILABLE,1
2026-09-08T00:30:23,2026-09-08T00:20,20332,横浜北山田店,残5席,1,AVAILABLE,5
2026-09-08T00:45:08,2026-09-08T00:40,20903,調布南口店,満席,4,FULL,0
2026-09-08T00:45:08,2026-09-08T00:40,20895,登戸駅前店,残1席,1,AVAILABLE,1
2026-09-08T00:45:08,2026-09-08T00:40,20391,百合ヶ丘店,満席,4,FULL,0
2026-09-08T00:45:08,2026-09-08T00:40,20332,横浜北山田店,残4席,1,AVAILABLE,4
2026-09-08T00:53:29,2026-09-08T00:50,20903,調布南口店,満席,4,FULL,0
2026-09-08T00:53:29,2026-09-08T00:50,20895,登戸駅前店,残1席,1,AVAILABLE,1
2026-09-08T00:53:29,2026-09-08T00:50,20391,百合ヶ丘店,満席,4,FULL,0
2026-09-08T00:53:29,2026-09-08T00:50,20332,横浜北山田店,残7席,1,AVAILABLE,7
2026-09-08T01:00:59,2026-09-08T00:50,20903,調布南口店,満席,4,FULL,0
2026-09-08T01:00:59,2026-09-08T00:50,20895,登戸駅前店,残1席,1,AVAILABLE,1
2026-09-08T01:00:59,2026-09-08T00:50,20391,百合ヶ丘店,満席,4,FULL,0
2026-09-08T01:00:59,2026-09-08T00:50,20332,横浜北山田店,残7席,1,AVAILABLE,7
2026-09-08T01:19:26,2026-09-08T01:10,20903,調布南口店,満席,4,FULL,0
2026-09-08T01:19:26,2026-09-08T01:10,20895,登戸駅前店,満席,4,FULL,0
2026-09-08T01:19:26,2026-09-08T01:10,20391,百合ヶ丘店,満席,4,FULL,0
2026-09-08T01:19:26,2026-09-08T01:10,20332,横浜北山田店,残7席,1,AVAILABLE,7
2026-09-08T01:31:14,2026-09-08T01:20,20903,調布南口店,満席,4,FULL,0
2026-09-08T01:31:14,2026-09-08T01:20,20895,登戸駅前店,満席,4,FULL,0
2026-09-08T01:31:14,2026-09-08T01:20,20391,百合ヶ丘店,満席,4,FULL,0
2026-09-08T01:31:14,2026-09-08T01:20,20332,横浜北山田店,残7席,1,AVAILABLE,7
2026-09-08T01:45:04,2026-09-08T01:40,20903,調布南口店,満席,4,FULL,0
2026-09-08T01:45:04,2026-09-08T01:40,20895,登戸駅前店,満席,4,FULL,0
2026-09-08T01:45:04,2026-09-08T01:40,20391,百合ヶ丘店,残2席,1,AVAILABLE,2
2026-09-08T01:45:04,2026-09-08T01:40,20332,横浜北山田店,残6席,1,AVAILABLE,6
2026-09-08T01:53:06,2026-09-08T01:50,20903,調布南口店,残1席,1,AVAILABLE,1
2026-09-08T01:53:06,2026-09-08T01:50,20895,登戸駅前店,満席,4,FULL,0
2026-09-08T01:53:06,2026-09-08T01:50,20391,百合ヶ丘店,残2席,1,AVAILABLE,2
2026-09-08T01:53:06,2026-09-08T01:50,20332,横浜北山田店,残4席,1,AVAILABLE,4
2026-09-08T02:01:08,2026-09-08T01:50,20903,調布南口店,残1席,1,AVAILABLE,1
2026-09-08T02:01:08,2026-09-08T01:50,20895,登戸駅前店,満席,4,FULL,0
2026-09-08T02:01:08,2026-09-08T01:50,20391,百合ヶ丘店,残2席,1,AVAILABLE,2
2026-09-08T02:01:08,2026-09-08T01:50,20332,横浜北山田店,残4席,1,AVAILABLE,4
2026-09-08T02:17:43,2026-09-08T02:10,20903,調布南口店,残2席,1,AVAILABLE,2
2026-09-08T02:17:43,2026-09-08T02:10,20895,登戸駅前店,残1席,1,AVAILABLE,1
2026-09-08T02:17:43,2026-09-08T02:10,20391,百合ヶ丘店,残2席,1,AVAILABLE,2
2026-09-08T02:17:43,2026-09-08T02:10,20332,横浜北山田店,残4席,1,AVAILABLE,4
2026-09-08T02:27:56,2026-09-08T02:20,20903,調布南口店,残1席,1,AVAILABLE,1
2026-09-08T02:27:56,2026-09-08T02:20,20895,登戸駅前店,残1席,1,AVAILABLE,1
2026-09-08T02:27:56,2026-09-08T02:20,20391,百合ヶ丘店,残2席,1,AVAILABLE,2
2026-09-08T02:27:56,2026-09-08T02:20,20332,横浜北山田店,残2席,1,AVAILABLE,2
2026-09-08T02:37:32,2026-09-08T02:30,20903,調布南口店,残1席,1,AVAILABLE,1
2026-09-08T02:37:32,2026-09-08T02:30,20895,登戸駅前店,残1席,1,AVAILABLE,1
2026-09-08T02:37:32,2026-09-08T02:30,20391,百合ヶ丘店,残2席,1,AVAILABLE,2
2026-09-08T02:37:32,2026-09-08T02:30,20332,横浜北山田店,残2席,1,AVAILABLE,2
2026-09-08T02:45:51,2026-09-08T02:40,20903,調布南口店,残1席,1,AVAILABLE,1
2026-09-08T02:45:51,2026-09-08T02:40,20895,登戸駅前店,残2席,1,AVAILABLE,2
2026-09-08T02:45:51,2026-09-08T02:40,20391,百合ヶ丘店,残2席,1,AVAILABLE,2
2026-09-08T02:45:51,2026-09-08T02:40,20332,横浜北山田店,残3席,1,AVAILABLE,3
2026-09-08T02:53:04,2026-09-08T02:50,20903,調布南口店,残1席,1,AVAILABLE,1
2026-09-08T02:53:04,2026-09-08T02:50,20895,登戸駅前店,残2席,1,AVAILABLE,2
2026-09-08T02:53:04,2026-09-08T02:50,20391,百合ヶ丘店,残2席,1,AVAILABLE,2
2026-09-08T02:53:04,2026-09-08T02:50,20332,横浜北山田店,残3席,1,AVAILABLE,3
2026-09-08T03:01:03,2026-09-08T02:50,20903,調布南口店,残1席,1,AVAILABLE,1
2026-09-08T03:01:03,2026-09-08T02:50,20895,登戸駅前店,残2席,1,AVAILABLE,2
2026-09-08T03:01:03,2026-09-08T02:50,20391,百合ヶ丘店,残2席,1,AVAILABLE,2
2026-09-08T03:01:03,2026-09-08T02:50,20332,横浜北山田店,残3席,1,AVAILABLE,3
2026-09-08T03:21:36,2026-09-08T03:10,20903,調布南口店,残1席,1,AVAILABLE,1
2026-09-08T03:21:36,2026-09-08T03:10,20895,登戸駅前店,残2席,1,AVAILABLE,2
2026-09-08T03:21:36,2026-09-08T03:10,20391,百合ヶ丘店,残1席,1,AVAILABLE,1
2026-09-08T03:21:36,2026-09-08T03:10,20332,横浜北山田店,残1席,1,AVAILABLE,1
2026-09-08T03:37:47,2026-09-08T03:30,20903,調布南口店,残2席,1,AVAILABLE,2
2026-09-08T03:37:47,2026-09-08T03:30,20895,登戸駅前店,残1席,1,AVAILABLE,1
2026-09-08T03:37:47,2026-09-08T03:30,20391,百合ヶ丘店,残1席,1,AVAILABLE,1
2026-09-08T03:37:47,2026-09-08T03:30,20332,横浜北山田店,残1席,1,AVAILABLE,1
2026-09-08T03:49:09,2026-09-08T03:40,20903,調布南口店,残2席,1,AVAILABLE,2
2026-09-08T03:49:09,2026-09-08T03:40,20895,登戸駅前店,残1席,1,AVAILABLE,1
2026-09-08T03:49:09,2026-09-08T03:40,20391,百合ヶ丘店,残1席,1,AVAILABLE,1
2026-09-08T03:49:09,2026-09-08T03:40,20332,横浜北山田店,残1席,1,AVAILABLE,1
2026-09-08T03:56:39,2026-09-08T03:50,20903,調布南口店,残2席,1,AVAILABLE,2
2026-09-08T03:56:39,2026-09-08T03:50,20895,登戸駅前店,残1席,1,AVAILABLE,1
2026-09-08T03:56:39,2026-09-08T03:50,20391,百合ヶ丘店,残1席,1,AVAILABLE,1
2026-09-08T03:56:39,2026-09-08T03:50,20332,横浜北山田店,残1席,1,AVAILABLE,1
2026-09-08T04:03:34,2026-09-08T04:00,20903,調布南口店,残2席,1,AVAILABLE,2
2026-09-08T04:03:34,2026-09-08T04:00,20895,登戸駅前店,残1席,1,AVAILABLE,1
2026-09-08T04:03:34,2026-09-08T04:00,20391,百合ヶ丘店,残1席,1,AVAILABLE,1
2026-09-08T04:03:34,2026-09-08T04:00,20332,横浜北山田店,満席,4,FULL,0
2026-09-08T04:17:21,2026-09-08T04:10,20903,調布南口店,残2席,1,AVAILABLE,2
2026-09-08T04:17:21,2026-09-08T04:10,20895,登戸駅前店,残1席,1,AVAILABLE,1
2026-09-08T04:17:21,2026-09-08T04:10,20391,百合ヶ丘店,残1席,1,AVAILABLE,1
2026-09-08T04:17:21,2026-09-08T04:10,20332,横浜北山田店,満席,4,FULL,0
2026-09-08T04:26:45,2026-09-08T04:20,20903,調布南口店,残2席,1,AVAILABLE,2
2026-09-08T04:26:45,2026-09-08T04:20,20895,登戸駅前店,残1席,1,AVAILABLE,1
2026-09-08T04:26:45,2026-09-08T04:20,20391,百合ヶ丘店,残1席,1,AVAILABLE,1
2026-09-08T04:26:45,2026-09-08T04:20,20332,横浜北山田店,満席,4,FULL,0
2026-09-08T04:34:50,2026-09-08T04:30,20903,調布南口店,残2席,1,AVAILABLE,2
2026-09-08T04:34:50,2026-09-08T04:30,20895,登戸駅前店,残1席,1,AVAILABLE,1
2026-09-08T04:34:50,2026-09-08T04:30,20391,百合ヶ丘店,残1席,1,AVAILABLE,1
2026-09-08T04:34:50,2026-09-08T04:30,20332,横浜北山田店,残1席,1,AVAILABLE,1
2026-09-08T04:43:06,2026-09-08T04:40,20903,調布南口店,残2席,1,AVAILABLE,2
2026-09-08T04:43:06,2026-09-08T04:40,20895,登戸駅前店,残3席,1,AVAILABLE,3
2026-09-08T04:43:06,2026-09-08T04:40,20391,百合ヶ丘店,残1席,1,AVAILABLE,1
2026-09-08T04:43:06,2026-09-08T04:40,20332,横浜北山田店,満席,4,FULL,0
2026-09-08T04:51:38,2026-09-08T04:40,20903,調布南口店,残2席,1,AVAILABLE,2
2026-09-08T04:51:38,2026-09-08T04:40,20895,登戸駅前店,残3席,1,AVAILABLE,3
2026-09-08T04:51:38,2026-09-08T04:40,20391,百合ヶ丘店,残1席,1,AVAILABLE,1
2026-09-08T04:51:38,2026-09-08T04:40,20332,横浜北山田店,満席,4,FULL,0
2026-09-08T05:01:12,2026-09-08T04:50,20903,調布南口店,残2席,1,AVAILABLE,2
2026-09-08T05:01:12,2026-09-08T04:50,20895,登戸駅前店,残3席,1,AVAILABLE,3
2026-09-08T05:01:12,2026-09-08T04:50,20391,百合ヶ丘店,残1席,1,AVAILABLE,1
2026-09-08T05:01:12,2026-09-08T04:50,20332,横浜北山田店,残2席,1,AVAILABLE,2
2026-09-08T05:18:57,2026-09-08T05:10,20903,調布南口店,残1席,1,AVAILABLE,1
2026-09-08T05:18:57,2026-09-08T05:10,20895,登戸駅前店,残3席,1,AVAILABLE,3
2026-09-08T05:18:57,2026-09-08T05:10,20391,百合ヶ丘店,残1席,1,AVAILABLE,1
2026-09-08T05:18:57,2026-09-08T05:10,20332,横浜北山田店,残2席,1,AVAILABLE,2
2026-09-08T05:30:18,2026-09-08T05:20,20903,調布南口店,残1席,1,AVAILABLE,1
2026-09-08T05:30:18,2026-09-08T05:20,20895,登戸駅前店,残3席,1,AVAILABLE,3
2026-09-08T05:30:18,2026-09-08T05:20,20391,百合ヶ丘店,残1席,1,AVAILABLE,1
2026-09-08T05:30:18,2026-09-08T05:20,20332,横浜北山田店,残2席,1,AVAILABLE,2
2026-09-08T05:44:18,2026-09-08T05:40,20903,調布南口店,残3席,1,AVAILABLE,3
2026-09-08T05:44:18,2026-09-08T05:40,20895,登戸駅前店,残2席,1,AVAILABLE,2
2026-09-08T05:44:18,2026-09-08T05:40,20391,百合ヶ丘店,満席,4,FULL,0
2026-09-08T05:44:18,2026-09-08T05:40,20332,横浜北山田店,残6席,1,AVAILABLE,6
2026-09-08T05:52:04,2026-09-08T05:50,20903,調布南口店,残3席,1,AVAILABLE,3
2026-09-08T05:52:04,2026-09-08T05:50,20895,登戸駅前店,残2席,1,AVAILABLE,2
2026-09-08T05:52:04,2026-09-08T05:50,20391,百合ヶ丘店,満席,4,FULL,0
2026-09-08T05:52:04,2026-09-08T05:50,20332,横浜北山田店,残6席,1,AVAILABLE,6
2026-09-08T06:01:02,2026-09-08T05:50,20903,調布南口店,残3席,1,AVAILABLE,3
2026-09-08T06:01:02,2026-09-08T05:50,20895,登戸駅前店,残1席,1,AVAILABLE,1
2026-09-08T06:01:02,2026-09-08T05:50,20391,百合ヶ丘店,満席,4,FULL,0
2026-09-08T06:01:02,2026-09-08T05:50,20332,横浜北山田店,残6席,1,AVAILABLE,6
2026-09-08T06:18:14,2026-09-08T06:10,20903,調布南口店,残3席,1,AVAILABLE,3
2026-09-08T06:18:14,2026-09-08T06:10,20895,登戸駅前店,残1席,1,AVAILABLE,1
2026-09-08T06:18:14,2026-09-08T06:10,20391,百合ヶ丘店,残2席,1,AVAILABLE,2
2026-09-08T06:18:14,2026-09-08T06:10,20332,横浜北山田店,残4席,1,AVAILABLE,4
2026-09-08T06:28:49,2026-09-08T06:20,20903,調布南口店,残3席,1,AVAILABLE,3
2026-09-08T06:28:49,2026-09-08T06:20,20895,登戸駅前店,満席,4,FULL,0
2026-09-08T06:28:49,2026-09-08T06:20,20391,百合ヶ丘店,残2席,1,AVAILABLE,2
2026-09-08T06:28:49,2026-09-08T06:20,20332,横浜北山田店,残4席,1,AVAILABLE,4
2026-09-08T06:38:47,2026-09-08T06:30,20903,調布南口店,残3席,1,AVAILABLE,3
2026-09-08T06:38:47,2026-09-08T06:30,20895,登戸駅前店,満席,4,FULL,0
2026-09-08T06:38:47,2026-09-08T06:30,20391,百合ヶ丘店,残2席,1,AVAILABLE,2
2026-09-08T06:38:47,2026-09-08T06:30,20332,横浜北山田店,残4席,1,AVAILABLE,4
2026-09-08T06:46:38,2026-09-08T06:40,20903,調布南口店,残3席,1,AVAILABLE,3
2026-09-08T06:46:38,2026-09-08T06:40,20895,登戸駅前店,残1席,1,AVAILABLE,1
2026-09-08T06:46:38,2026-09-08T06:40,20391,百合ヶ丘店,残2席,1,AVAILABLE,2
2026-09-08T06:46:38,2026-09-08T06:40,20332,横浜北山田店,残4席,1,AVAILABLE,4
2026-09-08T06:53:39,2026-09-08T06:50,20903,調布南口店,残3席,1,AVAILABLE,3
2026-09-08T06:53:39,2026-09-08T06:50,20895,登戸駅前店,残1席,1,AVAILABLE,1
2026-09-08T06:53:39,2026-09-08T06:50,20391,百合ヶ丘店,残2席,1,AVAILABLE,2
2026-09-08T06:53:39,2026-09-08T06:50,20332,横浜北山田店,残4席,1,AVAILABLE,4
2026-09-08T07:00:51,2026-09-08T06:50,20903,調布南口店,残3席,1,AVAILABLE,3
2026-09-08T07:00:51,2026-09-08T06:50,20895,登戸駅前店,残1席,1,AVAILABLE,1
2026-09-08T07:00:51,2026-09-08T06:50,20391,百合ヶ丘店,残2席,1,AVAILABLE,2
2026-09-08T07:00:51,2026-09-08T06:50,20332,横浜北山田店,残4席,1,AVAILABLE,4
2026-09-08T07:18:10,2026-09-08T07:10,20903,調布南口店,残3席,1,AVAILABLE,3
2026-09-08T07:18:10,2026-09-08T07:10,20895,登戸駅前店,満席,4,FULL,0
2026-09-08T07:18:10,2026-09-08T07:10,20391,百合ヶ丘店,残3席,1,AVAILABLE,3
2026-09-08T07:18:10,2026-09-08T07:10,20332,横浜北山田店,残4席,1,AVAILABLE,4
2026-09-08T07:28:03,2026-09-08T07:20,20903,調布南口店,残3席,1,AVAILABLE,3
2026-09-08T07:28:03,2026-09-08T07:20,20895,登戸駅前店,満席,4,FULL,0
2026-09-08T07:28:03,2026-09-08T07:20,20391,百合ヶ丘店,残3席,1,AVAILABLE,3
2026-09-08T07:28:03,2026-09-08T07:20,20332,横浜北山田店,残8席,1,AVAILABLE,8
2026-09-08T07:36:12,2026-09-08T07:30,20903,調布南口店,残3席,1,AVAILABLE,3
2026-09-08T07:36:12,2026-09-08T07:30,20895,登戸駅前店,満席,4,FULL,0
2026-09-08T07:36:12,2026-09-08T07:30,20391,百合ヶ丘店,残3席,1,AVAILABLE,3
2026-09-08T07:36:12,2026-09-08T07:30,20332,横浜北山田店,残8席,1,AVAILABLE,8
2026-09-08T07:43:12,2026-09-08T07:40,20903,調布南口店,残3席,1,AVAILABLE,3
2026-09-08T07:43:12,2026-09-08T07:40,20895,登戸駅前店,満席,4,FULL,0
2026-09-08T07:43:12,2026-09-08T07:40,20391,百合ヶ丘店,残2席,1,AVAILABLE,2
2026-09-08T07:43:12,2026-09-08T07:40,20332,横浜北山田店,残8席,1,AVAILABLE,8
2026-09-08T07:50:37,2026-09-08T07:40,20903,調布南口店,残3席,1,AVAILABLE,3
2026-09-08T07:50:37,2026-09-08T07:40,20895,登戸駅前店,満席,4,FULL,0
2026-09-08T07:50:37,2026-09-08T07:40,20391,百合ヶ丘店,残2席,1,AVAILABLE,2
2026-09-08T07:50:37,2026-09-08T07:40,20332,横浜北山田店,残8席,1,AVAILABLE,8
2026-09-08T08:00:54,2026-09-08T07:50,20903,調布南口店,残2席,1,AVAILABLE,2
2026-09-08T08:00:54,2026-09-08T07:50,20895,登戸駅前店,満席,4,FULL,0
2026-09-08T08:00:54,2026-09-08T07:50,20391,百合ヶ丘店,残2席,1,AVAILABLE,2
2026-09-08T08:00:54,2026-09-08T07:50,20332,横浜北山田店,残6席,1,AVAILABLE,6
2026-09-08T08:17:41,2026-09-08T08:10,20903,調布南口店,残2席,1,AVAILABLE,2
2026-09-08T08:17:41,2026-09-08T08:10,20895,登戸駅前店,満席,4,FULL,0
2026-09-08T08:17:41,2026-09-08T08:10,20391,百合ヶ丘店,残2席,1,AVAILABLE,2
2026-09-08T08:17:41,2026-09-08T08:10,20332,横浜北山田店,残8席,1,AVAILABLE,8
2026-09-08T08:26:32,2026-09-08T08:20,20903,調布南口店,残3席,1,AVAILABLE,3
2026-09-08T08:26:32,2026-09-08T08:20,20895,登戸駅前店,満席,4,FULL,0
2026-09-08T08:26:32,2026-09-08T08:20,20391,百合ヶ丘店,残2席,1,AVAILABLE,2
2026-09-08T08:26:32,2026-09-08T08:20,20332,横浜北山田店,残9席,1,AVAILABLE,9
2026-09-08T08:33:46,2026-09-08T08:30,20903,調布南口店,残3席,1,AVAILABLE,3
2026-09-08T08:33:46,2026-09-08T08:30,20895,登戸駅前店,満席,4,FULL,0
2026-09-08T08:33:46,2026-09-08T08:30,20391,百合ヶ丘店,残3席,1,AVAILABLE,3
2026-09-08T08:33:46,2026-09-08T08:30,20332,横浜北山田店,残9席,1,AVAILABLE,9
2026-09-08T08:42:00,2026-09-08T08:40,20903,調布南口店,残3席,1,AVAILABLE,3
2026-09-08T08:42:00,2026-09-08T08:40,20895,登戸駅前店,満席,4,FULL,0
2026-09-08T08:42:00,2026-09-08T08:40,20391,百合ヶ丘店,残3席,1,AVAILABLE,3
2026-09-08T08:42:00,2026-09-08T08:40,20332,横浜北山田店,残9席,1,AVAILABLE,9
2026-09-08T08:50:33,2026-09-08T08:40,20903,調布南口店,残3席,1,AVAILABLE,3
2026-09-08T08:50:33,2026-09-08T08:40,20895,登戸駅前店,満席,4,FULL,0
2026-09-08T08:50:33,2026-09-08T08:40,20391,百合ヶ丘店,残3席,1,AVAILABLE,3
2026-09-08T08:50:33,2026-09-08T08:40,20332,横浜北山田店,残9席,1,AVAILABLE,9
2026-09-08T09:01:07,2026-09-08T08:50,20903,調布南口店,残2席,1,AVAILABLE,2
2026-09-08T09:01:07,2026-09-08T08:50,20895,登戸駅前店,満席,4,FULL,0
2026-09-08T09:01:07,2026-09-08T08:50,20391,百合ヶ丘店,残3席,1,AVAILABLE,3
2026-09-08T09:01:07,2026-09-08T08:50,20332,横浜北山田店,残8席,1,AVAILABLE,8
2026-09-08T09:29:52,2026-09-08T09:20,20903,調布南口店,残2席,1,AVAILABLE,2
2026-09-08T09:29:52,2026-09-08T09:20,20895,登戸駅前店,満席,4,FULL,0
2026-09-08T09:29:52,2026-09-08T09:20,20391,百合ヶ丘店,残3席,1,AVAILABLE,3
2026-09-08T09:29:52,2026-09-08T09:20,20332,横浜北山田店,残8席,1,AVAILABLE,8
2026-09-08T09:46:41,2026-09-08T09:40,20903,調布南口店,残2席,1,AVAILABLE,2
2026-09-08T09:46:41,2026-09-08T09:40,20895,登戸駅前店,満席,4,FULL,0
2026-09-08T09:46:41,2026-09-08T09:40,20391,百合ヶ丘店,残3席,1,AVAILABLE,3
2026-09-08T09:46:41,2026-09-08T09:40,20332,横浜北山田店,残8席,1,AVAILABLE,8
2026-09-08T09:58:02,2026-09-08T09:50,20903,調布南口店,残2席,1,AVAILABLE,2
2026-09-08T09:58:02,2026-09-08T09:50,20895,登戸駅前店,満席,4,FULL,0
2026-09-08T09:58:02,2026-09-08T09:50,20391,百合ヶ丘店,残3席,1,AVAILABLE,3
2026-09-08T09:58:02,2026-09-08T09:50,20332,横浜北山田店,残8席,1,AVAILABLE,8
2026-09-08T10:07:23,2026-09-08T10:00,20903,調布南口店,残2席,1,AVAILABLE,2
2026-09-08T10:07:23,2026-09-08T10:00,20895,登戸駅前店,残1席,1,AVAILABLE,1
2026-09-08T10:07:23,2026-09-08T10:00,20391,百合ヶ丘店,残3席,1,AVAILABLE,3
2026-09-08T10:07:23,2026-09-08T10:00,20332,横浜北山田店,残6席,1,AVAILABLE,6
2026-09-08T10:20:31,2026-09-08T10:10,20903,調布南口店,残2席,1,AVAILABLE,2
2026-09-08T10:20:31,2026-09-08T10:10,20895,登戸駅前店,残1席,1,AVAILABLE,1
2026-09-08T10:20:31,2026-09-08T10:10,20391,百合ヶ丘店,残4席,1,AVAILABLE,4
2026-09-08T10:20:31,2026-09-08T10:10,20332,横浜北山田店,残6席,1,AVAILABLE,6
2026-09-08T10:34:33,2026-09-08T10:30,20903,調布南口店,残2席,1,AVAILABLE,2
2026-09-08T10:34:33,2026-09-08T10:30,20895,登戸駅前店,残1席,1,AVAILABLE,1
2026-09-08T10:34:33,2026-09-08T10:30,20391,百合ヶ丘店,残4席,1,AVAILABLE,4
2026-09-08T10:34:33,2026-09-08T10:30,20332,横浜北山田店,残9席,1,AVAILABLE,9
2026-09-08T10:45:42,2026-09-08T10:40,20903,調布南口店,残2席,1,AVAILABLE,2
2026-09-08T10:45:42,2026-09-08T10:40,20895,登戸駅前店,残1席,1,AVAILABLE,1
2026-09-08T10:45:42,2026-09-08T10:40,20391,百合ヶ丘店,残4席,1,AVAILABLE,4
2026-09-08T10:45:42,2026-09-08T10:40,20332,横浜北山田店,残9席,1,AVAILABLE,9
2026-09-08T10:54:34,2026-09-08T10:50,20903,調布南口店,残2席,1,AVAILABLE,2
2026-09-08T10:54:34,2026-09-08T10:50,20895,登戸駅前店,残2席,1,AVAILABLE,2
2026-09-08T10:54:34,2026-09-08T10:50,20391,百合ヶ丘店,残4席,1,AVAILABLE,4
2026-09-08T10:54:34,2026-09-08T10:50,20332,横浜北山田店,残9席,1,AVAILABLE,9
2026-09-08T11:01:09,2026-09-08T10:50,20903,調布南口店,残2席,1,AVAILABLE,2
2026-09-08T11:01:09,2026-09-08T10:50,20895,登戸駅前店,残2席,1,AVAILABLE,2
2026-09-08T11:01:09,2026-09-08T10:50,20391,百合ヶ丘店,残4席,1,AVAILABLE,4
2026-09-08T11:01:09,2026-09-08T10:50,20332,横浜北山田店,残9席,1,AVAILABLE,9
2026-09-08T11:19:31,2026-09-08T11:10,20903,調布南口店,残3席,1,AVAILABLE,3
2026-09-08T11:19:31,2026-09-08T11:10,20895,登戸駅前店,残1席,1,AVAILABLE,1
2026-09-08T11:19:31,2026-09-08T11:10,20391,百合ヶ丘店,残3席,1,AVAILABLE,3
2026-09-08T11:19:31,2026-09-08T11:10,20332,横浜北山田店,残9席,1,AVAILABLE,9
2026-09-08T11:31:17,2026-09-08T11:20,20903,調布南口店,残2席,1,AVAILABLE,2
2026-09-08T11:31:17,2026-09-08T11:20,20895,登戸駅前店,残1席,1,AVAILABLE,1
2026-09-08T11:31:17,2026-09-08T11:20,20391,百合ヶ丘店,残3席,1,AVAILABLE,3
2026-09-08T11:31:17,2026-09-08T11:20,20332,横浜北山田店,残10席以上,1,AVAILABLE,10
2026-09-08T11:46:02,2026-09-08T11:40,20903,調布南口店,残1席,1,AVAILABLE,1
2026-09-08T11:46:02,2026-09-08T11:40,20895,登戸駅前店,満席,4,FULL,0
2026-09-08T11:46:02,2026-09-08T11:40,20391,百合ヶ丘店,残3席,1,AVAILABLE,3
2026-09-08T11:46:02,2026-09-08T11:40,20332,横浜北山田店,残10席以上,1,AVAILABLE,10
2026-09-08T11:54:10,2026-09-08T11:50,20903,調布南口店,残2席,1,AVAILABLE,2
2026-09-08T11:54:10,2026-09-08T11:50,20895,登戸駅前店,満席,4,FULL,0
2026-09-08T11:54:10,2026-09-08T11:50,20391,百合ヶ丘店,残2席,1,AVAILABLE,2
2026-09-08T11:54:10,2026-09-08T11:50,20332,横浜北山田店,残10席以上,1,AVAILABLE,10
2026-09-08T12:01:11,2026-09-08T11:50,20903,調布南口店,残2席,1,AVAILABLE,2
2026-09-08T12:01:11,2026-09-08T11:50,20895,登戸駅前店,満席,4,FULL,0
2026-09-08T12:01:11,2026-09-08T11:50,20391,百合ヶ丘店,残2席,1,AVAILABLE,2
2026-09-08T12:01:11,2026-09-08T11:50,20332,横浜北山田店,残10席以上,1,AVAILABLE,10
2026-09-08T12:19:32,2026-09-08T12:10,20903,調布南口店,残2席,1,AVAILABLE,2
2026-09-08T12:19:32,2026-09-08T12:10,20895,登戸駅前店,満席,4,FULL,0
2026-09-08T12:19:32,2026-09-08T12:10,20391,百合ヶ丘店,残3席,1,AVAILABLE,3
2026-09-08T12:19:32,2026-09-08T12:10,20332,横浜北山田店,残10席以上,1,AVAILABLE,10
2026-09-08T12:31:48,2026-09-08T12:20,20903,調布南口店,残2席,1,AVAILABLE,2
2026-09-08T12:31:48,2026-09-08T12:20,20895,登戸駅前店,満席,4,FULL,0
2026-09-08T12:31:48,2026-09-08T12:20,20391,百合ヶ丘店,残2席,1,AVAILABLE,2
2026-09-08T12:31:48,2026-09-08T12:20,20332,横浜北山田店,残10席以上,1,AVAILABLE,10
2026-09-08T12:46:05,2026-09-08T12:40,20903,調布南口店,残2席,1,AVAILABLE,2
2026-09-08T12:46:05,2026-09-08T12:40,20895,登戸駅前店,満席,4,FULL,0
2026-09-08T12:46:05,2026-09-08T12:40,20391,百合ヶ丘店,満席,4,FULL,0
2026-09-08T12:46:05,2026-09-08T12:40,20332,横浜北山田店,残10席以上,1,AVAILABLE,10
2026-09-08T12:54:40,2026-09-08T12:50,20903,調布南口店,満席,4,FULL,0
2026-09-08T12:54:40,2026-09-08T12:50,20895,登戸駅前店,満席,4,FULL,0
2026-09-08T12:54:40,2026-09-08T12:50,20391,百合ヶ丘店,満席,4,FULL,0
2026-09-08T12:54:40,2026-09-08T12:50,20332,横浜北山田店,残10席以上,1,AVAILABLE,10
2026-09-08T13:00:59,2026-09-08T12:50,20903,調布南口店,満席,4,FULL,0
2026-09-08T13:00:59,2026-09-08T12:50,20895,登戸駅前店,満席,4,FULL,0
2026-09-08T13:00:59,2026-09-08T12:50,20391,百合ヶ丘店,満席,4,FULL,0
2026-09-08T13:00:59,2026-09-08T12:50,20332,横浜北山田店,残10席以上,1,AVAILABLE,10
2026-09-08T13:19:58,2026-09-08T13:10,20903,調布南口店,満席,4,FULL,0
2026-09-08T13:19:58,2026-09-08T13:10,20895,登戸駅前店,満席,4,FULL,0
2026-09-08T13:19:58,2026-09-08T13:10,20391,百合ヶ丘店,満席,4,FULL,0
2026-09-08T13:19:58,2026-09-08T13:10,20332,横浜北山田店,残10席以上,1,AVAILABLE,10
2026-09-08T13:32:21,2026-09-08T13:30,20903,調布南口店,満席,4,FULL,0
2026-09-08T13:32:21,2026-09-08T13:30,20895,登戸駅前店,残2席,1,AVAILABLE,2
2026-09-08T13:32:21,2026-09-08T13:30,20391,百合ヶ丘店,残2席,1,AVAILABLE,2
2026-09-08T13:32:21,2026-09-08T13:30,20332,横浜北山田店,残10席以上,1,AVAILABLE,10
2026-09-08T13:46:10,2026-09-08T13:40,20903,調布南口店,満席,4,FULL,0
2026-09-08T13:46:10,2026-09-08T13:40,20895,登戸駅前店,残2席,1,AVAILABLE,2
2026-09-08T13:46:10,2026-09-08T13:40,20391,百合ヶ丘店,残1席,1,AVAILABLE,1
2026-09-08T13:46:10,2026-09-08T13:40,20332,横浜北山田店,残10席以上,1,AVAILABLE,10
2026-09-08T13:54:48,2026-09-08T13:50,20903,調布南口店,満席,4,FULL,0
2026-09-08T13:54:48,2026-09-08T13:50,20895,登戸駅前店,残2席,1,AVAILABLE,2
2026-09-08T13:54:48,2026-09-08T13:50,20391,百合ヶ丘店,残1席,1,AVAILABLE,1
2026-09-08T13:54:48,2026-09-08T13:50,20332,横浜北山田店,残10席以上,1,AVAILABLE,10
2026-09-08T14:00:58,2026-09-08T13:50,20903,調布南口店,満席,4,FULL,0
2026-09-08T14:00:58,2026-09-08T13:50,20895,登戸駅前店,残2席,1,AVAILABLE,2
2026-09-08T14:00:58,2026-09-08T13:50,20391,百合ヶ丘店,残1席,1,AVAILABLE,1
2026-09-08T14:00:58,2026-09-08T13:50,20332,横浜北山田店,残10席以上,1,AVAILABLE,10
2026-09-08T14:18:38,2026-09-08T14:10,20903,調布南口店,満席,4,FULL,0
2026-09-08T14:18:38,2026-09-08T14:10,20895,登戸駅前店,残2席,1,AVAILABLE,2
2026-09-08T14:18:38,2026-09-08T14:10,20391,百合ヶ丘店,満席,4,FULL,0
2026-09-08T14:18:38,2026-09-08T14:10,20332,横浜北山田店,残9席,1,AVAILABLE,9
2026-09-08T14:30:06,2026-09-08T14:20,20903,調布南口店,満席,4,FULL,0
2026-09-08T14:30:06,2026-09-08T14:20,20895,登戸駅前店,残1席,1,AVAILABLE,1
2026-09-08T14:30:06,2026-09-08T14:20,20391,百合ヶ丘店,満席,4,FULL,0
2026-09-08T14:30:06,2026-09-08T14:20,20332,横浜北山田店,残9席,1,AVAILABLE,9
2026-09-08T14:45:32,2026-09-08T14:40,20903,調布南口店,満席,4,FULL,0
2026-09-08T14:45:32,2026-09-08T14:40,20895,登戸駅前店,残1席,1,AVAILABLE,1
2026-09-08T14:45:32,2026-09-08T14:40,20391,百合ヶ丘店,満席,4,FULL,0
2026-09-08T14:45:32,2026-09-08T14:40,20332,横浜北山田店,残6席,1,AVAILABLE,6
2026-09-08T14:53:47,2026-09-08T14:50,20903,調布南口店,残2席,1,AVAILABLE,2
2026-09-08T14:53:47,2026-09-08T14:50,20895,登戸駅前店,残1席,1,AVAILABLE,1
2026-09-08T14:53:47,2026-09-08T14:50,20391,百合ヶ丘店,満席,4,FULL,0
2026-09-08T14:53:47,2026-09-08T14:50,20332,横浜北山田店,残6席,1,AVAILABLE,6
2026-09-08T15:01:03,2026-09-08T14:50,20903,調布南口店,残2席,1,AVAILABLE,2
2026-09-08T15:01:03,2026-09-08T14:50,20895,登戸駅前店,残1席,1,AVAILABLE,1
2026-09-08T15:01:03,2026-09-08T14:50,20391,百合ヶ丘店,満席,4,FULL,0
2026-09-08T15:01:03,2026-09-08T14:50,20332,横浜北山田店,残6席,1,AVAILABLE,6
2026-09-08T15:24:33,2026-09-08T15:20,20903,調布南口店,残1席,1,AVAILABLE,1
2026-09-08T15:24:33,2026-09-08T15:20,20895,登戸駅前店,満席,4,FULL,0
2026-09-08T15:24:33,2026-09-08T15:20,20391,百合ヶ丘店,残1席,1,AVAILABLE,1
2026-09-08T15:24:33,2026-09-08T15:20,20332,横浜北山田店,残5席,1,AVAILABLE,5
2026-09-08T15:39:47,2026-09-08T15:30,20903,調布南口店,残1席,1,AVAILABLE,1
2026-09-08T15:39:47,2026-09-08T15:30,20895,登戸駅前店,満席,4,FULL,0
2026-09-08T15:39:47,2026-09-08T15:30,20391,百合ヶ丘店,残1席,1,AVAILABLE,1
2026-09-08T15:39:47,2026-09-08T15:30,20332,横浜北山田店,残5席,1,AVAILABLE,5
2026-09-08T15:52:41,2026-09-08T15:50,20903,調布南口店,満席,4,FULL,0
2026-09-08T15:52:41,2026-09-08T15:50,20895,登戸駅前店,満席,4,FULL,0
2026-09-08T15:52:41,2026-09-08T15:50,20391,百合ヶ丘店,残1席,1,AVAILABLE,1
2026-09-08T15:52:41,2026-09-08T15:50,20332,横浜北山田店,残3席,1,AVAILABLE,3
2026-09-08T16:02:40,2026-09-08T16:00,20903,調布南口店,残1席,1,AVAILABLE,1
2026-09-08T16:02:40,2026-09-08T16:00,20895,登戸駅前店,満席,4,FULL,0
2026-09-08T16:02:40,2026-09-08T16:00,20391,百合ヶ丘店,残1席,1,AVAILABLE,1
2026-09-08T16:02:40,2026-09-08T16:00,20332,横浜北山田店,残3席,1,AVAILABLE,3
2026-09-08T16:20:25,2026-09-08T16:10,20903,調布南口店,残1席,1,AVAILABLE,1
2026-09-08T16:20:25,2026-09-08T16:10,20895,登戸駅前店,満席,4,FULL,0
2026-09-08T16:20:25,2026-09-08T16:10,20391,百合ヶ丘店,残1席,1,AVAILABLE,1
2026-09-08T16:20:25,2026-09-08T16:10,20332,横浜北山田店,残2席,1,AVAILABLE,2
2026-09-08T16:36:03,2026-09-08T16:30,20903,調布南口店,満席,4,FULL,0
2026-09-08T16:36:03,2026-09-08T16:30,20895,登戸駅前店,満席,4,FULL,0
2026-09-08T16:36:03,2026-09-08T16:30,20391,百合ヶ丘店,満席,4,FULL,0
2026-09-08T16:36:03,2026-09-08T16:30,20332,横浜北山田店,残3席,1,AVAILABLE,3
2026-09-08T16:47:32,2026-09-08T16:40,20903,調布南口店,満席,4,FULL,0
2026-09-08T16:47:32,2026-09-08T16:40,20895,登戸駅前店,満席,4,FULL,0
2026-09-08T16:47:32,2026-09-08T16:40,20391,百合ヶ丘店,残1席,1,AVAILABLE,1
2026-09-08T16:47:32,2026-09-08T16:40,20332,横浜北山田店,残4席,1,AVAILABLE,4
2026-09-08T16:55:48,2026-09-08T16:50,20903,調布南口店,満席,4,FULL,0
2026-09-08T16:55:48,2026-09-08T16:50,20895,登戸駅前店,残1席,1,AVAILABLE,1
2026-09-08T16:55:48,2026-09-08T16:50,20391,百合ヶ丘店,残1席,1,AVAILABLE,1
2026-09-08T16:55:48,2026-09-08T16:50,20332,横浜北山田店,残3席,1,AVAILABLE,3
2026-09-08T17:02:16,2026-09-08T17:00,20903,調布南口店,満席,4,FULL,0
2026-09-08T17:02:16,2026-09-08T17:00,20895,登戸駅前店,満席,4,FULL,0
2026-09-08T17:02:16,2026-09-08T17:00,20391,百合ヶ丘店,残2席,1,AVAILABLE,2
2026-09-08T17:02:16,2026-09-08T17:00,20332,横浜北山田店,残5席,1,AVAILABLE,5
2026-09-08T17:21:10,2026-09-08T17:10,20903,調布南口店,満席,4,FULL,0
2026-09-08T17:21:10,2026-09-08T17:10,20895,登戸駅前店,満席,4,FULL,0
2026-09-08T17:21:10,2026-09-08T17:10,20391,百合ヶ丘店,満席,4,FULL,0
2026-09-08T17:21:10,2026-09-08T17:10,20332,横浜北山田店,残7席,1,AVAILABLE,7
2026-09-08T17:36:43,2026-09-08T17:30,20903,調布南口店,満席,4,FULL,0
2026-09-08T17:36:43,2026-09-08T17:30,20895,登戸駅前店,満席,4,FULL,0
2026-09-08T17:36:43,2026-09-08T17:30,20391,百合ヶ丘店,満席,4,FULL,0
2026-09-08T17:36:43,2026-09-08T17:30,20332,横浜北山田店,残5席,1,AVAILABLE,5
2026-09-08T17:48:12,2026-09-08T17:40,20903,調布南口店,満席,4,FULL,0
2026-09-08T17:48:12,2026-09-08T17:40,20895,登戸駅前店,満席,4,FULL,0
2026-09-08T17:48:12,2026-09-08T17:40,20391,百合ヶ丘店,満席,4,FULL,0
2026-09-08T17:48:12,2026-09-08T17:40,20332,横浜北山田店,残7席,1,AVAILABLE,7
2026-09-08T17:56:50,2026-09-08T17:50,20903,調布南口店,残2席,1,AVAILABLE,2
2026-09-08T17:56:50,2026-09-08T17:50,20895,登戸駅前店,満席,4,FULL,0
2026-09-08T17:56:50,2026-09-08T17:50,20391,百合ヶ丘店,満席,4,FULL,0
2026-09-08T17:56:50,2026-09-08T17:50,20332,横浜北山田店,残5席,1,AVAILABLE,5
2026-09-08T18:04:55,2026-09-08T18:00,20903,調布南口店,残2席,1,AVAILABLE,2
2026-09-08T18:04:55,2026-09-08T18:00,20895,登戸駅前店,満席,4,FULL,0
2026-09-08T18:04:55,2026-09-08T18:00,20391,百合ヶ丘店,満席,4,FULL,0
2026-09-08T18:04:55,2026-09-08T18:00,20332,横浜北山田店,残4席,1,AVAILABLE,4
2026-09-08T18:20:40,2026-09-08T18:10,20903,調布南口店,残2席,1,AVAILABLE,2
2026-09-08T18:20:40,2026-09-08T18:10,20895,登戸駅前店,残1席,1,AVAILABLE,1
2026-09-08T18:20:40,2026-09-08T18:10,20391,百合ヶ丘店,満席,4,FULL,0
2026-09-08T18:20:40,2026-09-08T18:10,20332,横浜北山田店,残3席,1,AVAILABLE,3
2026-09-08T18:36:07,2026-09-08T18:30,20903,調布南口店,満席,4,FULL,0
2026-09-08T18:36:07,2026-09-08T18:30,20895,登戸駅前店,満席,4,FULL,0
2026-09-08T18:36:07,2026-09-08T18:30,20391,百合ヶ丘店,満席,4,FULL,0
2026-09-08T18:36:07,2026-09-08T18:30,20332,横浜北山田店,残3席,1,AVAILABLE,3
2026-09-08T18:47:29,2026-09-08T18:40,20903,調布南口店,満席,4,FULL,0
2026-09-08T18:47:29,2026-09-08T18:40,20895,登戸駅前店,残1席,1,AVAILABLE,1
2026-09-08T18:47:29,2026-09-08T18:40,20391,百合ヶ丘店,満席,4,FULL,0
2026-09-08T18:47:29,2026-09-08T18:40,20332,横浜北山田店,残5席,1,AVAILABLE,5
2026-09-08T18:55:56,2026-09-08T18:50,20903,調布南口店,満席,4,FULL,0
2026-09-08T18:55:56,2026-09-08T18:50,20895,登戸駅前店,満席,4,FULL,0
2026-09-08T18:55:56,2026-09-08T18:50,20391,百合ヶ丘店,満席,4,FULL,0
2026-09-08T18:55:56,2026-09-08T18:50,20332,横浜北山田店,残4席,1,AVAILABLE,4
2026-09-08T19:02:42,2026-09-08T19:00,20903,調布南口店,満席,4,FULL,0
2026-09-08T19:02:42,2026-09-08T19:00,20895,登戸駅前店,満席,4,FULL,0
2026-09-08T19:02:42,2026-09-08T19:00,20391,百合ヶ丘店,満席,4,FULL,0
2026-09-08T19:02:42,2026-09-08T19:00,20332,横浜北山田店,残4席,1,AVAILABLE,4
2026-09-08T19:20:43,2026-09-08T19:10,20903,調布南口店,満席,4,FULL,0
2026-09-08T19:20:43,2026-09-08T19:10,20895,登戸駅前店,満席,4,FULL,0
2026-09-08T19:20:43,2026-09-08T19:10,20391,百合ヶ丘店,満席,4,FULL,0
2026-09-08T19:20:43,2026-09-08T19:10,20332,横浜北山田店,残2席,1,AVAILABLE,2
2026-09-08T19:35:38,2026-09-08T19:30,20903,調布南口店,満席,4,FULL,0
2026-09-08T19:35:38,2026-09-08T19:30,20895,登戸駅前店,残1席,1,AVAILABLE,1
2026-09-08T19:35:38,2026-09-08T19:30,20391,百合ヶ丘店,満席,4,FULL,0
2026-09-08T19:35:38,2026-09-08T19:30,20332,横浜北山田店,残1席,1,AVAILABLE,1
2026-09-08T19:46:28,2026-09-08T19:40,20903,調布南口店,満席,4,FULL,0
2026-09-08T19:46:28,2026-09-08T19:40,20895,登戸駅前店,満席,4,FULL,0
2026-09-08T19:46:28,2026-09-08T19:40,20391,百合ヶ丘店,残1席,1,AVAILABLE,1
2026-09-08T19:46:28,2026-09-08T19:40,20332,横浜北山田店,残1席,1,AVAILABLE,1
2026-09-08T19:54:51,2026-09-08T19:50,20903,調布南口店,満席,4,FULL,0
2026-09-08T19:54:51,2026-09-08T19:50,20895,登戸駅前店,満席,4,FULL,0
2026-09-08T19:54:51,2026-09-08T19:50,20391,百合ヶ丘店,残1席,1,AVAILABLE,1
2026-09-08T19:54:51,2026-09-08T19:50,20332,横浜北山田店,満席,4,FULL,0
2026-09-08T20:01:18,2026-09-08T19:50,20903,調布南口店,満席,4,FULL,0
2026-09-08T20:01:18,2026-09-08T19:50,20895,登戸駅前店,満席,4,FULL,0
2026-09-08T20:01:18,2026-09-08T19:50,20391,百合ヶ丘店,残1席,1,AVAILABLE,1
2026-09-08T20:01:18,2026-09-08T19:50,20332,横浜北山田店,満席,4,FULL,0
2026-09-08T20:18:54,2026-09-08T20:10,20903,調布南口店,残2席,1,AVAILABLE,2
2026-09-08T20:18:54,2026-09-08T20:10,20895,登戸駅前店,満席,4,FULL,0
2026-09-08T20:18:54,2026-09-08T20:10,20391,百合ヶ丘店,残1席,1,AVAILABLE,1
2026-09-08T20:18:54,2026-09-08T20:10,20332,横浜北山田店,残1席,1,AVAILABLE,1
2026-09-08T20:30:29,2026-09-08T20:20,20903,調布南口店,残1席,1,AVAILABLE,1
2026-09-08T20:30:29,2026-09-08T20:20,20895,登戸駅前店,満席,4,FULL,0
2026-09-08T20:30:29,2026-09-08T20:20,20391,百合ヶ丘店,残1席,1,AVAILABLE,1
2026-09-08T20:30:29,2026-09-08T20:20,20332,横浜北山田店,残1席,1,AVAILABLE,1
2026-09-08T20:44:56,2026-09-08T20:40,20903,調布南口店,満席,4,FULL,0
2026-09-08T20:44:56,2026-09-08T20:40,20895,登戸駅前店,満席,4,FULL,0
2026-09-08T20:44:56,2026-09-08T20:40,20391,百合ヶ丘店,満席,4,FULL,0
2026-09-08T20:44:56,2026-09-08T20:40,20332,横浜北山田店,残2席,1,AVAILABLE,2
2026-09-08T20:53:23,2026-09-08T20:50,20903,調布南口店,満席,4,FULL,0
2026-09-08T20:53:23,2026-09-08T20:50,20895,登戸駅前店,満席,4,FULL,0
2026-09-08T20:53:23,2026-09-08T20:50,20391,百合ヶ丘店,満席,4,FULL,0
2026-09-08T20:53:23,2026-09-08T20:50,20332,横浜北山田店,満席,4,FULL,0
2026-09-08T21:01:33,2026-09-08T20:50,20903,調布南口店,満席,4,FULL,0
2026-09-08T21:01:33,2026-09-08T20:50,20895,登戸駅前店,満席,4,FULL,0
2026-09-08T21:01:33,2026-09-08T20:50,20391,百合ヶ丘店,満席,4,FULL,0
2026-09-08T21:01:33,2026-09-08T20:50,20332,横浜北山田店,満席,4,FULL,0
2026-09-08T21:25:16,2026-09-08T21:20,20903,調布南口店,満席,4,FULL,0
2026-09-08T21:25:16,2026-09-08T21:20,20895,登戸駅前店,満席,4,FULL,0
2026-09-08T21:25:16,2026-09-08T21:20,20391,百合ヶ丘店,満席,4,FULL,0
2026-09-08T21:25:16,2026-09-08T21:20,20332,横浜北山田店,満席,4,FULL,0
2026-09-08T21:41:17,2026-09-08T21:30,20903,調布南口店,満席,4,FULL,0
2026-09-08T21:41:17,2026-09-08T21:30,20895,登戸駅前店,満席,4,FULL,0
2026-09-08T21:41:17,2026-09-08T21:30,20391,百合ヶ丘店,満席,4,FULL,0
2026-09-08T21:41:17,2026-09-08T21:30,20332,横浜北山田店,満席,4,FULL,0
2026-09-08T21:57:30,2026-09-08T21:50,20903,調布南口店,残1席,1,AVAILABLE,1
2026-09-08T21:57:30,2026-09-08T21:50,20895,登戸駅前店,満席,4,FULL,0
2026-09-08T21:57:30,2026-09-08T21:50,20391,百合ヶ丘店,満席,4,FULL,0
2026-09-08T21:57:30,2026-09-08T21:50,20332,横浜北山田店,残3席,1,AVAILABLE,3
2026-09-08T22:07:56,2026-09-08T22:00,20903,調布南口店,残1席,1,AVAILABLE,1
2026-09-08T22:07:56,2026-09-08T22:00,20895,登戸駅前店,残1席,1,AVAILABLE,1
2026-09-08T22:07:56,2026-09-08T22:00,20391,百合ヶ丘店,満席,4,FULL,0
2026-09-08T22:07:56,2026-09-08T22:00,20332,横浜北山田店,残2席,1,AVAILABLE,2
2026-09-08T22:23:37,2026-09-08T22:20,20903,調布南口店,残1席,1,AVAILABLE,1
2026-09-08T22:23:37,2026-09-08T22:20,20895,登戸駅前店,満席,4,FULL,0
2026-09-08T22:23:37,2026-09-08T22:20,20391,百合ヶ丘店,満席,4,FULL,0
2026-09-08T22:23:37,2026-09-08T22:20,20332,横浜北山田店,残2席,1,AVAILABLE,2
2026-09-08T22:36:52,2026-09-08T22:30,20903,調布南口店,残1席,1,AVAILABLE,1
2026-09-08T22:36:52,2026-09-08T22:30,20895,登戸駅前店,満席,4,FULL,0
2026-09-08T22:36:52,2026-09-08T22:30,20391,百合ヶ丘店,満席,4,FULL,0
2026-09-08T22:36:52,2026-09-08T22:30,20332,横浜北山田店,残2席,1,AVAILABLE,2
2026-09-08T22:48:53,2026-09-08T22:40,20903,調布南口店,残3席,1,AVAILABLE,3
2026-09-08T22:48:53,2026-09-08T22:40,20895,登戸駅前店,満席,4,FULL,0
2026-09-08T22:48:53,2026-09-08T22:40,20391,百合ヶ丘店,満席,4,FULL,0
2026-09-08T22:48:53,2026-09-08T22:40,20332,横浜北山田店,残2席,1,AVAILABLE,2
2026-09-08T22:57:39,2026-09-08T22:50,20903,調布南口店,残3席,1,AVAILABLE,3
2026-09-08T22:57:39,2026-09-08T22:50,20895,登戸駅前店,満席,4,FULL,0
2026-09-08T22:57:39,2026-09-08T22:50,20391,百合ヶ丘店,満席,4,FULL,0
2026-09-08T22:57:39,2026-09-08T22:50,20332,横浜北山田店,残2席,1,AVAILABLE,2
2026-09-08T23:07:47,2026-09-08T23:00,20903,調布南口店,残3席,1,AVAILABLE,3
2026-09-08T23:07:47,2026-09-08T23:00,20895,登戸駅前店,満席,4,FULL,0
2026-09-08T23:07:47,2026-09-08T23:00,20391,百合ヶ丘店,満席,4,FULL,0
2026-09-08T23:07:47,2026-09-08T23:00,20332,横浜北山田店,残3席,1,AVAILABLE,3
2026-09-08T23:23:57,2026-09-08T23:20,20903,調布南口店,残2席,1,AVAILABLE,2
2026-09-08T23:23:57,2026-09-08T23:20,20895,登戸駅前店,満席,4,FULL,0
2026-09-08T23:23:57,2026-09-08T23:20,20391,百合ヶ丘店,満席,4,FULL,0
2026-09-08T23:23:57,2026-09-08T23:20,20332,横浜北山田店,残4席,1,AVAILABLE,4
2026-09-08T23:37:13,2026-09-08T23:30,20903,調布南口店,残2席,1,AVAILABLE,2
2026-09-08T23:37:13,2026-09-08T23:30,20895,登戸駅前店,満席,4,FULL,0
2026-09-08T23:37:13,2026-09-08T23:30,20391,百合ヶ丘店,満席,4,FULL,0
2026-09-08T23:37:13,2026-09-08T23:30,20332,横浜北山田店,残4席,1,AVAILABLE,4
2026-09-08T23:49:21,2026-09-08T23:40,20903,調布南口店,残2席,1,AVAILABLE,2
2026-09-08T23:49:21,2026-09-08T23:40,20895,登戸駅前店,残1席,1,AVAILABLE,1
2026-09-08T23:49:21,2026-09-08T23:40,20391,百合ヶ丘店,残1席,1,AVAILABLE,1
2026-09-08T23:49:21,2026-09-08T23:40,20332,横浜北山田店,残5席,1,AVAILABLE,5
2026-09-08T23:58:40,2026-09-08T23:50,20903,調布南口店,残1席,1,AVAILABLE,1
2026-09-08T23:58:40,2026-09-08T23:50,20895,登戸駅前店,満席,4,FULL,0
2026-09-08T23:58:40,2026-09-08T23:50,20391,百合ヶ丘店,残1席,1,AVAILABLE,1
2026-09-08T23:58:40,2026-09-08T23:50,20332,横浜北山田店,残4席,1,AVAILABLE,4
2026-09-09T00:09:21,2026-09-09T00:00,20903,調布南口店,満席,4,FULL,0
2026-09-09T00:09:21,2026-09-09T00:00,20895,登戸駅前店,満席,4,FULL,0
2026-09-09T00:09:21,2026-09-09T00:00,20391,百合ヶ丘店,残1席,1,AVAILABLE,1
2026-09-09T00:09:21,2026-09-09T00:00,20332,横浜北山田店,残7席,1,AVAILABLE,7
2026-09-09T00:24:44,2026-09-09T00:20,20903,調布南口店,満席,4,FULL,0
2026-09-09T00:24:44,2026-09-09T00:20,20895,登戸駅前店,満席,4,FULL,0
2026-09-09T00:24:44,2026-09-09T00:20,20391,百合ヶ丘店,満席,4,FULL,0
2026-09-09T00:24:44,2026-09-09T00:20,20332,横浜北山田店,残1席,1,AVAILABLE,1
2026-09-09T00:36:46,2026-09-09T00:30,20903,調布南口店,満席,4,FULL,0
2026-09-09T00:36:46,2026-09-09T00:30,20895,登戸駅前店,満席,4,FULL,0
2026-09-09T00:36:46,2026-09-09T00:30,20391,百合ヶ丘店,満席,4,FULL,0
2026-09-09T00:36:46,2026-09-09T00:30,20332,横浜北山田店,残1席,1,AVAILABLE,1
2026-09-09T00:49:06,2026-09-09T00:40,20903,調布南口店,満席,4,FULL,0
2026-09-09T00:49:06,2026-09-09T00:40,20895,登戸駅前店,満席,4,FULL,0
2026-09-09T00:49:06,2026-09-09T00:40,20391,百合ヶ丘店,満席,4,FULL,0
2026-09-09T00:49:06,2026-09-09T00:40,20332,横浜北山田店,残4席,1,AVAILABLE,4
2026-09-09T00:57:35,2026-09-09T00:50,20903,調布南口店,満席,4,FULL,0
2026-09-09T00:57:35,2026-09-09T00:50,20895,登戸駅前店,残1席,1,AVAILABLE,1
2026-09-09T00:57:35,2026-09-09T00:50,20391,百合ヶ丘店,残1席,1,AVAILABLE,1
2026-09-09T00:57:35,2026-09-09T00:50,20332,横浜北山田店,残4席,1,AVAILABLE,4
2026-09-09T01:07:11,2026-09-09T01:00,20903,調布南口店,満席,4,FULL,0
2026-09-09T01:07:11,2026-09-09T01:00,20895,登戸駅前店,残1席,1,AVAILABLE,1
2026-09-09T01:07:11,2026-09-09T01:00,20391,百合ヶ丘店,残1席,1,AVAILABLE,1
2026-09-09T01:07:11,2026-09-09T01:00,20332,横浜北山田店,残4席,1,AVAILABLE,4
2026-09-09T01:22:50,2026-09-09T01:20,20903,調布南口店,満席,4,FULL,0
2026-09-09T01:22:50,2026-09-09T01:20,20895,登戸駅前店,満席,4,FULL,0
2026-09-09T01:22:50,2026-09-09T01:20,20391,百合ヶ丘店,満席,4,FULL,0
2026-09-09T01:22:50,2026-09-09T01:20,20332,横浜北山田店,残4席,1,AVAILABLE,4
2026-09-09T01:37:03,2026-09-09T01:30,20903,調布南口店,満席,4,FULL,0
2026-09-09T01:37:03,2026-09-09T01:30,20895,登戸駅前店,満席,4,FULL,0
2026-09-09T01:37:03,2026-09-09T01:30,20391,百合ヶ丘店,残1席,1,AVAILABLE,1
2026-09-09T01:37:03,2026-09-09T01:30,20332,横浜北山田店,残4席,1,AVAILABLE,4
2026-09-09T01:47:44,2026-09-09T01:40,20903,調布南口店,満席,4,FULL,0
2026-09-09T01:47:44,2026-09-09T01:40,20895,登戸駅前店,満席,4,FULL,0
2026-09-09T01:47:44,2026-09-09T01:40,20391,百合ヶ丘店,残1席,1,AVAILABLE,1
2026-09-09T01:47:44,2026-09-09T01:40,20332,横浜北山田店,残3席,1,AVAILABLE,3
2026-09-09T01:55:14,2026-09-09T01:50,20903,調布南口店,満席,4,FULL,0
2026-09-09T01:55:14,2026-09-09T01:50,20895,登戸駅前店,満席,4,FULL,0
2026-09-09T01:55:14,2026-09-09T01:50,20391,百合ヶ丘店,満席,4,FULL,0
2026-09-09T01:55:14,2026-09-09T01:50,20332,横浜北山田店,残3席,1,AVAILABLE,3
2026-09-09T02:01:12,2026-09-09T01:50,20903,調布南口店,満席,4,FULL,0
2026-09-09T02:01:12,2026-09-09T01:50,20895,登戸駅前店,満席,4,FULL,0
2026-09-09T02:01:12,2026-09-09T01:50,20391,百合ヶ丘店,満席,4,FULL,0
2026-09-09T02:01:12,2026-09-09T01:50,20332,横浜北山田店,残3席,1,AVAILABLE,3
2026-09-09T02:19:31,2026-09-09T02:10,20903,調布南口店,満席,4,FULL,0
2026-09-09T02:19:31,2026-09-09T02:10,20895,登戸駅前店,残1席,1,AVAILABLE,1
2026-09-09T02:19:31,2026-09-09T02:10,20391,百合ヶ丘店,残1席,1,AVAILABLE,1
2026-09-09T02:19:31,2026-09-09T02:10,20332,横浜北山田店,残6席,1,AVAILABLE,6
2026-09-09T02:30:03,2026-09-09T02:20,20903,調布南口店,満席,4,FULL,0
2026-09-09T02:30:03,2026-09-09T02:20,20895,登戸駅前店,残1席,1,AVAILABLE,1
2026-09-09T02:30:03,2026-09-09T02:20,20391,百合ヶ丘店,残1席,1,AVAILABLE,1
2026-09-09T02:30:03,2026-09-09T02:20,20332,横浜北山田店,残6席,1,AVAILABLE,6
2026-09-09T02:39:20,2026-09-09T02:30,20903,調布南口店,満席,4,FULL,0
2026-09-09T02:39:20,2026-09-09T02:30,20895,登戸駅前店,残1席,1,AVAILABLE,1
2026-09-09T02:39:20,2026-09-09T02:30,20391,百合ヶ丘店,残1席,1,AVAILABLE,1
2026-09-09T02:39:20,2026-09-09T02:30,20332,横浜北山田店,残6席,1,AVAILABLE,6
2026-09-09T02:46:30,2026-09-09T02:40,20903,調布南口店,満席,4,FULL,0
2026-09-09T02:46:30,2026-09-09T02:40,20895,登戸駅前店,残1席,1,AVAILABLE,1
2026-09-09T02:46:30,2026-09-09T02:40,20391,百合ヶ丘店,,,ERROR,
2026-09-09T02:46:30,2026-09-09T02:40,20332,横浜北山田店,残6席,1,AVAILABLE,6
2026-09-09T02:53:14,2026-09-09T02:50,20903,調布南口店,満席,4,FULL,0
2026-09-09T02:53:14,2026-09-09T02:50,20895,登戸駅前店,満席,4,FULL,0
2026-09-09T02:53:14,2026-09-09T02:50,20391,百合ヶ丘店,残1席,1,AVAILABLE,1
2026-09-09T02:53:14,2026-09-09T02:50,20332,横浜北山田店,残7席,1,AVAILABLE,7
2026-09-09T03:01:15,2026-09-09T02:50,20903,調布南口店,満席,4,FULL,0
2026-09-09T03:01:15,2026-09-09T02:50,20895,登戸駅前店,満席,4,FULL,0
2026-09-09T03:01:15,2026-09-09T02:50,20391,百合ヶ丘店,残1席,1,AVAILABLE,1
2026-09-09T03:01:15,2026-09-09T02:50,20332,横浜北山田店,残7席,1,AVAILABLE,7
2026-09-09T03:22:15,2026-09-09T03:20,20903,調布南口店,満席,4,FULL,0
2026-09-09T03:22:15,2026-09-09T03:20,20895,登戸駅前店,満席,4,FULL,0
2026-09-09T03:22:15,2026-09-09T03:20,20391,百合ヶ丘店,残1席,1,AVAILABLE,1
2026-09-09T03:22:15,2026-09-09T03:20,20332,横浜北山田店,残8席,1,AVAILABLE,8
2026-09-09T03:38:25,2026-09-09T03:30,20903,調布南口店,満席,4,FULL,0
2026-09-09T03:38:25,2026-09-09T03:30,20895,登戸駅前店,満席,4,FULL,0
2026-09-09T03:38:25,2026-09-09T03:30,20391,百合ヶ丘店,残2席,1,AVAILABLE,2
2026-09-09T03:38:25,2026-09-09T03:30,20332,横浜北山田店,残7席,1,AVAILABLE,7
2026-09-09T03:50:45,2026-09-09T03:40,20903,調布南口店,満席,4,FULL,0
2026-09-09T03:50:45,2026-09-09T03:40,20895,登戸駅前店,満席,4,FULL,0
2026-09-09T03:50:45,2026-09-09T03:40,20391,百合ヶ丘店,残2席,1,AVAILABLE,2
2026-09-09T03:50:45,2026-09-09T03:40,20332,横浜北山田店,残7席,1,AVAILABLE,7
2026-09-09T04:01:27,2026-09-09T03:50,20903,調布南口店,満席,4,FULL,0
2026-09-09T04:01:27,2026-09-09T03:50,20895,登戸駅前店,満席,4,FULL,0
2026-09-09T04:01:27,2026-09-09T03:50,20391,百合ヶ丘店,残2席,1,AVAILABLE,2
2026-09-09T04:01:27,2026-09-09T03:50,20332,横浜北山田店,残7席,1,AVAILABLE,7
2026-09-09T04:17:46,2026-09-09T04:10,20903,調布南口店,満席,4,FULL,0
2026-09-09T04:17:46,2026-09-09T04:10,20895,登戸駅前店,満席,4,FULL,0
2026-09-09T04:17:46,2026-09-09T04:10,20391,百合ヶ丘店,残2席,1,AVAILABLE,2
2026-09-09T04:17:46,2026-09-09T04:10,20332,横浜北山田店,残7席,1,AVAILABLE,7
2026-09-09T04:27:39,2026-09-09T04:20,20903,調布南口店,満席,4,FULL,0
2026-09-09T04:27:39,2026-09-09T04:20,20895,登戸駅前店,満席,4,FULL,0
2026-09-09T04:27:39,2026-09-09T04:20,20391,百合ヶ丘店,残2席,1,AVAILABLE,2
2026-09-09T04:27:39,2026-09-09T04:20,20332,横浜北山田店,残7席,1,AVAILABLE,7
2026-09-09T04:36:17,2026-09-09T04:30,20903,調布南口店,満席,4,FULL,0
2026-09-09T04:36:17,2026-09-09T04:30,20895,登戸駅前店,残2席,1,AVAILABLE,2
2026-09-09T04:36:17,2026-09-09T04:30,20391,百合ヶ丘店,残1席,1,AVAILABLE,1
2026-09-09T04:36:17,2026-09-09T04:30,20332,横浜北山田店,残7席,1,AVAILABLE,7
2026-09-09T04:44:13,2026-09-09T04:40,20903,調布南口店,満席,4,FULL,0
2026-09-09T04:44:13,2026-09-09T04:40,20895,登戸駅前店,残2席,1,AVAILABLE,2
2026-09-09T04:44:13,2026-09-09T04:40,20391,百合ヶ丘店,残1席,1,AVAILABLE,1
2026-09-09T04:44:13,2026-09-09T04:40,20332,横浜北山田店,残9席,1,AVAILABLE,9
2026-09-09T04:52:03,2026-09-09T04:50,20903,調布南口店,満席,4,FULL,0
2026-09-09T04:52:03,2026-09-09T04:50,20895,登戸駅前店,残2席,1,AVAILABLE,2
2026-09-09T04:52:03,2026-09-09T04:50,20391,百合ヶ丘店,残1席,1,AVAILABLE,1
2026-09-09T04:52:03,2026-09-09T04:50,20332,横浜北山田店,残9席,1,AVAILABLE,9
2026-09-09T05:00:53,2026-09-09T04:50,20903,調布南口店,満席,4,FULL,0
2026-09-09T05:00:53,2026-09-09T04:50,20895,登戸駅前店,残2席,1,AVAILABLE,2
2026-09-09T05:00:53,2026-09-09T04:50,20391,百合ヶ丘店,残2席,1,AVAILABLE,2
2026-09-09T05:00:53,2026-09-09T04:50,20332,横浜北山田店,残7席,1,AVAILABLE,7
2026-09-09T05:18:53,2026-09-09T05:10,20903,調布南口店,満席,4,FULL,0
2026-09-09T05:18:53,2026-09-09T05:10,20895,登戸駅前店,残3席,1,AVAILABLE,3
2026-09-09T05:18:53,2026-09-09T05:10,20391,百合ヶ丘店,残1席,1,AVAILABLE,1
2026-09-09T05:18:53,2026-09-09T05:10,20332,横浜北山田店,残8席,1,AVAILABLE,8
2026-09-09T05:30:18,2026-09-09T05:20,20903,調布南口店,満席,4,FULL,0
2026-09-09T05:30:18,2026-09-09T05:20,20895,登戸駅前店,残3席,1,AVAILABLE,3
2026-09-09T05:30:18,2026-09-09T05:20,20391,百合ヶ丘店,残1席,1,AVAILABLE,1
2026-09-09T05:30:18,2026-09-09T05:20,20332,横浜北山田店,残10席以上,1,AVAILABLE,10
2026-09-09T05:44:52,2026-09-09T05:40,20903,調布南口店,満席,4,FULL,0
2026-09-09T05:44:52,2026-09-09T05:40,20895,登戸駅前店,残3席,1,AVAILABLE,3
2026-09-09T05:44:52,2026-09-09T05:40,20391,百合ヶ丘店,残1席,1,AVAILABLE,1
2026-09-09T05:44:52,2026-09-09T05:40,20332,横浜北山田店,残10席以上,1,AVAILABLE,10
2026-09-09T05:52:49,2026-09-09T05:50,20903,調布南口店,残1席,1,AVAILABLE,1
2026-09-09T05:52:49,2026-09-09T05:50,20895,登戸駅前店,残3席,1,AVAILABLE,3
2026-09-09T05:52:49,2026-09-09T05:50,20391,百合ヶ丘店,残1席,1,AVAILABLE,1
2026-09-09T05:52:49,2026-09-09T05:50,20332,横浜北山田店,残10席以上,1,AVAILABLE,10
2026-09-09T06:01:01,2026-09-09T05:50,20903,調布南口店,残1席,1,AVAILABLE,1
2026-09-09T06:01:01,2026-09-09T05:50,20895,登戸駅前店,残3席,1,AVAILABLE,3
2026-09-09T06:01:01,2026-09-09T05:50,20391,百合ヶ丘店,残1席,1,AVAILABLE,1
2026-09-09T06:01:01,2026-09-09T05:50,20332,横浜北山田店,残10席以上,1,AVAILABLE,10
2026-09-09T06:17:16,2026-09-09T06:10,20903,調布南口店,満席,4,FULL,0
2026-09-09T06:17:16,2026-09-09T06:10,20895,登戸駅前店,残3席,1,AVAILABLE,3
2026-09-09T06:17:16,2026-09-09T06:10,20391,百合ヶ丘店,残1席,1,AVAILABLE,1
2026-09-09T06:17:16,2026-09-09T06:10,20332,横浜北山田店,残10席以上,1,AVAILABLE,10
2026-09-09T06:26:18,2026-09-09T06:20,20903,調布南口店,残3席,1,AVAILABLE,3
2026-09-09T06:26:18,2026-09-09T06:20,20895,登戸駅前店,残3席,1,AVAILABLE,3
2026-09-09T06:26:18,2026-09-09T06:20,20391,百合ヶ丘店,残1席,1,AVAILABLE,1
2026-09-09T06:26:18,2026-09-09T06:20,20332,横浜北山田店,残10席以上,1,AVAILABLE,10
2026-09-09T06:33:49,2026-09-09T06:30,20903,調布南口店,残3席,1,AVAILABLE,3
2026-09-09T06:33:49,2026-09-09T06:30,20895,登戸駅前店,残3席,1,AVAILABLE,3
2026-09-09T06:33:49,2026-09-09T06:30,20391,百合ヶ丘店,残2席,1,AVAILABLE,2
2026-09-09T06:33:49,2026-09-09T06:30,20332,横浜北山田店,残10席以上,1,AVAILABLE,10
2026-09-09T06:43:30,2026-09-09T06:40,20903,調布南口店,残3席,1,AVAILABLE,3
2026-09-09T06:43:30,2026-09-09T06:40,20895,登戸駅前店,残4席,1,AVAILABLE,4
2026-09-09T06:43:30,2026-09-09T06:40,20391,百合ヶ丘店,残2席,1,AVAILABLE,2
2026-09-09T06:43:30,2026-09-09T06:40,20332,横浜北山田店,残10席以上,1,AVAILABLE,10
2026-09-09T06:51:35,2026-09-09T06:40,20903,調布南口店,残3席,1,AVAILABLE,3
2026-09-09T06:51:35,2026-09-09T06:40,20895,登戸駅前店,残4席,1,AVAILABLE,4
2026-09-09T06:51:35,2026-09-09T06:40,20391,百合ヶ丘店,残2席,1,AVAILABLE,2
2026-09-09T06:51:35,2026-09-09T06:40,20332,横浜北山田店,残10席以上,1,AVAILABLE,10
2026-09-09T07:00:52,2026-09-09T06:50,20903,調布南口店,残3席,1,AVAILABLE,3
2026-09-09T07:00:52,2026-09-09T06:50,20895,登戸駅前店,残4席,1,AVAILABLE,4
2026-09-09T07:00:52,2026-09-09T06:50,20391,百合ヶ丘店,残2席,1,AVAILABLE,2
2026-09-09T07:00:52,2026-09-09T06:50,20332,横浜北山田店,残10席以上,1,AVAILABLE,10
2026-09-09T07:18:07,2026-09-09T07:10,20903,調布南口店,残2席,1,AVAILABLE,2
2026-09-09T07:18:07,2026-09-09T07:10,20895,登戸駅前店,残3席,1,AVAILABLE,3
2026-09-09T07:18:07,2026-09-09T07:10,20391,百合ヶ丘店,残2席,1,AVAILABLE,2
2026-09-09T07:18:07,2026-09-09T07:10,20332,横浜北山田店,残10席以上,1,AVAILABLE,10
2026-09-09T07:28:29,2026-09-09T07:20,20903,調布南口店,残2席,1,AVAILABLE,2
2026-09-09T07:28:29,2026-09-09T07:20,20895,登戸駅前店,残3席,1,AVAILABLE,3
2026-09-09T07:28:29,2026-09-09T07:20,20391,百合ヶ丘店,残2席,1,AVAILABLE,2
2026-09-09T07:28:29,2026-09-09T07:20,20332,横浜北山田店,残10席以上,1,AVAILABLE,10
2026-09-09T07:37:46,2026-09-09T07:30,20903,調布南口店,残2席,1,AVAILABLE,2
2026-09-09T07:37:46,2026-09-09T07:30,20895,登戸駅前店,残3席,1,AVAILABLE,3
2026-09-09T07:37:46,2026-09-09T07:30,20391,百合ヶ丘店,残2席,1,AVAILABLE,2
2026-09-09T07:37:46,2026-09-09T07:30,20332,横浜北山田店,残10席以上,1,AVAILABLE,10
2026-09-09T07:45:32,2026-09-09T07:40,20903,調布南口店,残3席,1,AVAILABLE,3
2026-09-09T07:45:32,2026-09-09T07:40,20895,登戸駅前店,残4席,1,AVAILABLE,4
2026-09-09T07:45:32,2026-09-09T07:40,20391,百合ヶ丘店,残2席,1,AVAILABLE,2
2026-09-09T07:45:32,2026-09-09T07:40,20332,横浜北山田店,残10席以上,1,AVAILABLE,10
2026-09-09T07:52:09,2026-09-09T07:50,20903,調布南口店,残3席,1,AVAILABLE,3
2026-09-09T07:52:09,2026-09-09T07:50,20895,登戸駅前店,残4席,1,AVAILABLE,4
2026-09-09T07:52:09,2026-09-09T07:50,20391,百合ヶ丘店,残2席,1,AVAILABLE,2
2026-09-09T07:52:09,2026-09-09T07:50,20332,横浜北山田店,残10席以上,1,AVAILABLE,10
2026-09-09T08:01:10,2026-09-09T07:50,20903,調布南口店,残3席,1,AVAILABLE,3
2026-09-09T08:01:10,2026-09-09T07:50,20895,登戸駅前店,残4席,1,AVAILABLE,4
2026-09-09T08:01:10,2026-09-09T07:50,20391,百合ヶ丘店,残2席,1,AVAILABLE,2
2026-09-09T08:01:10,2026-09-09T07:50,20332,横浜北山田店,残10席以上,1,AVAILABLE,10
2026-09-09T08:17:14,2026-09-09T08:10,20903,調布南口店,残3席,1,AVAILABLE,3
2026-09-09T08:17:14,2026-09-09T08:10,20895,登戸駅前店,残4席,1,AVAILABLE,4
2026-09-09T08:17:14,2026-09-09T08:10,20391,百合ヶ丘店,残2席,1,AVAILABLE,2
2026-09-09T08:17:14,2026-09-09T08:10,20332,横浜北山田店,残10席以上,1,AVAILABLE,10
2026-09-09T08:26:28,2026-09-09T08:20,20903,調布南口店,残3席,1,AVAILABLE,3
2026-09-09T08:26:28,2026-09-09T08:20,20895,登戸駅前店,残4席,1,AVAILABLE,4
2026-09-09T08:26:28,2026-09-09T08:20,20391,百合ヶ丘店,残4席,1,AVAILABLE,4
2026-09-09T08:26:28,2026-09-09T08:20,20332,横浜北山田店,残10席以上,1,AVAILABLE,10
2026-09-09T08:33:58,2026-09-09T08:30,20903,調布南口店,残3席,1,AVAILABLE,3
2026-09-09T08:33:58,2026-09-09T08:30,20895,登戸駅前店,残4席,1,AVAILABLE,4
2026-09-09T08:33:58,2026-09-09T08:30,20391,百合ヶ丘店,残4席,1,AVAILABLE,4
2026-09-09T08:33:58,2026-09-09T08:30,20332,横浜北山田店,残10席以上,1,AVAILABLE,10
2026-09-09T08:42:34,2026-09-09T08:40,20903,調布南口店,残3席,1,AVAILABLE,3
2026-09-09T08:42:34,2026-09-09T08:40,20895,登戸駅前店,残4席,1,AVAILABLE,4
2026-09-09T08:42:34,2026-09-09T08:40,20391,百合ヶ丘店,残4席,1,AVAILABLE,4
2026-09-09T08:42:34,2026-09-09T08:40,20332,横浜北山田店,残10席以上,1,AVAILABLE,10
2026-09-09T08:50:48,2026-09-09T08:40,20903,調布南口店,残3席,1,AVAILABLE,3
2026-09-09T08:50:48,2026-09-09T08:40,20895,登戸駅前店,残4席,1,AVAILABLE,4
2026-09-09T08:50:48,2026-09-09T08:40,20391,百合ヶ丘店,残4席,1,AVAILABLE,4
2026-09-09T08:50:48,2026-09-09T08:40,20332,横浜北山田店,残10席以上,1,AVAILABLE,10
2026-09-09T09:01:19,2026-09-09T08:50,20903,調布南口店,残3席,1,AVAILABLE,3
2026-09-09T09:01:19,2026-09-09T08:50,20895,登戸駅前店,残4席,1,AVAILABLE,4
2026-09-09T09:01:19,2026-09-09T08:50,20391,百合ヶ丘店,残4席,1,AVAILABLE,4
2026-09-09T09:01:19,2026-09-09T08:50,20332,横浜北山田店,残10席以上,1,AVAILABLE,10
2026-09-09T09:30:17,2026-09-09T09:20,20903,調布南口店,残3席,1,AVAILABLE,3
2026-09-09T09:30:17,2026-09-09T09:20,20895,登戸駅前店,残3席,1,AVAILABLE,3
2026-09-09T09:30:17,2026-09-09T09:20,20391,百合ヶ丘店,残3席,1,AVAILABLE,3
2026-09-09T09:30:17,2026-09-09T09:20,20332,横浜北山田店,残10席以上,1,AVAILABLE,10
2026-09-09T09:50:01,2026-09-09T09:40,20903,調布南口店,残3席,1,AVAILABLE,3
2026-09-09T09:50:01,2026-09-09T09:40,20895,登戸駅前店,残1席,1,AVAILABLE,1
2026-09-09T09:50:01,2026-09-09T09:40,20391,百合ヶ丘店,残3席,1,AVAILABLE,3
2026-09-09T09:50:01,2026-09-09T09:40,20332,横浜北山田店,残10席以上,1,AVAILABLE,10
2026-09-09T09:59:03,2026-09-09T09:50,20903,調布南口店,残3席,1,AVAILABLE,3
2026-09-09T09:59:03,2026-09-09T09:50,20895,登戸駅前店,残1席,1,AVAILABLE,1
2026-09-09T09:59:03,2026-09-09T09:50,20391,百合ヶ丘店,残3席,1,AVAILABLE,3
2026-09-09T09:59:03,2026-09-09T09:50,20332,横浜北山田店,残10席以上,1,AVAILABLE,10
2026-09-09T10:08:37,2026-09-09T10:00,20903,調布南口店,残4席,1,AVAILABLE,4
2026-09-09T10:08:37,2026-09-09T10:00,20895,登戸駅前店,残1席,1,AVAILABLE,1
2026-09-09T10:08:37,2026-09-09T10:00,20391,百合ヶ丘店,残3席,1,AVAILABLE,3
2026-09-09T10:08:37,2026-09-09T10:00,20332,横浜北山田店,残10席以上,1,AVAILABLE,10
2026-09-09T10:20:37,2026-09-09T10:10,20903,調布南口店,残3席,1,AVAILABLE,3
2026-09-09T10:20:37,2026-09-09T10:10,20895,登戸駅前店,残1席,1,AVAILABLE,1
2026-09-09T10:20:37,2026-09-09T10:10,20391,百合ヶ丘店,残3席,1,AVAILABLE,3
2026-09-09T10:20:37,2026-09-09T10:10,20332,横浜北山田店,残10席以上,1,AVAILABLE,10
2026-09-09T10:35:16,2026-09-09T10:30,20903,調布南口店,残3席,1,AVAILABLE,3
2026-09-09T10:35:16,2026-09-09T10:30,20895,登戸駅前店,残1席,1,AVAILABLE,1
2026-09-09T10:35:16,2026-09-09T10:30,20391,百合ヶ丘店,残3席,1,AVAILABLE,3
2026-09-09T10:35:16,2026-09-09T10:30,20332,横浜北山田店,残10席以上,1,AVAILABLE,10
2026-09-09T10:45:45,2026-09-09T10:40,20903,調布南口店,残3席,1,AVAILABLE,3
2026-09-09T10:45:45,2026-09-09T10:40,20895,登戸駅前店,残1席,1,AVAILABLE,1
2026-09-09T10:45:45,2026-09-09T10:40,20391,百合ヶ丘店,残3席,1,AVAILABLE,3
2026-09-09T10:45:45,2026-09-09T10:40,20332,横浜北山田店,残10席以上,1,AVAILABLE,10
2026-09-09T10:54:10,2026-09-09T10:50,20903,調布南口店,残3席,1,AVAILABLE,3
2026-09-09T10:54:10,2026-09-09T10:50,20895,登戸駅前店,残1席,1,AVAILABLE,1
2026-09-09T10:54:10,2026-09-09T10:50,20391,百合ヶ丘店,残2席,1,AVAILABLE,2
2026-09-09T10:54:10,2026-09-09T10:50,20332,横浜北山田店,残10席以上,1,AVAILABLE,10
2026-09-09T11:01:19,2026-09-09T10:50,20903,調布南口店,残3席,1,AVAILABLE,3
2026-09-09T11:01:19,2026-09-09T10:50,20895,登戸駅前店,残1席,1,AVAILABLE,1
2026-09-09T11:01:19,2026-09-09T10:50,20391,百合ヶ丘店,残2席,1,AVAILABLE,2
2026-09-09T11:01:19,2026-09-09T10:50,20332,横浜北山田店,残10席以上,1,AVAILABLE,10
2026-09-09T11:19:18,2026-09-09T11:10,20903,調布南口店,残3席,1,AVAILABLE,3
2026-09-09T11:19:18,2026-09-09T11:10,20895,登戸駅前店,残1席,1,AVAILABLE,1
2026-09-09T11:19:18,2026-09-09T11:10,20391,百合ヶ丘店,残1席,1,AVAILABLE,1
2026-09-09T11:19:18,2026-09-09T11:10,20332,横浜北山田店,残10席以上,1,AVAILABLE,10
2026-09-09T11:31:03,2026-09-09T11:20,20903,調布南口店,残3席,1,AVAILABLE,3
2026-09-09T11:31:03,2026-09-09T11:20,20895,登戸駅前店,満席,4,FULL,0
2026-09-09T11:31:03,2026-09-09T11:20,20391,百合ヶ丘店,残1席,1,AVAILABLE,1
2026-09-09T11:31:03,2026-09-09T11:20,20332,横浜北山田店,残10席以上,1,AVAILABLE,10
2026-09-09T11:45:39,2026-09-09T11:40,20903,調布南口店,残3席,1,AVAILABLE,3
2026-09-09T11:45:39,2026-09-09T11:40,20895,登戸駅前店,満席,4,FULL,0
2026-09-09T11:45:39,2026-09-09T11:40,20391,百合ヶ丘店,満席,4,FULL,0
2026-09-09T11:45:39,2026-09-09T11:40,20332,横浜北山田店,残10席以上,1,AVAILABLE,10
2026-09-09T11:53:35,2026-09-09T11:50,20903,調布南口店,残3席,1,AVAILABLE,3
2026-09-09T11:53:35,2026-09-09T11:50,20895,登戸駅前店,満席,4,FULL,0
2026-09-09T11:53:35,2026-09-09T11:50,20391,百合ヶ丘店,満席,4,FULL,0
2026-09-09T11:53:35,2026-09-09T11:50,20332,横浜北山田店,残10席以上,1,AVAILABLE,10
2026-09-09T12:01:12,2026-09-09T11:50,20903,調布南口店,残3席,1,AVAILABLE,3
2026-09-09T12:01:12,2026-09-09T11:50,20895,登戸駅前店,満席,4,FULL,0
2026-09-09T12:01:12,2026-09-09T11:50,20391,百合ヶ丘店,満席,4,FULL,0
2026-09-09T12:01:12,2026-09-09T11:50,20332,横浜北山田店,残10席以上,1,AVAILABLE,10
2026-09-09T12:19:22,2026-09-09T12:10,20903,調布南口店,残3席,1,AVAILABLE,3
2026-09-09T12:19:22,2026-09-09T12:10,20895,登戸駅前店,満席,4,FULL,0
2026-09-09T12:19:22,2026-09-09T12:10,20391,百合ヶ丘店,満席,4,FULL,0
2026-09-09T12:19:22,2026-09-09T12:10,20332,横浜北山田店,残10席以上,1,AVAILABLE,10
2026-09-09T12:31:22,2026-09-09T12:20,20903,調布南口店,残3席,1,AVAILABLE,3
2026-09-09T12:31:22,2026-09-09T12:20,20895,登戸駅前店,満席,4,FULL,0
2026-09-09T12:31:22,2026-09-09T12:20,20391,百合ヶ丘店,満席,4,FULL,0
2026-09-09T12:31:22,2026-09-09T12:20,20332,横浜北山田店,残9席,1,AVAILABLE,9
2026-09-09T12:45:54,2026-09-09T12:40,20903,調布南口店,残4席,1,AVAILABLE,4
2026-09-09T12:45:54,2026-09-09T12:40,20895,登戸駅前店,満席,4,FULL,0
2026-09-09T12:45:54,2026-09-09T12:40,20391,百合ヶ丘店,残1席,1,AVAILABLE,1
2026-09-09T12:45:54,2026-09-09T12:40,20332,横浜北山田店,残9席,1,AVAILABLE,9
2026-09-09T12:54:27,2026-09-09T12:50,20903,調布南口店,残4席,1,AVAILABLE,4
2026-09-09T12:54:27,2026-09-09T12:50,20895,登戸駅前店,満席,4,FULL,0
2026-09-09T12:54:27,2026-09-09T12:50,20391,百合ヶ丘店,残1席,1,AVAILABLE,1
2026-09-09T12:54:27,2026-09-09T12:50,20332,横浜北山田店,残7席,1,AVAILABLE,7
2026-09-09T13:01:22,2026-09-09T12:50,20903,調布南口店,残4席,1,AVAILABLE,4
2026-09-09T13:01:22,2026-09-09T12:50,20895,登戸駅前店,満席,4,FULL,0
2026-09-09T13:01:22,2026-09-09T12:50,20391,百合ヶ丘店,残1席,1,AVAILABLE,1
2026-09-09T13:01:22,2026-09-09T12:50,20332,横浜北山田店,残7席,1,AVAILABLE,7
2026-09-09T13:19:39,2026-09-09T13:10,20903,調布南口店,残3席,1,AVAILABLE,3
2026-09-09T13:19:39,2026-09-09T13:10,20895,登戸駅前店,満席,4,FULL,0
2026-09-09T13:19:39,2026-09-09T13:10,20391,百合ヶ丘店,残1席,1,AVAILABLE,1
2026-09-09T13:19:39,2026-09-09T13:10,20332,横浜北山田店,残7席,1,AVAILABLE,7
2026-09-09T13:31:37,2026-09-09T13:20,20903,調布南口店,残2席,1,AVAILABLE,2
2026-09-09T13:31:37,2026-09-09T13:20,20895,登戸駅前店,満席,4,FULL,0
2026-09-09T13:31:37,2026-09-09T13:20,20391,百合ヶ丘店,残1席,1,AVAILABLE,1
2026-09-09T13:31:37,2026-09-09T13:20,20332,横浜北山田店,残9席,1,AVAILABLE,9
2026-09-09T13:45:46,2026-09-09T13:40,20903,調布南口店,残2席,1,AVAILABLE,2
2026-09-09T13:45:46,2026-09-09T13:40,20895,登戸駅前店,満席,4,FULL,0
2026-09-09T13:45:46,2026-09-09T13:40,20391,百合ヶ丘店,満席,4,FULL,0
2026-09-09T13:45:46,2026-09-09T13:40,20332,横浜北山田店,残8席,1,AVAILABLE,8
2026-09-09T13:54:17,2026-09-09T13:50,20903,調布南口店,残2席,1,AVAILABLE,2
2026-09-09T13:54:17,2026-09-09T13:50,20895,登戸駅前店,満席,4,FULL,0
2026-09-09T13:54:17,2026-09-09T13:50,20391,百合ヶ丘店,残1席,1,AVAILABLE,1
2026-09-09T13:54:17,2026-09-09T13:50,20332,横浜北山田店,残8席,1,AVAILABLE,8
2026-09-09T14:01:12,2026-09-09T13:50,20903,調布南口店,残2席,1,AVAILABLE,2
2026-09-09T14:01:12,2026-09-09T13:50,20895,登戸駅前店,満席,4,FULL,0
2026-09-09T14:01:12,2026-09-09T13:50,20391,百合ヶ丘店,残1席,1,AVAILABLE,1
2026-09-09T14:01:12,2026-09-09T13:50,20332,横浜北山田店,残8席,1,AVAILABLE,8
2026-09-09T14:18:27,2026-09-09T14:10,20903,調布南口店,残2席,1,AVAILABLE,2
2026-09-09T14:18:27,2026-09-09T14:10,20895,登戸駅前店,満席,4,FULL,0
2026-09-09T14:18:27,2026-09-09T14:10,20391,百合ヶ丘店,残1席,1,AVAILABLE,1
2026-09-09T14:18:27,2026-09-09T14:10,20332,横浜北山田店,残8席,1,AVAILABLE,8
2026-09-09T14:29:41,2026-09-09T14:20,20903,調布南口店,残1席,1,AVAILABLE,1
2026-09-09T14:29:41,2026-09-09T14:20,20895,登戸駅前店,満席,4,FULL,0
2026-09-09T14:29:41,2026-09-09T14:20,20391,百合ヶ丘店,残1席,1,AVAILABLE,1
2026-09-09T14:29:41,2026-09-09T14:20,20332,横浜北山田店,残8席,1,AVAILABLE,8
2026-09-09T14:40:13,2026-09-09T14:30,20903,調布南口店,残1席,1,AVAILABLE,1
2026-09-09T14:40:13,2026-09-09T14:30,20895,登戸駅前店,満席,4,FULL,0
2026-09-09T14:40:13,2026-09-09T14:30,20391,百合ヶ丘店,残1席,1,AVAILABLE,1
2026-09-09T14:40:13,2026-09-09T14:30,20332,横浜北山田店,残8席,1,AVAILABLE,8
2026-09-09T14:52:53,2026-09-09T14:50,20903,調布南口店,残1席,1,AVAILABLE,1
2026-09-09T14:52:53,2026-09-09T14:50,20895,登戸駅前店,満席,4,FULL,0
2026-09-09T14:52:53,2026-09-09T14:50,20391,百合ヶ丘店,残2席,1,AVAILABLE,2
2026-09-09T14:52:53,2026-09-09T14:50,20332,横浜北山田店,残8席,1,AVAILABLE,8
2026-09-09T15:01:12,2026-09-09T14:50,20903,調布南口店,残1席,1,AVAILABLE,1
2026-09-09T15:01:12,2026-09-09T14:50,20895,登戸駅前店,満席,4,FULL,0
2026-09-09T15:01:12,2026-09-09T14:50,20391,百合ヶ丘店,残2席,1,AVAILABLE,2
2026-09-09T15:01:12,2026-09-09T14:50,20332,横浜北山田店,残8席,1,AVAILABLE,8
2026-09-09T15:25:09,2026-09-09T15:20,20903,調布南口店,残1席,1,AVAILABLE,1
2026-09-09T15:25:09,2026-09-09T15:20,20895,登戸駅前店,満席,4,FULL,0
2026-09-09T15:25:09,2026-09-09T15:20,20391,百合ヶ丘店,残2席,1,AVAILABLE,2
2026-09-09T15:25:09,2026-09-09T15:20,20332,横浜北山田店,残10席以上,1,AVAILABLE,10
2026-09-09T15:39:59,2026-09-09T15:30,20903,調布南口店,残1席,1,AVAILABLE,1
2026-09-09T15:39:59,2026-09-09T15:30,20895,登戸駅前店,満席,4,FULL,0
2026-09-09T15:39:59,2026-09-09T15:30,20391,百合ヶ丘店,残1席,1,AVAILABLE,1
2026-09-09T15:39:59,2026-09-09T15:30,20332,横浜北山田店,残10席以上,1,AVAILABLE,10
2026-09-09T15:52:20,2026-09-09T15:50,20903,調布南口店,残1席,1,AVAILABLE,1
2026-09-09T15:52:20,2026-09-09T15:50,20895,登戸駅前店,満席,4,FULL,0
2026-09-09T15:52:20,2026-09-09T15:50,20391,百合ヶ丘店,満席,4,FULL,0
2026-09-09T15:52:20,2026-09-09T15:50,20332,横浜北山田店,残10席以上,1,AVAILABLE,10
2026-09-09T16:02:23,2026-09-09T16:00,20903,調布南口店,残2席,1,AVAILABLE,2
2026-09-09T16:02:23,2026-09-09T16:00,20895,登戸駅前店,満席,4,FULL,0
2026-09-09T16:02:23,2026-09-09T16:00,20391,百合ヶ丘店,残1席,1,AVAILABLE,1
2026-09-09T16:02:23,2026-09-09T16:00,20332,横浜北山田店,残10席以上,1,AVAILABLE,10
2026-09-09T16:20:39,2026-09-09T16:10,20903,調布南口店,残1席,1,AVAILABLE,1
2026-09-09T16:20:39,2026-09-09T16:10,20895,登戸駅前店,満席,4,FULL,0
2026-09-09T16:20:39,2026-09-09T16:10,20391,百合ヶ丘店,満席,4,FULL,0
2026-09-09T16:20:39,2026-09-09T16:10,20332,横浜北山田店,残10席以上,1,AVAILABLE,10
2026-09-09T16:35:38,2026-09-09T16:30,20903,調布南口店,残1席,1,AVAILABLE,1
2026-09-09T16:35:38,2026-09-09T16:30,20895,登戸駅前店,満席,4,FULL,0
2026-09-09T16:35:38,2026-09-09T16:30,20391,百合ヶ丘店,残1席,1,AVAILABLE,1
2026-09-09T16:35:38,2026-09-09T16:30,20332,横浜北山田店,残10席以上,1,AVAILABLE,10
2026-09-09T16:46:53,2026-09-09T16:40,20903,調布南口店,満席,4,FULL,0
2026-09-09T16:46:53,2026-09-09T16:40,20895,登戸駅前店,満席,4,FULL,0
2026-09-09T16:46:53,2026-09-09T16:40,20391,百合ヶ丘店,残1席,1,AVAILABLE,1
2026-09-09T16:46:53,2026-09-09T16:40,20332,横浜北山田店,残10席以上,1,AVAILABLE,10
2026-09-09T16:54:55,2026-09-09T16:50,20903,調布南口店,満席,4,FULL,0
2026-09-09T16:54:55,2026-09-09T16:50,20895,登戸駅前店,満席,4,FULL,0
2026-09-09T16:54:55,2026-09-09T16:50,20391,百合ヶ丘店,残2席,1,AVAILABLE,2
2026-09-09T16:54:55,2026-09-09T16:50,20332,横浜北山田店,残10席以上,1,AVAILABLE,10
2026-09-09T17:01:08,2026-09-09T16:50,20903,調布南口店,満席,4,FULL,0
2026-09-09T17:01:08,2026-09-09T16:50,20895,登戸駅前店,満席,4,FULL,0
2026-09-09T17:01:08,2026-09-09T16:50,20391,百合ヶ丘店,残2席,1,AVAILABLE,2
2026-09-09T17:01:08,2026-09-09T16:50,20332,横浜北山田店,残10席以上,1,AVAILABLE,10
2026-09-09T17:20:41,2026-09-09T17:10,20903,調布南口店,満席,4,FULL,0
2026-09-09T17:20:41,2026-09-09T17:10,20895,登戸駅前店,満席,4,FULL,0
2026-09-09T17:20:41,2026-09-09T17:10,20391,百合ヶ丘店,満席,4,FULL,0
2026-09-09T17:20:41,2026-09-09T17:10,20332,横浜北山田店,残10席以上,1,AVAILABLE,10
2026-09-09T17:35:14,2026-09-09T17:30,20903,調布南口店,満席,4,FULL,0
2026-09-09T17:35:14,2026-09-09T17:30,20895,登戸駅前店,満席,4,FULL,0
2026-09-09T17:35:14,2026-09-09T17:30,20391,百合ヶ丘店,満席,4,FULL,0
2026-09-09T17:35:14,2026-09-09T17:30,20332,横浜北山田店,残7席,1,AVAILABLE,7
2026-09-09T17:46:25,2026-09-09T17:40,20903,調布南口店,満席,4,FULL,0
2026-09-09T17:46:25,2026-09-09T17:40,20895,登戸駅前店,満席,4,FULL,0
2026-09-09T17:46:25,2026-09-09T17:40,20391,百合ヶ丘店,満席,4,FULL,0
2026-09-09T17:46:25,2026-09-09T17:40,20332,横浜北山田店,残5席,1,AVAILABLE,5
2026-09-09T17:55:13,2026-09-09T17:50,20903,調布南口店,満席,4,FULL,0
2026-09-09T17:55:13,2026-09-09T17:50,20895,登戸駅前店,満席,4,FULL,0
2026-09-09T17:55:13,2026-09-09T17:50,20391,百合ヶ丘店,満席,4,FULL,0
2026-09-09T17:55:13,2026-09-09T17:50,20332,横浜北山田店,残5席,1,AVAILABLE,5
2026-09-09T18:01:11,2026-09-09T17:50,20903,調布南口店,満席,4,FULL,0
2026-09-09T18:01:11,2026-09-09T17:50,20895,登戸駅前店,満席,4,FULL,0
2026-09-09T18:01:11,2026-09-09T17:50,20391,百合ヶ丘店,満席,4,FULL,0
2026-09-09T18:01:11,2026-09-09T17:50,20332,横浜北山田店,残5席,1,AVAILABLE,5
2026-09-09T18:20:01,2026-09-09T18:10,20903,調布南口店,満席,4,FULL,0
2026-09-09T18:20:01,2026-09-09T18:10,20895,登戸駅前店,満席,4,FULL,0
2026-09-09T18:20:01,2026-09-09T18:10,20391,百合ヶ丘店,残1席,1,AVAILABLE,1
2026-09-09T18:20:01,2026-09-09T18:10,20332,横浜北山田店,残3席,1,AVAILABLE,3
2026-09-09T18:33:06,2026-09-09T18:30,20903,調布南口店,満席,4,FULL,0
2026-09-09T18:33:06,2026-09-09T18:30,20895,登戸駅前店,満席,4,FULL,0
2026-09-09T18:33:06,2026-09-09T18:30,20391,百合ヶ丘店,残1席,1,AVAILABLE,1
2026-09-09T18:33:06,2026-09-09T18:30,20332,横浜北山田店,残5席,1,AVAILABLE,5
2026-09-09T18:46:33,2026-09-09T18:40,20903,調布南口店,満席,4,FULL,0
2026-09-09T18:46:33,2026-09-09T18:40,20895,登戸駅前店,満席,4,FULL,0
2026-09-09T18:46:33,2026-09-09T18:40,20391,百合ヶ丘店,満席,4,FULL,0
2026-09-09T18:46:33,2026-09-09T18:40,20332,横浜北山田店,残2席,1,AVAILABLE,2
2026-09-09T18:55:14,2026-09-09T18:50,20903,調布南口店,満席,4,FULL,0
2026-09-09T18:55:14,2026-09-09T18:50,20895,登戸駅前店,満席,4,FULL,0
2026-09-09T18:55:14,2026-09-09T18:50,20391,百合ヶ丘店,満席,4,FULL,0
2026-09-09T18:55:14,2026-09-09T18:50,20332,横浜北山田店,残2席,1,AVAILABLE,2
2026-09-09T19:01:30,2026-09-09T18:50,20903,調布南口店,満席,4,FULL,0
2026-09-09T19:01:30,2026-09-09T18:50,20895,登戸駅前店,満席,4,FULL,0
2026-09-09T19:01:30,2026-09-09T18:50,20391,百合ヶ丘店,満席,4,FULL,0
2026-09-09T19:01:30,2026-09-09T18:50,20332,横浜北山田店,残2席,1,AVAILABLE,2
2026-09-09T19:20:05,2026-09-09T19:10,20903,調布南口店,満席,4,FULL,0
2026-09-09T19:20:05,2026-09-09T19:10,20895,登戸駅前店,満席,4,FULL,0
2026-09-09T19:20:05,2026-09-09T19:10,20391,百合ヶ丘店,満席,4,FULL,0
2026-09-09T19:20:05,2026-09-09T19:10,20332,横浜北山田店,残3席,1,AVAILABLE,3
2026-09-09T19:32:36,2026-09-09T19:30,20903,調布南口店,満席,4,FULL,0
2026-09-09T19:32:36,2026-09-09T19:30,20895,登戸駅前店,満席,4,FULL,0
2026-09-09T19:32:36,2026-09-09T19:30,20391,百合ヶ丘店,満席,4,FULL,0
2026-09-09T19:32:36,2026-09-09T19:30,20332,横浜北山田店,満席,4,FULL,0
2026-09-09T19:46:31,2026-09-09T19:40,20903,調布南口店,満席,4,FULL,0
2026-09-09T19:46:31,2026-09-09T19:40,20895,登戸駅前店,満席,4,FULL,0
2026-09-09T19:46:31,2026-09-09T19:40,20391,百合ヶ丘店,残1席,1,AVAILABLE,1
2026-09-09T19:46:31,2026-09-09T19:40,20332,横浜北山田店,満席,4,FULL,0
2026-09-09T19:54:52,2026-09-09T19:50,20903,調布南口店,満席,4,FULL,0
2026-09-09T19:54:52,2026-09-09T19:50,20895,登戸駅前店,満席,4,FULL,0
2026-09-09T19:54:52,2026-09-09T19:50,20391,百合ヶ丘店,残1席,1,AVAILABLE,1
2026-09-09T19:54:52,2026-09-09T19:50,20332,横浜北山田店,残1席,1,AVAILABLE,1
2026-09-09T20:01:07,2026-09-09T19:50,20903,調布南口店,満席,4,FULL,0
2026-09-09T20:01:07,2026-09-09T19:50,20895,登戸駅前店,満席,4,FULL,0
2026-09-09T20:01:07,2026-09-09T19:50,20391,百合ヶ丘店,残1席,1,AVAILABLE,1
2026-09-09T20:01:07,2026-09-09T19:50,20332,横浜北山田店,残1席,1,AVAILABLE,1
2026-09-09T20:18:53,2026-09-09T20:10,20903,調布南口店,満席,4,FULL,0
2026-09-09T20:18:53,2026-09-09T20:10,20895,登戸駅前店,満席,4,FULL,0
2026-09-09T20:18:53,2026-09-09T20:10,20391,百合ヶ丘店,残1席,1,AVAILABLE,1
2026-09-09T20:18:53,2026-09-09T20:10,20332,横浜北山田店,満席,4,FULL,0
2026-09-09T20:30:46,2026-09-09T20:20,20903,調布南口店,満席,4,FULL,0
2026-09-09T20:30:46,2026-09-09T20:20,20895,登戸駅前店,満席,4,FULL,0
2026-09-09T20:30:46,2026-09-09T20:20,20391,百合ヶ丘店,残1席,1,AVAILABLE,1
2026-09-09T20:30:46,2026-09-09T20:20,20332,横浜北山田店,満席,4,FULL,0
2026-09-09T20:45:11,2026-09-09T20:40,20903,調布南口店,残1席,1,AVAILABLE,1
2026-09-09T20:45:11,2026-09-09T20:40,20895,登戸駅前店,満席,4,FULL,0
2026-09-09T20:45:11,2026-09-09T20:40,20391,百合ヶ丘店,残1席,1,AVAILABLE,1
2026-09-09T20:45:11,2026-09-09T20:40,20332,横浜北山田店,満席,4,FULL,0
2026-09-09T21:01:01,2026-09-09T20:50,20903,調布南口店,残1席,1,AVAILABLE,1
2026-09-09T21:01:01,2026-09-09T20:50,20895,登戸駅前店,満席,4,FULL,0
2026-09-09T21:01:01,2026-09-09T20:50,20391,百合ヶ丘店,満席,4,FULL,0
2026-09-09T21:01:01,2026-09-09T20:50,20332,横浜北山田店,満席,4,FULL,0
2026-09-09T21:25:19,2026-09-09T21:20,20903,調布南口店,満席,4,FULL,0
2026-09-09T21:25:19,2026-09-09T21:20,20895,登戸駅前店,残1席,1,AVAILABLE,1
2026-09-09T21:25:19,2026-09-09T21:20,20391,百合ヶ丘店,残2席,1,AVAILABLE,2
2026-09-09T21:25:19,2026-09-09T21:20,20332,横浜北山田店,満席,4,FULL,0
2026-09-09T21:40:35,2026-09-09T21:30,20903,調布南口店,満席,4,FULL,0
2026-09-09T21:40:35,2026-09-09T21:30,20895,登戸駅前店,満席,4,FULL,0
2026-09-09T21:40:35,2026-09-09T21:30,20391,百合ヶ丘店,残2席,1,AVAILABLE,2
2026-09-09T21:40:35,2026-09-09T21:30,20332,横浜北山田店,満席,4,FULL,0
2026-09-09T21:57:16,2026-09-09T21:50,20903,調布南口店,満席,4,FULL,0
2026-09-09T21:57:16,2026-09-09T21:50,20895,登戸駅前店,満席,4,FULL,0
2026-09-09T21:57:16,2026-09-09T21:50,20391,百合ヶ丘店,満席,4,FULL,0
2026-09-09T21:57:16,2026-09-09T21:50,20332,横浜北山田店,残1席,1,AVAILABLE,1
2026-09-09T22:06:15,2026-09-09T22:00,20903,調布南口店,満席,4,FULL,0
2026-09-09T22:06:15,2026-09-09T22:00,20895,登戸駅前店,満席,4,FULL,0
2026-09-09T22:06:15,2026-09-09T22:00,20391,百合ヶ丘店,満席,4,FULL,0
2026-09-09T22:06:15,2026-09-09T22:00,20332,横浜北山田店,残1席,1,AVAILABLE,1
2026-09-09T22:21:45,2026-09-09T22:10,20903,調布南口店,満席,4,FULL,0
2026-09-09T22:21:45,2026-09-09T22:10,20895,登戸駅前店,満席,4,FULL,0
2026-09-09T22:21:45,2026-09-09T22:10,20391,百合ヶ丘店,満席,4,FULL,0
2026-09-09T22:21:45,2026-09-09T22:10,20332,横浜北山田店,残2席,1,AVAILABLE,2
2026-09-09T22:36:52,2026-09-09T22:30,20903,調布南口店,満席,4,FULL,0
2026-09-09T22:36:52,2026-09-09T22:30,20895,登戸駅前店,満席,4,FULL,0
2026-09-09T22:36:52,2026-09-09T22:30,20391,百合ヶ丘店,満席,4,FULL,0
2026-09-09T22:36:52,2026-09-09T22:30,20332,横浜北山田店,残5席,1,AVAILABLE,5
2026-09-09T22:48:40,2026-09-09T22:40,20903,調布南口店,満席,4,FULL,0
2026-09-09T22:48:40,2026-09-09T22:40,20895,登戸駅前店,満席,4,FULL,0
2026-09-09T22:48:40,2026-09-09T22:40,20391,百合ヶ丘店,満席,4,FULL,0
2026-09-09T22:48:40,2026-09-09T22:40,20332,横浜北山田店,残7席,1,AVAILABLE,7
2026-09-09T22:56:48,2026-09-09T22:50,20903,調布南口店,満席,4,FULL,0
2026-09-09T22:56:48,2026-09-09T22:50,20895,登戸駅前店,残1席,1,AVAILABLE,1
2026-09-09T22:56:48,2026-09-09T22:50,20391,百合ヶ丘店,満席,4,FULL,0
2026-09-09T22:56:48,2026-09-09T22:50,20332,横浜北山田店,残8席,1,AVAILABLE,8
2026-09-09T23:04:13,2026-09-09T23:00,20903,調布南口店,残1席,1,AVAILABLE,1
2026-09-09T23:04:13,2026-09-09T23:00,20895,登戸駅前店,満席,4,FULL,0
2026-09-09T23:04:13,2026-09-09T23:00,20391,百合ヶ丘店,満席,4,FULL,0
2026-09-09T23:04:13,2026-09-09T23:00,20332,横浜北山田店,残6席,1,AVAILABLE,6
2026-09-09T23:19:17,2026-09-09T23:10,20903,調布南口店,残1席,1,AVAILABLE,1
2026-09-09T23:19:17,2026-09-09T23:10,20895,登戸駅前店,残1席,1,AVAILABLE,1
2026-09-09T23:19:17,2026-09-09T23:10,20391,百合ヶ丘店,満席,4,FULL,0
2026-09-09T23:19:17,2026-09-09T23:10,20332,横浜北山田店,残7席,1,AVAILABLE,7
2026-09-09T23:32:25,2026-09-09T23:30,20903,調布南口店,残1席,1,AVAILABLE,1
2026-09-09T23:32:25,2026-09-09T23:30,20895,登戸駅前店,残1席,1,AVAILABLE,1
2026-09-09T23:32:25,2026-09-09T23:30,20391,百合ヶ丘店,満席,4,FULL,0
2026-09-09T23:32:25,2026-09-09T23:30,20332,横浜北山田店,残6席,1,AVAILABLE,6
2026-09-09T23:47:45,2026-09-09T23:40,20903,調布南口店,残1席,1,AVAILABLE,1
2026-09-09T23:47:45,2026-09-09T23:40,20895,登戸駅前店,残1席,1,AVAILABLE,1
2026-09-09T23:47:45,2026-09-09T23:40,20391,百合ヶ丘店,満席,4,FULL,0
2026-09-09T23:47:45,2026-09-09T23:40,20332,横浜北山田店,残2席,1,AVAILABLE,2
2026-09-09T23:56:44,2026-09-09T23:50,20903,調布南口店,残1席,1,AVAILABLE,1
2026-09-09T23:56:44,2026-09-09T23:50,20895,登戸駅前店,残1席,1,AVAILABLE,1
2026-09-09T23:56:44,2026-09-09T23:50,20391,百合ヶ丘店,残2席,1,AVAILABLE,2
2026-09-09T23:56:44,2026-09-09T23:50,20332,横浜北山田店,残1席,1,AVAILABLE,1
2026-09-10T00:04:04,2026-09-10T00:00,20903,調布南口店,残2席,1,AVAILABLE,2
2026-09-10T00:04:04,2026-09-10T00:00,20895,登戸駅前店,残1席,1,AVAILABLE,1
2026-09-10T00:04:04,2026-09-10T00:00,20391,百合ヶ丘店,残1席,1,AVAILABLE,1
2026-09-10T00:04:04,2026-09-10T00:00,20332,横浜北山田店,残1席,1,AVAILABLE,1
2026-09-10T00:19:33,2026-09-10T00:10,20903,調布南口店,残2席,1,AVAILABLE,2
2026-09-10T00:19:33,2026-09-10T00:10,20895,登戸駅前店,残1席,1,AVAILABLE,1
2026-09-10T00:19:33,2026-09-10T00:10,20391,百合ヶ丘店,残1席,1,AVAILABLE,1
2026-09-10T00:19:33,2026-09-10T00:10,20332,横浜北山田店,満席,4,FULL,0
2026-09-10T00:47:10,2026-09-10T00:40,20903,調布南口店,残2席,1,AVAILABLE,2
2026-09-10T00:47:10,2026-09-10T00:40,20895,登戸駅前店,残3席,1,AVAILABLE,3
2026-09-10T00:47:10,2026-09-10T00:40,20391,百合ヶ丘店,残1席,1,AVAILABLE,1
2026-09-10T00:47:10,2026-09-10T00:40,20332,横浜北山田店,残1席,1,AVAILABLE,1
2026-09-10T00:54:50,2026-09-10T00:50,20903,調布南口店,残2席,1,AVAILABLE,2
2026-09-10T00:54:50,2026-09-10T00:50,20895,登戸駅前店,残2席,1,AVAILABLE,2
2026-09-10T00:54:50,2026-09-10T00:50,20391,百合ヶ丘店,残1席,1,AVAILABLE,1
2026-09-10T00:54:50,2026-09-10T00:50,20332,横浜北山田店,残1席,1,AVAILABLE,1
2026-09-10T01:01:10,2026-09-10T00:50,20903,調布南口店,残2席,1,AVAILABLE,2
2026-09-10T01:01:10,2026-09-10T00:50,20895,登戸駅前店,残2席,1,AVAILABLE,2
2026-09-10T01:01:10,2026-09-10T00:50,20391,百合ヶ丘店,残1席,1,AVAILABLE,1
2026-09-10T01:01:10,2026-09-10T00:50,20332,横浜北山田店,残1席,1,AVAILABLE,1
2026-09-10T01:21:09,2026-09-10T01:10,20903,調布南口店,残2席,1,AVAILABLE,2
2026-09-10T01:21:09,2026-09-10T01:10,20895,登戸駅前店,残1席,1,AVAILABLE,1
2026-09-10T01:21:09,2026-09-10T01:10,20391,百合ヶ丘店,残1席,1,AVAILABLE,1
2026-09-10T01:21:09,2026-09-10T01:10,20332,横浜北山田店,残3席,1,AVAILABLE,3
2026-09-10T01:36:40,2026-09-10T01:30,20903,調布南口店,残2席,1,AVAILABLE,2
2026-09-10T01:36:40,2026-09-10T01:30,20895,登戸駅前店,残1席,1,AVAILABLE,1
2026-09-10T01:36:40,2026-09-10T01:30,20391,百合ヶ丘店,満席,4,FULL,0
2026-09-10T01:36:40,2026-09-10T01:30,20332,横浜北山田店,残2席,1,AVAILABLE,2
2026-09-10T01:47:40,2026-09-10T01:40,20903,調布南口店,残2席,1,AVAILABLE,2
2026-09-10T01:47:40,2026-09-10T01:40,20895,登戸駅前店,残2席,1,AVAILABLE,2
2026-09-10T01:47:40,2026-09-10T01:40,20391,百合ヶ丘店,満席,4,FULL,0
2026-09-10T01:47:40,2026-09-10T01:40,20332,横浜北山田店,残2席,1,AVAILABLE,2
2026-09-10T01:55:12,2026-09-10T01:50,20903,調布南口店,残4席,1,AVAILABLE,4
2026-09-10T01:55:12,2026-09-10T01:50,20895,登戸駅前店,残2席,1,AVAILABLE,2
2026-09-10T01:55:12,2026-09-10T01:50,20391,百合ヶ丘店,満席,4,FULL,0
2026-09-10T01:55:12,2026-09-10T01:50,20332,横浜北山田店,残4席,1,AVAILABLE,4
2026-09-10T02:01:03,2026-09-10T01:50,20903,調布南口店,残4席,1,AVAILABLE,4
2026-09-10T02:01:03,2026-09-10T01:50,20895,登戸駅前店,残2席,1,AVAILABLE,2
2026-09-10T02:01:03,2026-09-10T01:50,20391,百合ヶ丘店,満席,4,FULL,0
2026-09-10T02:01:03,2026-09-10T01:50,20332,横浜北山田店,残4席,1,AVAILABLE,4
2026-09-10T02:18:19,2026-09-10T02:10,20903,調布南口店,残4席,1,AVAILABLE,4
2026-09-10T02:18:19,2026-09-10T02:10,20895,登戸駅前店,残3席,1,AVAILABLE,3
2026-09-10T02:18:19,2026-09-10T02:10,20391,百合ヶ丘店,満席,4,FULL,0
2026-09-10T02:18:19,2026-09-10T02:10,20332,横浜北山田店,残6席,1,AVAILABLE,6
2026-09-10T02:29:17,2026-09-10T02:20,20903,調布南口店,残4席,1,AVAILABLE,4
2026-09-10T02:29:17,2026-09-10T02:20,20895,登戸駅前店,残3席,1,AVAILABLE,3
2026-09-10T02:29:17,2026-09-10T02:20,20391,百合ヶ丘店,満席,4,FULL,0
2026-09-10T02:29:17,2026-09-10T02:20,20332,横浜北山田店,残6席,1,AVAILABLE,6
2026-09-10T02:39:31,2026-09-10T02:30,20903,調布南口店,残4席,1,AVAILABLE,4
2026-09-10T02:39:31,2026-09-10T02:30,20895,登戸駅前店,残3席,1,AVAILABLE,3
2026-09-10T02:39:31,2026-09-10T02:30,20391,百合ヶ丘店,満席,4,FULL,0
2026-09-10T02:39:31,2026-09-10T02:30,20332,横浜北山田店,残5席,1,AVAILABLE,5
2026-09-10T02:46:55,2026-09-10T02:40,20903,調布南口店,残4席,1,AVAILABLE,4
2026-09-10T02:46:55,2026-09-10T02:40,20895,登戸駅前店,残2席,1,AVAILABLE,2
2026-09-10T02:46:55,2026-09-10T02:40,20391,百合ヶ丘店,満席,4,FULL,0
2026-09-10T02:46:55,2026-09-10T02:40,20332,横浜北山田店,残6席,1,AVAILABLE,6
2026-09-10T02:53:23,2026-09-10T02:50,20903,調布南口店,残4席,1,AVAILABLE,4
2026-09-10T02:53:23,2026-09-10T02:50,20895,登戸駅前店,残2席,1,AVAILABLE,2
2026-09-10T02:53:23,2026-09-10T02:50,20391,百合ヶ丘店,満席,4,FULL,0
2026-09-10T02:53:23,2026-09-10T02:50,20332,横浜北山田店,残6席,1,AVAILABLE,6
2026-09-10T03:01:05,2026-09-10T02:50,20903,調布南口店,残4席,1,AVAILABLE,4
2026-09-10T03:01:05,2026-09-10T02:50,20895,登戸駅前店,残2席,1,AVAILABLE,2
2026-09-10T03:01:05,2026-09-10T02:50,20391,百合ヶ丘店,満席,4,FULL,0
2026-09-10T03:01:05,2026-09-10T02:50,20332,横浜北山田店,残6席,1,AVAILABLE,6
2026-09-10T03:23:10,2026-09-10T03:20,20903,調布南口店,残4席,1,AVAILABLE,4
2026-09-10T03:23:10,2026-09-10T03:20,20895,登戸駅前店,残2席,1,AVAILABLE,2
2026-09-10T03:23:10,2026-09-10T03:20,20391,百合ヶ丘店,残1席,1,AVAILABLE,1
2026-09-10T03:23:10,2026-09-10T03:20,20332,横浜北山田店,残8席,1,AVAILABLE,8
2026-09-10T03:37:36,2026-09-10T03:30,20903,調布南口店,残4席,1,AVAILABLE,4
2026-09-10T03:37:36,2026-09-10T03:30,20895,登戸駅前店,残2席,1,AVAILABLE,2
2026-09-10T03:37:36,2026-09-10T03:30,20391,百合ヶ丘店,残1席,1,AVAILABLE,1
2026-09-10T03:37:36,2026-09-10T03:30,20332,横浜北山田店,残8席,1,AVAILABLE,8
2026-09-10T03:48:24,2026-09-10T03:40,20903,調布南口店,残4席,1,AVAILABLE,4
2026-09-10T03:48:24,2026-09-10T03:40,20895,登戸駅前店,残2席,1,AVAILABLE,2
2026-09-10T03:48:24,2026-09-10T03:40,20391,百合ヶ丘店,満席,4,FULL,0
2026-09-10T03:48:24,2026-09-10T03:40,20332,横浜北山田店,残8席,1,AVAILABLE,8
2026-09-10T03:55:32,2026-09-10T03:50,20903,調布南口店,残4席,1,AVAILABLE,4
2026-09-10T03:55:32,2026-09-10T03:50,20895,登戸駅前店,満席,4,FULL,0
2026-09-10T03:55:32,2026-09-10T03:50,20391,百合ヶ丘店,満席,4,FULL,0
2026-09-10T03:55:32,2026-09-10T03:50,20332,横浜北山田店,残7席,1,AVAILABLE,7
2026-09-10T04:01:48,2026-09-10T03:50,20903,調布南口店,残4席,1,AVAILABLE,4
2026-09-10T04:01:48,2026-09-10T03:50,20895,登戸駅前店,満席,4,FULL,0
2026-09-10T04:01:48,2026-09-10T03:50,20391,百合ヶ丘店,満席,4,FULL,0
2026-09-10T04:01:48,2026-09-10T03:50,20332,横浜北山田店,残7席,1,AVAILABLE,7
2026-09-10T04:17:21,2026-09-10T04:10,20903,調布南口店,残4席,1,AVAILABLE,4
2026-09-10T04:17:21,2026-09-10T04:10,20895,登戸駅前店,残1席,1,AVAILABLE,1
2026-09-10T04:17:21,2026-09-10T04:10,20391,百合ヶ丘店,残2席,1,AVAILABLE,2
2026-09-10T04:17:21,2026-09-10T04:10,20332,横浜北山田店,残6席,1,AVAILABLE,6
2026-09-10T04:27:09,2026-09-10T04:20,20903,調布南口店,残4席,1,AVAILABLE,4
2026-09-10T04:27:09,2026-09-10T04:20,20895,登戸駅前店,満席,4,FULL,0
2026-09-10T04:27:09,2026-09-10T04:20,20391,百合ヶ丘店,残2席,1,AVAILABLE,2
2026-09-10T04:27:09,2026-09-10T04:20,20332,横浜北山田店,残7席,1,AVAILABLE,7
2026-09-10T04:34:43,2026-09-10T04:30,20903,調布南口店,残3席,1,AVAILABLE,3
2026-09-10T04:34:43,2026-09-10T04:30,20895,登戸駅前店,満席,4,FULL,0
2026-09-10T04:34:43,2026-09-10T04:30,20391,百合ヶ丘店,残2席,1,AVAILABLE,2
2026-09-10T04:34:43,2026-09-10T04:30,20332,横浜北山田店,残9席,1,AVAILABLE,9
2026-09-10T04:42:02,2026-09-10T04:40,20903,調布南口店,残3席,1,AVAILABLE,3
2026-09-10T04:42:02,2026-09-10T04:40,20895,登戸駅前店,満席,4,FULL,0
2026-09-10T04:42:02,2026-09-10T04:40,20391,百合ヶ丘店,残2席,1,AVAILABLE,2
2026-09-10T04:42:02,2026-09-10T04:40,20332,横浜北山田店,残9席,1,AVAILABLE,9
2026-09-10T04:51:17,2026-09-10T04:40,20903,調布南口店,残3席,1,AVAILABLE,3
2026-09-10T04:51:17,2026-09-10T04:40,20895,登戸駅前店,満席,4,FULL,0
2026-09-10T04:51:17,2026-09-10T04:40,20391,百合ヶ丘店,残2席,1,AVAILABLE,2
2026-09-10T04:51:17,2026-09-10T04:40,20332,横浜北山田店,残9席,1,AVAILABLE,9
2026-09-10T05:01:00,2026-09-10T04:50,20903,調布南口店,残3席,1,AVAILABLE,3
2026-09-10T05:01:00,2026-09-10T04:50,20895,登戸駅前店,満席,4,FULL,0
2026-09-10T05:01:00,2026-09-10T04:50,20391,百合ヶ丘店,残2席,1,AVAILABLE,2
2026-09-10T05:01:00,2026-09-10T04:50,20332,横浜北山田店,残9席,1,AVAILABLE,9
2026-09-10T05:19:44,2026-09-10T05:10,20903,調布南口店,残3席,1,AVAILABLE,3
2026-09-10T05:19:44,2026-09-10T05:10,20895,登戸駅前店,満席,4,FULL,0
2026-09-10T05:19:44,2026-09-10T05:10,20391,百合ヶ丘店,残3席,1,AVAILABLE,3
2026-09-10T05:19:44,2026-09-10T05:10,20332,横浜北山田店,残9席,1,AVAILABLE,9
2026-09-10T05:31:13,2026-09-10T05:20,20903,調布南口店,残3席,1,AVAILABLE,3
2026-09-10T05:31:13,2026-09-10T05:20,20895,登戸駅前店,残1席,1,AVAILABLE,1
2026-09-10T05:31:13,2026-09-10T05:20,20391,百合ヶ丘店,残3席,1,AVAILABLE,3
2026-09-10T05:31:13,2026-09-10T05:20,20332,横浜北山田店,残8席,1,AVAILABLE,8
2026-09-10T05:45:03,2026-09-10T05:40,20903,調布南口店,残3席,1,AVAILABLE,3
2026-09-10T05:45:03,2026-09-10T05:40,20895,登戸駅前店,残1席,1,AVAILABLE,1
2026-09-10T05:45:03,2026-09-10T05:40,20391,百合ヶ丘店,残3席,1,AVAILABLE,3
2026-09-10T05:45:03,2026-09-10T05:40,20332,横浜北山田店,残8席,1,AVAILABLE,8
2026-09-10T05:51:31,2026-09-10T05:40,20903,調布南口店,残3席,1,AVAILABLE,3
2026-09-10T05:51:31,2026-09-10T05:40,20895,登戸駅前店,残1席,1,AVAILABLE,1
2026-09-10T05:51:31,2026-09-10T05:40,20391,百合ヶ丘店,残3席,1,AVAILABLE,3
2026-09-10T05:51:31,2026-09-10T05:40,20332,横浜北山田店,残8席,1,AVAILABLE,8
2026-09-10T06:01:05,2026-09-10T05:50,20903,調布南口店,残2席,1,AVAILABLE,2
2026-09-10T06:01:05,2026-09-10T05:50,20895,登戸駅前店,満席,4,FULL,0
2026-09-10T06:01:05,2026-09-10T05:50,20391,百合ヶ丘店,残3席,1,AVAILABLE,3
2026-09-10T06:01:05,2026-09-10T05:50,20332,横浜北山田店,残8席,1,AVAILABLE,8
2026-09-10T06:16:56,2026-09-10T06:10,20903,調布南口店,残2席,1,AVAILABLE,2
2026-09-10T06:16:56,2026-09-10T06:10,20895,登戸駅前店,残1席,1,AVAILABLE,1
2026-09-10T06:16:56,2026-09-10T06:10,20391,百合ヶ丘店,残2席,1,AVAILABLE,2
2026-09-10T06:16:56,2026-09-10T06:10,20332,横浜北山田店,残8席,1,AVAILABLE,8
2026-09-10T06:27:12,2026-09-10T06:20,20903,調布南口店,残2席,1,AVAILABLE,2
2026-09-10T06:27:12,2026-09-10T06:20,20895,登戸駅前店,満席,4,FULL,0
2026-09-10T06:27:12,2026-09-10T06:20,20391,百合ヶ丘店,残2席,1,AVAILABLE,2
2026-09-10T06:27:12,2026-09-10T06:20,20332,横浜北山田店,残10席以上,1,AVAILABLE,10
2026-09-10T06:36:06,2026-09-10T06:30,20903,調布南口店,残1席,1,AVAILABLE,1
2026-09-10T06:36:06,2026-09-10T06:30,20895,登戸駅前店,満席,4,FULL,0
2026-09-10T06:36:06,2026-09-10T06:30,20391,百合ヶ丘店,残2席,1,AVAILABLE,2
2026-09-10T06:36:06,2026-09-10T06:30,20332,横浜北山田店,残10席以上,1,AVAILABLE,10
2026-09-10T06:44:25,2026-09-10T06:40,20903,調布南口店,残1席,1,AVAILABLE,1
2026-09-10T06:44:25,2026-09-10T06:40,20895,登戸駅前店,満席,4,FULL,0
2026-09-10T06:44:25,2026-09-10T06:40,20391,百合ヶ丘店,残2席,1,AVAILABLE,2
2026-09-10T06:44:25,2026-09-10T06:40,20332,横浜北山田店,残10席以上,1,AVAILABLE,10
2026-09-10T06:51:40,2026-09-10T06:40,20903,調布南口店,残1席,1,AVAILABLE,1
2026-09-10T06:51:40,2026-09-10T06:40,20895,登戸駅前店,満席,4,FULL,0
2026-09-10T06:51:40,2026-09-10T06:40,20391,百合ヶ丘店,残2席,1,AVAILABLE,2
2026-09-10T06:51:40,2026-09-10T06:40,20332,横浜北山田店,残10席以上,1,AVAILABLE,10
2026-09-10T07:00:44,2026-09-10T06:50,20903,調布南口店,残1席,1,AVAILABLE,1
2026-09-10T07:00:44,2026-09-10T06:50,20895,登戸駅前店,満席,4,FULL,0
2026-09-10T07:00:44,2026-09-10T06:50,20391,百合ヶ丘店,残3席,1,AVAILABLE,3
2026-09-10T07:00:44,2026-09-10T06:50,20332,横浜北山田店,残10席以上,1,AVAILABLE,10
2026-09-10T07:17:51,2026-09-10T07:10,20903,調布南口店,残2席,1,AVAILABLE,2
2026-09-10T07:17:51,2026-09-10T07:10,20895,登戸駅前店,満席,4,FULL,0
2026-09-10T07:17:51,2026-09-10T07:10,20391,百合ヶ丘店,残2席,1,AVAILABLE,2
2026-09-10T07:17:51,2026-09-10T07:10,20332,横浜北山田店,残10席以上,1,AVAILABLE,10
2026-09-10T07:28:03,2026-09-10T07:20,20903,調布南口店,残2席,1,AVAILABLE,2
2026-09-10T07:28:03,2026-09-10T07:20,20895,登戸駅前店,満席,4,FULL,0
2026-09-10T07:28:03,2026-09-10T07:20,20391,百合ヶ丘店,残2席,1,AVAILABLE,2
2026-09-10T07:28:03,2026-09-10T07:20,20332,横浜北山田店,残10席以上,1,AVAILABLE,10
2026-09-10T07:36:52,2026-09-10T07:30,20903,調布南口店,残2席,1,AVAILABLE,2
2026-09-10T07:36:52,2026-09-10T07:30,20895,登戸駅前店,満席,4,FULL,0
2026-09-10T07:36:52,2026-09-10T07:30,20391,百合ヶ丘店,残2席,1,AVAILABLE,2
2026-09-10T07:36:52,2026-09-10T07:30,20332,横浜北山田店,残10席以上,1,AVAILABLE,10
2026-09-10T07:44:46,2026-09-10T07:40,20903,調布南口店,残2席,1,AVAILABLE,2
2026-09-10T07:44:46,2026-09-10T07:40,20895,登戸駅前店,残1席,1,AVAILABLE,1
2026-09-10T07:44:46,2026-09-10T07:40,20391,百合ヶ丘店,残2席,1,AVAILABLE,2
2026-09-10T07:44:46,2026-09-10T07:40,20332,横浜北山田店,残10席以上,1,AVAILABLE,10
2026-09-10T07:51:10,2026-09-10T07:40,20903,調布南口店,残2席,1,AVAILABLE,2
2026-09-10T07:51:10,2026-09-10T07:40,20895,登戸駅前店,残1席,1,AVAILABLE,1
2026-09-10T07:51:10,2026-09-10T07:40,20391,百合ヶ丘店,残2席,1,AVAILABLE,2
2026-09-10T07:51:10,2026-09-10T07:40,20332,横浜北山田店,残10席以上,1,AVAILABLE,10
2026-09-10T08:01:15,2026-09-10T07:50,20903,調布南口店,残2席,1,AVAILABLE,2
2026-09-10T08:01:15,2026-09-10T07:50,20895,登戸駅前店,残1席,1,AVAILABLE,1
2026-09-10T08:01:15,2026-09-10T07:50,20391,百合ヶ丘店,残2席,1,AVAILABLE,2
2026-09-10T08:01:15,2026-09-10T07:50,20332,横浜北山田店,残10席以上,1,AVAILABLE,10
2026-09-10T08:16:59,2026-09-10T08:10,20903,調布南口店,残3席,1,AVAILABLE,3
2026-09-10T08:16:59,2026-09-10T08:10,20895,登戸駅前店,満席,4,FULL,0
2026-09-10T08:16:59,2026-09-10T08:10,20391,百合ヶ丘店,残1席,1,AVAILABLE,1
2026-09-10T08:16:59,2026-09-10T08:10,20332,横浜北山田店,残10席以上,1,AVAILABLE,10
2026-09-10T08:26:13,2026-09-10T08:20,20903,調布南口店,残3席,1,AVAILABLE,3
2026-09-10T08:26:13,2026-09-10T08:20,20895,登戸駅前店,満席,4,FULL,0
2026-09-10T08:26:13,2026-09-10T08:20,20391,百合ヶ丘店,残1席,1,AVAILABLE,1
2026-09-10T08:26:13,2026-09-10T08:20,20332,横浜北山田店,残10席以上,1,AVAILABLE,10
2026-09-10T08:33:59,2026-09-10T08:30,20903,調布南口店,残3席,1,AVAILABLE,3
2026-09-10T08:33:59,2026-09-10T08:30,20895,登戸駅前店,満席,4,FULL,0
2026-09-10T08:33:59,2026-09-10T08:30,20391,百合ヶ丘店,残1席,1,AVAILABLE,1
2026-09-10T08:33:59,2026-09-10T08:30,20332,横浜北山田店,残10席以上,1,AVAILABLE,10
2026-09-10T08:43:06,2026-09-10T08:40,20903,調布南口店,残3席,1,AVAILABLE,3
2026-09-10T08:43:06,2026-09-10T08:40,20895,登戸駅前店,満席,4,FULL,0
2026-09-10T08:43:06,2026-09-10T08:40,20391,百合ヶ丘店,残1席,1,AVAILABLE,1
2026-09-10T08:43:06,2026-09-10T08:40,20332,横浜北山田店,残10席以上,1,AVAILABLE,10
2026-09-10T08:51:11,2026-09-10T08:40,20903,調布南口店,残3席,1,AVAILABLE,3
2026-09-10T08:51:11,2026-09-10T08:40,20895,登戸駅前店,満席,4,FULL,0
2026-09-10T08:51:11,2026-09-10T08:40,20391,百合ヶ丘店,残1席,1,AVAILABLE,1
2026-09-10T08:51:11,2026-09-10T08:40,20332,横浜北山田店,残10席以上,1,AVAILABLE,10
2026-09-10T09:00:55,2026-09-10T08:50,20903,調布南口店,残3席,1,AVAILABLE,3
2026-09-10T09:00:55,2026-09-10T08:50,20895,登戸駅前店,残1席,1,AVAILABLE,1
2026-09-10T09:00:55,2026-09-10T08:50,20391,百合ヶ丘店,残1席,1,AVAILABLE,1
2026-09-10T09:00:55,2026-09-10T08:50,20332,横浜北山田店,残10席以上,1,AVAILABLE,10
2026-09-10T09:25:08,2026-09-10T09:20,20903,調布南口店,残3席,1,AVAILABLE,3
2026-09-10T09:25:08,2026-09-10T09:20,20895,登戸駅前店,残1席,1,AVAILABLE,1
2026-09-10T09:25:08,2026-09-10T09:20,20391,百合ヶ丘店,残1席,1,AVAILABLE,1
2026-09-10T09:25:08,2026-09-10T09:20,20332,横浜北山田店,残10席以上,1,AVAILABLE,10
2026-09-10T09:39:48,2026-09-10T09:30,20903,調布南口店,残3席,1,AVAILABLE,3
2026-09-10T09:39:48,2026-09-10T09:30,20895,登戸駅前店,残2席,1,AVAILABLE,2
2026-09-10T09:39:48,2026-09-10T09:30,20391,百合ヶ丘店,残1席,1,AVAILABLE,1
2026-09-10T09:39:48,2026-09-10T09:30,20332,横浜北山田店,残10席以上,1,AVAILABLE,10
2026-09-10T09:51:38,2026-09-10T09:40,20903,調布南口店,残3席,1,AVAILABLE,3
2026-09-10T09:51:38,2026-09-10T09:40,20895,登戸駅前店,残2席,1,AVAILABLE,2
2026-09-10T09:51:38,2026-09-10T09:40,20391,百合ヶ丘店,残1席,1,AVAILABLE,1
2026-09-10T09:51:38,2026-09-10T09:40,20332,横浜北山田店,残10席以上,1,AVAILABLE,10
2026-09-10T10:01:40,2026-09-10T09:50,20903,調布南口店,残3席,1,AVAILABLE,3
2026-09-10T10:01:40,2026-09-10T09:50,20895,登戸駅前店,残2席,1,AVAILABLE,2
2026-09-10T10:01:40,2026-09-10T09:50,20391,百合ヶ丘店,残1席,1,AVAILABLE,1
2026-09-10T10:01:40,2026-09-10T09:50,20332,横浜北山田店,残10席以上,1,AVAILABLE,10
2026-09-10T10:18:01,2026-09-10T10:10,20903,調布南口店,残3席,1,AVAILABLE,3
2026-09-10T10:18:01,2026-09-10T10:10,20895,登戸駅前店,残2席,1,AVAILABLE,2
2026-09-10T10:18:01,2026-09-10T10:10,20391,百合ヶ丘店,残1席,1,AVAILABLE,1
2026-09-10T10:18:01,2026-09-10T10:10,20332,横浜北山田店,残8席,1,AVAILABLE,8
2026-09-10T10:28:12,2026-09-10T10:20,20903,調布南口店,残2席,1,AVAILABLE,2
2026-09-10T10:28:12,2026-09-10T10:20,20895,登戸駅前店,残3席,1,AVAILABLE,3
2026-09-10T10:28:12,2026-09-10T10:20,20391,百合ヶ丘店,残2席,1,AVAILABLE,2
2026-09-10T10:28:12,2026-09-10T10:20,20332,横浜北山田店,残8席,1,AVAILABLE,8
2026-09-10T10:38:09,2026-09-10T10:30,20903,調布南口店,残2席,1,AVAILABLE,2
2026-09-10T10:38:09,2026-09-10T10:30,20895,登戸駅前店,残3席,1,AVAILABLE,3
2026-09-10T10:38:09,2026-09-10T10:30,20391,百合ヶ丘店,残2席,1,AVAILABLE,2
2026-09-10T10:38:09,2026-09-10T10:30,20332,横浜北山田店,残8席,1,AVAILABLE,8
2026-09-10T10:47:51,2026-09-10T10:40,20903,調布南口店,残3席,1,AVAILABLE,3
2026-09-10T10:47:51,2026-09-10T10:40,20895,登戸駅前店,残2席,1,AVAILABLE,2
2026-09-10T10:47:51,2026-09-10T10:40,20391,百合ヶ丘店,残2席,1,AVAILABLE,2
2026-09-10T10:47:51,2026-09-10T10:40,20332,横浜北山田店,残7席,1,AVAILABLE,7
2026-09-10T10:56:13,2026-09-10T10:50,20903,調布南口店,残3席,1,AVAILABLE,3
2026-09-10T10:56:13,2026-09-10T10:50,20895,登戸駅前店,残2席,1,AVAILABLE,2
2026-09-10T10:56:13,2026-09-10T10:50,20391,百合ヶ丘店,残2席,1,AVAILABLE,2
2026-09-10T10:56:13,2026-09-10T10:50,20332,横浜北山田店,残6席,1,AVAILABLE,6
2026-09-10T11:03:15,2026-09-10T11:00,20903,調布南口店,残3席,1,AVAILABLE,3
2026-09-10T11:03:15,2026-09-10T11:00,20895,登戸駅前店,残1席,1,AVAILABLE,1
2026-09-10T11:03:15,2026-09-10T11:00,20391,百合ヶ丘店,残3席,1,AVAILABLE,3
2026-09-10T11:03:15,2026-09-10T11:00,20332,横浜北山田店,残6席,1,AVAILABLE,6
2026-09-10T11:19:23,2026-09-10T11:10,20903,調布南口店,残3席,1,AVAILABLE,3
2026-09-10T11:19:23,2026-09-10T11:10,20895,登戸駅前店,満席,4,FULL,0
2026-09-10T11:19:23,2026-09-10T11:10,20391,百合ヶ丘店,残3席,1,AVAILABLE,3
2026-09-10T11:19:23,2026-09-10T11:10,20332,横浜北山田店,残5席,1,AVAILABLE,5
2026-09-10T11:31:20,2026-09-10T11:20,20903,調布南口店,残3席,1,AVAILABLE,3
2026-09-10T11:31:20,2026-09-10T11:20,20895,登戸駅前店,満席,4,FULL,0
2026-09-10T11:31:20,2026-09-10T11:20,20391,百合ヶ丘店,残3席,1,AVAILABLE,3
2026-09-10T11:31:20,2026-09-10T11:20,20332,横浜北山田店,残5席,1,AVAILABLE,5
2026-09-10T11:45:56,2026-09-10T11:40,20903,調布南口店,残3席,1,AVAILABLE,3
2026-09-10T11:45:56,2026-09-10T11:40,20895,登戸駅前店,残1席,1,AVAILABLE,1
2026-09-10T11:45:56,2026-09-10T11:40,20391,百合ヶ丘店,残3席,1,AVAILABLE,3
2026-09-10T11:45:56,2026-09-10T11:40,20332,横浜北山田店,残6席,1,AVAILABLE,6
2026-09-10T11:54:13,2026-09-10T11:50,20903,調布南口店,残3席,1,AVAILABLE,3
2026-09-10T11:54:13,2026-09-10T11:50,20895,登戸駅前店,満席,4,FULL,0
2026-09-10T11:54:13,2026-09-10T11:50,20391,百合ヶ丘店,残2席,1,AVAILABLE,2
2026-09-10T11:54:13,2026-09-10T11:50,20332,横浜北山田店,残6席,1,AVAILABLE,6
2026-09-10T12:01:04,2026-09-10T11:50,20903,調布南口店,残3席,1,AVAILABLE,3
2026-09-10T12:01:04,2026-09-10T11:50,20895,登戸駅前店,満席,4,FULL,0
2026-09-10T12:01:04,2026-09-10T11:50,20391,百合ヶ丘店,残2席,1,AVAILABLE,2
2026-09-10T12:01:04,2026-09-10T11:50,20332,横浜北山田店,残6席,1,AVAILABLE,6
2026-09-10T12:20:00,2026-09-10T12:10,20903,調布南口店,残3席,1,AVAILABLE,3
2026-09-10T12:20:00,2026-09-10T12:10,20895,登戸駅前店,満席,4,FULL,0
2026-09-10T12:20:00,2026-09-10T12:10,20391,百合ヶ丘店,残1席,1,AVAILABLE,1
2026-09-10T12:20:00,2026-09-10T12:10,20332,横浜北山田店,残5席,1,AVAILABLE,5
2026-09-10T12:32:28,2026-09-10T12:30,20903,調布南口店,残2席,1,AVAILABLE,2
2026-09-10T12:32:28,2026-09-10T12:30,20895,登戸駅前店,残1席,1,AVAILABLE,1
2026-09-10T12:32:28,2026-09-10T12:30,20391,百合ヶ丘店,残1席,1,AVAILABLE,1
2026-09-10T12:32:28,2026-09-10T12:30,20332,横浜北山田店,残7席,1,AVAILABLE,7
2026-09-10T12:45:52,2026-09-10T12:40,20903,調布南口店,残2席,1,AVAILABLE,2
2026-09-10T12:45:52,2026-09-10T12:40,20895,登戸駅前店,残1席,1,AVAILABLE,1
2026-09-10T12:45:52,2026-09-10T12:40,20391,百合ヶ丘店,残1席,1,AVAILABLE,1
2026-09-10T12:45:52,2026-09-10T12:40,20332,横浜北山田店,残7席,1,AVAILABLE,7
2026-09-10T12:54:11,2026-09-10T12:50,20903,調布南口店,残2席,1,AVAILABLE,2
2026-09-10T12:54:11,2026-09-10T12:50,20895,登戸駅前店,残1席,1,AVAILABLE,1
2026-09-10T12:54:11,2026-09-10T12:50,20391,百合ヶ丘店,満席,4,FULL,0
2026-09-10T12:54:11,2026-09-10T12:50,20332,横浜北山田店,残7席,1,AVAILABLE,7
2026-09-10T13:00:52,2026-09-10T12:50,20903,調布南口店,残2席,1,AVAILABLE,2
2026-09-10T13:00:52,2026-09-10T12:50,20895,登戸駅前店,残1席,1,AVAILABLE,1
2026-09-10T13:00:52,2026-09-10T12:50,20391,百合ヶ丘店,満席,4,FULL,0
2026-09-10T13:00:52,2026-09-10T12:50,20332,横浜北山田店,残7席,1,AVAILABLE,7
2026-09-10T13:19:37,2026-09-10T13:10,20903,調布南口店,残2席,1,AVAILABLE,2
2026-09-10T13:19:37,2026-09-10T13:10,20895,登戸駅前店,残2席,1,AVAILABLE,2
2026-09-10T13:19:37,2026-09-10T13:10,20391,百合ヶ丘店,残1席,1,AVAILABLE,1
2026-09-10T13:19:37,2026-09-10T13:10,20332,横浜北山田店,残7席,1,AVAILABLE,7
2026-09-10T13:31:54,2026-09-10T13:20,20903,調布南口店,残1席,1,AVAILABLE,1
2026-09-10T13:31:54,2026-09-10T13:20,20895,登戸駅前店,残2席,1,AVAILABLE,2
2026-09-10T13:31:54,2026-09-10T13:20,20391,百合ヶ丘店,残1席,1,AVAILABLE,1
2026-09-10T13:31:54,2026-09-10T13:20,20332,横浜北山田店,残6席,1,AVAILABLE,6
2026-09-10T13:46:06,2026-09-10T13:40,20903,調布南口店,残1席,1,AVAILABLE,1
2026-09-10T13:46:06,2026-09-10T13:40,20895,登戸駅前店,残2席,1,AVAILABLE,2
2026-09-10T13:46:06,2026-09-10T13:40,20391,百合ヶ丘店,満席,4,FULL,0
2026-09-10T13:46:06,2026-09-10T13:40,20332,横浜北山田店,残5席,1,AVAILABLE,5
2026-09-10T13:54:22,2026-09-10T13:50,20903,調布南口店,残1席,1,AVAILABLE,1
2026-09-10T13:54:22,2026-09-10T13:50,20895,登戸駅前店,残2席,1,AVAILABLE,2
2026-09-10T13:54:22,2026-09-10T13:50,20391,百合ヶ丘店,満席,4,FULL,0
2026-09-10T13:54:22,2026-09-10T13:50,20332,横浜北山田店,残5席,1,AVAILABLE,5
2026-09-10T14:01:09,2026-09-10T13:50,20903,調布南口店,残1席,1,AVAILABLE,1
2026-09-10T14:01:09,2026-09-10T13:50,20895,登戸駅前店,残2席,1,AVAILABLE,2
2026-09-10T14:01:09,2026-09-10T13:50,20391,百合ヶ丘店,満席,4,FULL,0
2026-09-10T14:01:09,2026-09-10T13:50,20332,横浜北山田店,残5席,1,AVAILABLE,5
2026-09-10T14:18:14,2026-09-10T14:10,20903,調布南口店,残1席,1,AVAILABLE,1
2026-09-10T14:18:14,2026-09-10T14:10,20895,登戸駅前店,残1席,1,AVAILABLE,1
2026-09-10T14:18:14,2026-09-10T14:10,20391,百合ヶ丘店,残1席,1,AVAILABLE,1
2026-09-10T14:18:14,2026-09-10T14:10,20332,横浜北山田店,残3席,1,AVAILABLE,3
2026-09-10T14:29:03,2026-09-10T14:20,20903,調布南口店,残2席,1,AVAILABLE,2
2026-09-10T14:29:03,2026-09-10T14:20,20895,登戸駅前店,満席,4,FULL,0
2026-09-10T14:29:03,2026-09-10T14:20,20391,百合ヶ丘店,残1席,1,AVAILABLE,1
2026-09-10T14:29:03,2026-09-10T14:20,20332,横浜北山田店,残5席,1,AVAILABLE,5
2026-09-10T14:39:26,2026-09-10T14:30,20903,調布南口店,残1席,1,AVAILABLE,1
2026-09-10T14:39:26,2026-09-10T14:30,20895,登戸駅前店,満席,4,FULL,0
2026-09-10T14:39:26,2026-09-10T14:30,20391,百合ヶ丘店,残1席,1,AVAILABLE,1
2026-09-10T14:39:26,2026-09-10T14:30,20332,横浜北山田店,残4席,1,AVAILABLE,4
2026-09-10T14:47:40,2026-09-10T14:40,20903,調布南口店,残1席,1,AVAILABLE,1
2026-09-10T14:47:40,2026-09-10T14:40,20895,登戸駅前店,満席,4,FULL,0
2026-09-10T14:47:40,2026-09-10T14:40,20391,百合ヶ丘店,残2席,1,AVAILABLE,2
2026-09-10T14:47:40,2026-09-10T14:40,20332,横浜北山田店,残6席,1,AVAILABLE,6
2026-09-10T14:54:24,2026-09-10T14:50,20903,調布南口店,残1席,1,AVAILABLE,1
2026-09-10T14:54:24,2026-09-10T14:50,20895,登戸駅前店,満席,4,FULL,0
2026-09-10T14:54:24,2026-09-10T14:50,20391,百合ヶ丘店,残2席,1,AVAILABLE,2
2026-09-10T14:54:24,2026-09-10T14:50,20332,横浜北山田店,残6席,1,AVAILABLE,6
2026-09-10T15:01:09,2026-09-10T14:50,20903,調布南口店,残1席,1,AVAILABLE,1
2026-09-10T15:01:09,2026-09-10T14:50,20895,登戸駅前店,満席,4,FULL,0
2026-09-10T15:01:09,2026-09-10T14:50,20391,百合ヶ丘店,残2席,1,AVAILABLE,2
2026-09-10T15:01:09,2026-09-10T14:50,20332,横浜北山田店,残6席,1,AVAILABLE,6
2026-09-10T15:25:19,2026-09-10T15:20,20903,調布南口店,残1席,1,AVAILABLE,1
2026-09-10T15:25:19,2026-09-10T15:20,20895,登戸駅前店,満席,4,FULL,0
2026-09-10T15:25:19,2026-09-10T15:20,20391,百合ヶ丘店,満席,4,FULL,0
2026-09-10T15:25:19,2026-09-10T15:20,20332,横浜北山田店,残1席,1,AVAILABLE,1
2026-09-10T15:40:01,2026-09-10T15:30,20903,調布南口店,満席,4,FULL,0
2026-09-10T15:40:01,2026-09-10T15:30,20895,登戸駅前店,満席,4,FULL,0
2026-09-10T15:40:01,2026-09-10T15:30,20391,百合ヶ丘店,満席,4,FULL,0
2026-09-10T15:40:01,2026-09-10T15:30,20332,横浜北山田店,残4席,1,AVAILABLE,4
2026-09-10T15:52:38,2026-09-10T15:50,20903,調布南口店,残1席,1,AVAILABLE,1
2026-09-10T15:52:38,2026-09-10T15:50,20895,登戸駅前店,満席,4,FULL,0
2026-09-10T15:52:38,2026-09-10T15:50,20391,百合ヶ丘店,満席,4,FULL,0
2026-09-10T15:52:38,2026-09-10T15:50,20332,横浜北山田店,残4席,1,AVAILABLE,4
2026-09-10T16:02:50,2026-09-10T16:00,20903,調布南口店,残1席,1,AVAILABLE,1
2026-09-10T16:02:50,2026-09-10T16:00,20895,登戸駅前店,満席,4,FULL,0
2026-09-10T16:02:50,2026-09-10T16:00,20391,百合ヶ丘店,満席,4,FULL,0
2026-09-10T16:02:50,2026-09-10T16:00,20332,横浜北山田店,残4席,1,AVAILABLE,4
2026-09-10T16:21:04,2026-09-10T16:10,20903,調布南口店,残2席,1,AVAILABLE,2
2026-09-10T16:21:04,2026-09-10T16:10,20895,登戸駅前店,残1席,1,AVAILABLE,1
2026-09-10T16:21:04,2026-09-10T16:10,20391,百合ヶ丘店,満席,4,FULL,0
2026-09-10T16:21:04,2026-09-10T16:10,20332,横浜北山田店,残4席,1,AVAILABLE,4
2026-09-10T16:35:37,2026-09-10T16:30,20903,調布南口店,残2席,1,AVAILABLE,2
2026-09-10T16:35:37,2026-09-10T16:30,20895,登戸駅前店,満席,4,FULL,0
2026-09-10T16:35:37,2026-09-10T16:30,20391,百合ヶ丘店,満席,4,FULL,0
2026-09-10T16:35:37,2026-09-10T16:30,20332,横浜北山田店,残2席,1,AVAILABLE,2
2026-09-10T16:46:39,2026-09-10T16:40,20903,調布南口店,残3席,1,AVAILABLE,3
2026-09-10T16:46:39,2026-09-10T16:40,20895,登戸駅前店,満席,4,FULL,0
2026-09-10T16:46:39,2026-09-10T16:40,20391,百合ヶ丘店,満席,4,FULL,0
2026-09-10T16:46:39,2026-09-10T16:40,20332,横浜北山田店,残3席,1,AVAILABLE,3
2026-09-10T16:55:11,2026-09-10T16:50,20903,調布南口店,残2席,1,AVAILABLE,2
2026-09-10T16:55:11,2026-09-10T16:50,20895,登戸駅前店,満席,4,FULL,0
2026-09-10T16:55:11,2026-09-10T16:50,20391,百合ヶ丘店,満席,4,FULL,0
2026-09-10T16:55:11,2026-09-10T16:50,20332,横浜北山田店,残3席,1,AVAILABLE,3
2026-09-10T17:00:59,2026-09-10T16:50,20903,調布南口店,残2席,1,AVAILABLE,2
2026-09-10T17:00:59,2026-09-10T16:50,20895,登戸駅前店,満席,4,FULL,0
2026-09-10T17:00:59,2026-09-10T16:50,20391,百合ヶ丘店,満席,4,FULL,0
2026-09-10T17:00:59,2026-09-10T16:50,20332,横浜北山田店,残3席,1,AVAILABLE,3
2026-09-10T17:21:07,2026-09-10T17:10,20903,調布南口店,残2席,1,AVAILABLE,2
2026-09-10T17:21:07,2026-09-10T17:10,20895,登戸駅前店,満席,4,FULL,0
2026-09-10T17:21:07,2026-09-10T17:10,20391,百合ヶ丘店,満席,4,FULL,0
2026-09-10T17:21:07,2026-09-10T17:10,20332,横浜北山田店,残3席,1,AVAILABLE,3
2026-09-10T17:36:32,2026-09-10T17:30,20903,調布南口店,残2席,1,AVAILABLE,2
2026-09-10T17:36:32,2026-09-10T17:30,20895,登戸駅前店,満席,4,FULL,0
2026-09-10T17:36:32,2026-09-10T17:30,20391,百合ヶ丘店,満席,4,FULL,0
2026-09-10T17:36:32,2026-09-10T17:30,20332,横浜北山田店,残6席,1,AVAILABLE,6
2026-09-10T17:47:42,2026-09-10T17:40,20903,調布南口店,残2席,1,AVAILABLE,2
2026-09-10T17:47:42,2026-09-10T17:40,20895,登戸駅前店,満席,4,FULL,0
2026-09-10T17:47:42,2026-09-10T17:40,20391,百合ヶ丘店,満席,4,FULL,0
2026-09-10T17:47:42,2026-09-10T17:40,20332,横浜北山田店,残5席,1,AVAILABLE,5
2026-09-10T17:56:13,2026-09-10T17:50,20903,調布南口店,残1席,1,AVAILABLE,1
2026-09-10T17:56:13,2026-09-10T17:50,20895,登戸駅前店,満席,4,FULL,0
2026-09-10T17:56:13,2026-09-10T17:50,20391,百合ヶ丘店,満席,4,FULL,0
2026-09-10T17:56:13,2026-09-10T17:50,20332,横浜北山田店,残5席,1,AVAILABLE,5
2026-09-10T18:03:11,2026-09-10T18:00,20903,調布南口店,残1席,1,AVAILABLE,1
2026-09-10T18:03:11,2026-09-10T18:00,20895,登戸駅前店,満席,4,FULL,0
2026-09-10T18:03:11,2026-09-10T18:00,20391,百合ヶ丘店,残1席,1,AVAILABLE,1
2026-09-10T18:03:11,2026-09-10T18:00,20332,横浜北山田店,残9席,1,AVAILABLE,9
2026-09-10T18:19:38,2026-09-10T18:10,20903,調布南口店,残1席,1,AVAILABLE,1
2026-09-10T18:19:38,2026-09-10T18:10,20895,登戸駅前店,満席,4,FULL,0
2026-09-10T18:19:38,2026-09-10T18:10,20391,百合ヶ丘店,残1席,1,AVAILABLE,1
2026-09-10T18:19:38,2026-09-10T18:10,20332,横浜北山田店,残9席,1,AVAILABLE,9
2026-09-10T18:32:17,2026-09-10T18:30,20903,調布南口店,残1席,1,AVAILABLE,1
2026-09-10T18:32:17,2026-09-10T18:30,20895,登戸駅前店,満席,4,FULL,0
2026-09-10T18:32:17,2026-09-10T18:30,20391,百合ヶ丘店,満席,4,FULL,0
2026-09-10T18:32:17,2026-09-10T18:30,20332,横浜北山田店,残9席,1,AVAILABLE,9
2026-09-10T18:46:23,2026-09-10T18:40,20903,調布南口店,満席,4,FULL,0
2026-09-10T18:46:23,2026-09-10T18:40,20895,登戸駅前店,満席,4,FULL,0
2026-09-10T18:46:23,2026-09-10T18:40,20391,百合ヶ丘店,満席,4,FULL,0
2026-09-10T18:46:23,2026-09-10T18:40,20332,横浜北山田店,残9席,1,AVAILABLE,9
2026-09-10T18:54:46,2026-09-10T18:50,20903,調布南口店,満席,4,FULL,0
2026-09-10T18:54:46,2026-09-10T18:50,20895,登戸駅前店,満席,4,FULL,0
2026-09-10T18:54:46,2026-09-10T18:50,20391,百合ヶ丘店,満席,4,FULL,0
2026-09-10T18:54:46,2026-09-10T18:50,20332,横浜北山田店,残8席,1,AVAILABLE,8
2026-09-10T19:00:56,2026-09-10T18:50,20903,調布南口店,満席,4,FULL,0
2026-09-10T19:00:56,2026-09-10T18:50,20895,登戸駅前店,満席,4,FULL,0
2026-09-10T19:00:56,2026-09-10T18:50,20391,百合ヶ丘店,満席,4,FULL,0
2026-09-10T19:00:56,2026-09-10T18:50,20332,横浜北山田店,残8席,1,AVAILABLE,8
2026-09-10T19:19:54,2026-09-10T19:10,20903,調布南口店,満席,4,FULL,0
2026-09-10T19:19:54,2026-09-10T19:10,20895,登戸駅前店,満席,4,FULL,0
2026-09-10T19:19:54,2026-09-10T19:10,20391,百合ヶ丘店,満席,4,FULL,0
2026-09-10T19:19:54,2026-09-10T19:10,20332,横浜北山田店,残5席,1,AVAILABLE,5
2026-09-10T19:32:20,2026-09-10T19:30,20903,調布南口店,満席,4,FULL,0
2026-09-10T19:32:20,2026-09-10T19:30,20895,登戸駅前店,満席,4,FULL,0
2026-09-10T19:32:20,2026-09-10T19:30,20391,百合ヶ丘店,満席,4,FULL,0
2026-09-10T19:32:20,2026-09-10T19:30,20332,横浜北山田店,残4席,1,AVAILABLE,4
2026-09-10T19:45:41,2026-09-10T19:40,20903,調布南口店,満席,4,FULL,0
2026-09-10T19:45:41,2026-09-10T19:40,20895,登戸駅前店,満席,4,FULL,0
2026-09-10T19:45:41,2026-09-10T19:40,20391,百合ヶ丘店,満席,4,FULL,0
2026-09-10T19:45:41,2026-09-10T19:40,20332,横浜北山田店,満席,4,FULL,0
2026-09-10T19:53:35,2026-09-10T19:50,20903,調布南口店,満席,4,FULL,0
2026-09-10T19:53:35,2026-09-10T19:50,20895,登戸駅前店,満席,4,FULL,0
2026-09-10T19:53:35,2026-09-10T19:50,20391,百合ヶ丘店,残1席,1,AVAILABLE,1
2026-09-10T19:53:35,2026-09-10T19:50,20332,横浜北山田店,残1席,1,AVAILABLE,1
2026-09-10T20:01:11,2026-09-10T19:50,20903,調布南口店,満席,4,FULL,0
2026-09-10T20:01:11,2026-09-10T19:50,20895,登戸駅前店,満席,4,FULL,0
2026-09-10T20:01:11,2026-09-10T19:50,20391,百合ヶ丘店,残1席,1,AVAILABLE,1
2026-09-10T20:01:11,2026-09-10T19:50,20332,横浜北山田店,残1席,1,AVAILABLE,1
2026-09-10T20:18:41,2026-09-10T20:10,20903,調布南口店,満席,4,FULL,0
2026-09-10T20:18:41,2026-09-10T20:10,20895,登戸駅前店,満席,4,FULL,0
2026-09-10T20:18:41,2026-09-10T20:10,20391,百合ヶ丘店,満席,4,FULL,0
2026-09-10T20:18:41,2026-09-10T20:10,20332,横浜北山田店,残1席,1,AVAILABLE,1
2026-09-10T20:30:14,2026-09-10T20:20,20903,調布南口店,残1席,1,AVAILABLE,1
2026-09-10T20:30:14,2026-09-10T20:20,20895,登戸駅前店,満席,4,FULL,0
2026-09-10T20:30:14,2026-09-10T20:20,20391,百合ヶ丘店,満席,4,FULL,0
2026-09-10T20:30:14,2026-09-10T20:20,20332,横浜北山田店,残1席,1,AVAILABLE,1
2026-09-10T20:45:12,2026-09-10T20:40,20903,調布南口店,残1席,1,AVAILABLE,1
2026-09-10T20:45:12,2026-09-10T20:40,20895,登戸駅前店,満席,4,FULL,0
2026-09-10T20:45:12,2026-09-10T20:40,20391,百合ヶ丘店,満席,4,FULL,0
2026-09-10T20:45:12,2026-09-10T20:40,20332,横浜北山田店,残2席,1,AVAILABLE,2
2026-09-10T20:52:36,2026-09-10T20:50,20903,調布南口店,残1席,1,AVAILABLE,1
2026-09-10T20:52:36,2026-09-10T20:50,20895,登戸駅前店,満席,4,FULL,0
2026-09-10T20:52:36,2026-09-10T20:50,20391,百合ヶ丘店,満席,4,FULL,0
2026-09-10T20:52:36,2026-09-10T20:50,20332,横浜北山田店,残2席,1,AVAILABLE,2
2026-09-10T21:01:23,2026-09-10T20:50,20903,調布南口店,残1席,1,AVAILABLE,1
2026-09-10T21:01:23,2026-09-10T20:50,20895,登戸駅前店,満席,4,FULL,0
2026-09-10T21:01:23,2026-09-10T20:50,20391,百合ヶ丘店,満席,4,FULL,0
2026-09-10T21:01:23,2026-09-10T20:50,20332,横浜北山田店,残2席,1,AVAILABLE,2
2026-09-10T21:24:55,2026-09-10T21:20,20903,調布南口店,満席,4,FULL,0
2026-09-10T21:24:55,2026-09-10T21:20,20895,登戸駅前店,満席,4,FULL,0
2026-09-10T21:24:55,2026-09-10T21:20,20391,百合ヶ丘店,満席,4,FULL,0
2026-09-10T21:24:55,2026-09-10T21:20,20332,横浜北山田店,満席,4,FULL,0
2026-09-10T21:40:44,2026-09-10T21:30,20903,調布南口店,満席,4,FULL,0
2026-09-10T21:40:44,2026-09-10T21:30,20895,登戸駅前店,満席,4,FULL,0
2026-09-10T21:40:44,2026-09-10T21:30,20391,百合ヶ丘店,満席,4,FULL,0
2026-09-10T21:40:44,2026-09-10T21:30,20332,横浜北山田店,残2席,1,AVAILABLE,2
2026-09-10T21:56:46,2026-09-10T21:50,20903,調布南口店,満席,4,FULL,0
2026-09-10T21:56:46,2026-09-10T21:50,20895,登戸駅前店,満席,4,FULL,0
2026-09-10T21:56:46,2026-09-10T21:50,20391,百合ヶ丘店,満席,4,FULL,0
2026-09-10T21:56:46,2026-09-10T21:50,20332,横浜北山田店,残1席,1,AVAILABLE,1
2026-09-10T22:04:34,2026-09-10T22:00,20903,調布南口店,満席,4,FULL,0
2026-09-10T22:04:34,2026-09-10T22:00,20895,登戸駅前店,満席,4,FULL,0
2026-09-10T22:04:34,2026-09-10T22:00,20391,百合ヶ丘店,満席,4,FULL,0
2026-09-10T22:04:34,2026-09-10T22:00,20332,横浜北山田店,残3席,1,AVAILABLE,3
2026-09-10T22:18:56,2026-09-10T22:10,20903,調布南口店,満席,4,FULL,0
2026-09-10T22:18:56,2026-09-10T22:10,20895,登戸駅前店,満席,4,FULL,0
2026-09-10T22:18:56,2026-09-10T22:10,20391,百合ヶ丘店,残1席,1,AVAILABLE,1
2026-09-10T22:18:56,2026-09-10T22:10,20332,横浜北山田店,残4席,1,AVAILABLE,4
2026-09-10T22:29:46,2026-09-10T22:20,20903,調布南口店,残1席,1,AVAILABLE,1
2026-09-10T22:29:46,2026-09-10T22:20,20895,登戸駅前店,満席,4,FULL,0
2026-09-10T22:29:46,2026-09-10T22:20,20391,百合ヶ丘店,満席,4,FULL,0
2026-09-10T22:29:46,2026-09-10T22:20,20332,横浜北山田店,残4席,1,AVAILABLE,4
2026-09-10T22:41:05,2026-09-10T22:30,20903,調布南口店,残1席,1,AVAILABLE,1
2026-09-10T22:41:05,2026-09-10T22:30,20895,登戸駅前店,残2席,1,AVAILABLE,2
2026-09-10T22:41:05,2026-09-10T22:30,20391,百合ヶ丘店,満席,4,FULL,0
2026-09-10T22:41:05,2026-09-10T22:30,20332,横浜北山田店,残4席,1,AVAILABLE,4
2026-09-10T22:53:39,2026-09-10T22:50,20903,調布南口店,残1席,1,AVAILABLE,1
2026-09-10T22:53:39,2026-09-10T22:50,20895,登戸駅前店,残1席,1,AVAILABLE,1
2026-09-10T22:53:39,2026-09-10T22:50,20391,百合ヶ丘店,満席,4,FULL,0
2026-09-10T22:53:39,2026-09-10T22:50,20332,横浜北山田店,残2席,1,AVAILABLE,2
2026-09-10T23:00:57,2026-09-10T22:50,20903,調布南口店,残1席,1,AVAILABLE,1
2026-09-10T23:00:57,2026-09-10T22:50,20895,登戸駅前店,残1席,1,AVAILABLE,1
2026-09-10T23:00:57,2026-09-10T22:50,20391,百合ヶ丘店,満席,4,FULL,0
2026-09-10T23:00:57,2026-09-10T22:50,20332,横浜北山田店,残2席,1,AVAILABLE,2
2026-09-10T23:18:35,2026-09-10T23:10,20903,調布南口店,残2席,1,AVAILABLE,2
2026-09-10T23:18:35,2026-09-10T23:10,20895,登戸駅前店,満席,4,FULL,0
2026-09-10T23:18:35,2026-09-10T23:10,20391,百合ヶ丘店,満席,4,FULL,0
2026-09-10T23:18:35,2026-09-10T23:10,20332,横浜北山田店,残6席,1,AVAILABLE,6
2026-09-10T23:30:36,2026-09-10T23:20,20903,調布南口店,残1席,1,AVAILABLE,1
2026-09-10T23:30:36,2026-09-10T23:20,20895,登戸駅前店,満席,4,FULL,0
2026-09-10T23:30:36,2026-09-10T23:20,20391,百合ヶ丘店,残1席,1,AVAILABLE,1
2026-09-10T23:30:36,2026-09-10T23:20,20332,横浜北山田店,残5席,1,AVAILABLE,5
2026-09-10T23:47:26,2026-09-10T23:40,20903,調布南口店,残1席,1,AVAILABLE,1
2026-09-10T23:47:26,2026-09-10T23:40,20895,登戸駅前店,満席,4,FULL,0
2026-09-10T23:47:26,2026-09-10T23:40,20391,百合ヶ丘店,残1席,1,AVAILABLE,1
2026-09-10T23:47:26,2026-09-10T23:40,20332,横浜北山田店,残5席,1,AVAILABLE,5
2026-09-10T23:56:31,2026-09-10T23:50,20903,調布南口店,残2席,1,AVAILABLE,2
2026-09-10T23:56:31,2026-09-10T23:50,20895,登戸駅前店,満席,4,FULL,0
2026-09-10T23:56:31,2026-09-10T23:50,20391,百合ヶ丘店,残1席,1,AVAILABLE,1
2026-09-10T23:56:31,2026-09-10T23:50,20332,横浜北山田店,残5席,1,AVAILABLE,5
2026-09-11T00:03:42,2026-09-11T00:00,20903,調布南口店,残1席,1,AVAILABLE,1
2026-09-11T00:03:42,2026-09-11T00:00,20895,登戸駅前店,満席,4,FULL,0
2026-09-11T00:03:42,2026-09-11T00:00,20391,百合ヶ丘店,満席,4,FULL,0
2026-09-11T00:03:42,2026-09-11T00:00,20332,横浜北山田店,残4席,1,AVAILABLE,4
2026-09-11T00:19:42,2026-09-11T00:10,20903,調布南口店,残1席,1,AVAILABLE,1
2026-09-11T00:19:42,2026-09-11T00:10,20895,登戸駅前店,満席,4,FULL,0
2026-09-11T00:19:42,2026-09-11T00:10,20391,百合ヶ丘店,満席,4,FULL,0
2026-09-11T00:19:42,2026-09-11T00:10,20332,横浜北山田店,残5席,1,AVAILABLE,5
2026-09-11T00:31:56,2026-09-11T00:20,20903,調布南口店,残1席,1,AVAILABLE,1
2026-09-11T00:31:56,2026-09-11T00:20,20895,登戸駅前店,満席,4,FULL,0
2026-09-11T00:31:56,2026-09-11T00:20,20391,百合ヶ丘店,満席,4,FULL,0
2026-09-11T00:31:56,2026-09-11T00:20,20332,横浜北山田店,残6席,1,AVAILABLE,6
2026-09-11T00:45:33,2026-09-11T00:40,20903,調布南口店,満席,4,FULL,0
2026-09-11T00:45:33,2026-09-11T00:40,20895,登戸駅前店,満席,4,FULL,0
2026-09-11T00:45:33,2026-09-11T00:40,20391,百合ヶ丘店,満席,4,FULL,0
2026-09-11T00:45:33,2026-09-11T00:40,20332,横浜北山田店,残5席,1,AVAILABLE,5
2026-09-11T00:52:56,2026-09-11T00:50,20903,調布南口店,満席,4,FULL,0
2026-09-11T00:52:56,2026-09-11T00:50,20895,登戸駅前店,満席,4,FULL,0
2026-09-11T00:52:56,2026-09-11T00:50,20391,百合ヶ丘店,満席,4,FULL,0
2026-09-11T00:52:56,2026-09-11T00:50,20332,横浜北山田店,残6席,1,AVAILABLE,6
2026-09-11T01:01:09,2026-09-11T00:50,20903,調布南口店,満席,4,FULL,0
2026-09-11T01:01:09,2026-09-11T00:50,20895,登戸駅前店,満席,4,FULL,0
2026-09-11T01:01:09,2026-09-11T00:50,20391,百合ヶ丘店,満席,4,FULL,0
2026-09-11T01:01:09,2026-09-11T00:50,20332,横浜北山田店,残6席,1,AVAILABLE,6
2026-09-11T01:18:51,2026-09-11T01:10,20903,調布南口店,満席,4,FULL,0
2026-09-11T01:18:51,2026-09-11T01:10,20895,登戸駅前店,満席,4,FULL,0
2026-09-11T01:18:51,2026-09-11T01:10,20391,百合ヶ丘店,満席,4,FULL,0
2026-09-11T01:18:51,2026-09-11T01:10,20332,横浜北山田店,残5席,1,AVAILABLE,5
2026-09-11T01:30:07,2026-09-11T01:20,20903,調布南口店,満席,4,FULL,0
2026-09-11T01:30:07,2026-09-11T01:20,20895,登戸駅前店,満席,4,FULL,0
2026-09-11T01:30:07,2026-09-11T01:20,20391,百合ヶ丘店,満席,4,FULL,0
2026-09-11T01:30:07,2026-09-11T01:20,20332,横浜北山田店,残5席,1,AVAILABLE,5
2026-09-11T01:40:51,2026-09-11T01:30,20903,調布南口店,満席,4,FULL,0
2026-09-11T01:40:51,2026-09-11T01:30,20895,登戸駅前店,満席,4,FULL,0
2026-09-11T01:40:51,2026-09-11T01:30,20391,百合ヶ丘店,満席,4,FULL,0
2026-09-11T01:40:51,2026-09-11T01:30,20332,横浜北山田店,残4席,1,AVAILABLE,4
2026-09-11T01:53:02,2026-09-11T01:50,20903,調布南口店,満席,4,FULL,0
2026-09-11T01:53:02,2026-09-11T01:50,20895,登戸駅前店,満席,4,FULL,0
2026-09-11T01:53:02,2026-09-11T01:50,20391,百合ヶ丘店,満席,4,FULL,0
2026-09-11T01:53:02,2026-09-11T01:50,20332,横浜北山田店,残4席,1,AVAILABLE,4
2026-09-11T02:01:09,2026-09-11T01:50,20903,調布南口店,満席,4,FULL,0
2026-09-11T02:01:09,2026-09-11T01:50,20895,登戸駅前店,満席,4,FULL,0
2026-09-11T02:01:09,2026-09-11T01:50,20391,百合ヶ丘店,満席,4,FULL,0
2026-09-11T02:01:09,2026-09-11T01:50,20332,横浜北山田店,残4席,1,AVAILABLE,4
2026-09-11T02:18:00,2026-09-11T02:10,20903,調布南口店,満席,4,FULL,0
2026-09-11T02:18:00,2026-09-11T02:10,20895,登戸駅前店,満席,4,FULL,0
2026-09-11T02:18:00,2026-09-11T02:10,20391,百合ヶ丘店,残2席,1,AVAILABLE,2
2026-09-11T02:18:00,2026-09-11T02:10,20332,横浜北山田店,残3席,1,AVAILABLE,3
2026-09-11T02:27:32,2026-09-11T02:20,20903,調布南口店,満席,4,FULL,0
2026-09-11T02:27:32,2026-09-11T02:20,20895,登戸駅前店,満席,4,FULL,0
2026-09-11T02:27:32,2026-09-11T02:20,20391,百合ヶ丘店,残1席,1,AVAILABLE,1
2026-09-11T02:27:32,2026-09-11T02:20,20332,横浜北山田店,残3席,1,AVAILABLE,3
2026-09-11T02:36:04,2026-09-11T02:30,20903,調布南口店,満席,4,FULL,0
2026-09-11T02:36:04,2026-09-11T02:30,20895,登戸駅前店,満席,4,FULL,0
2026-09-11T02:36:04,2026-09-11T02:30,20391,百合ヶ丘店,残1席,1,AVAILABLE,1
2026-09-11T02:36:04,2026-09-11T02:30,20332,横浜北山田店,残3席,1,AVAILABLE,3
2026-09-11T02:44:10,2026-09-11T02:40,20903,調布南口店,満席,4,FULL,0
2026-09-11T02:44:10,2026-09-11T02:40,20895,登戸駅前店,満席,4,FULL,0
2026-09-11T02:44:10,2026-09-11T02:40,20391,百合ヶ丘店,残1席,1,AVAILABLE,1
2026-09-11T02:44:10,2026-09-11T02:40,20332,横浜北山田店,残3席,1,AVAILABLE,3
2026-09-11T02:52:06,2026-09-11T02:50,20903,調布南口店,満席,4,FULL,0
2026-09-11T02:52:06,2026-09-11T02:50,20895,登戸駅前店,満席,4,FULL,0
2026-09-11T02:52:06,2026-09-11T02:50,20391,百合ヶ丘店,残1席,1,AVAILABLE,1
2026-09-11T02:52:06,2026-09-11T02:50,20332,横浜北山田店,残3席,1,AVAILABLE,3
2026-09-11T03:01:14,2026-09-11T02:50,20903,調布南口店,満席,4,FULL,0
2026-09-11T03:01:14,2026-09-11T02:50,20895,登戸駅前店,満席,4,FULL,0
2026-09-11T03:01:14,2026-09-11T02:50,20391,百合ヶ丘店,残1席,1,AVAILABLE,1
2026-09-11T03:01:14,2026-09-11T02:50,20332,横浜北山田店,残7席,1,AVAILABLE,7
2026-09-11T03:20:48,2026-09-11T03:10,20903,調布南口店,残3席,1,AVAILABLE,3
2026-09-11T03:20:48,2026-09-11T03:10,20895,登戸駅前店,満席,4,FULL,0
2026-09-11T03:20:48,2026-09-11T03:10,20391,百合ヶ丘店,満席,4,FULL,0
2026-09-11T03:20:48,2026-09-11T03:10,20332,横浜北山田店,残6席,1,AVAILABLE,6
2026-09-11T03:36:29,2026-09-11T03:30,20903,調布南口店,残3席,1,AVAILABLE,3
2026-09-11T03:36:29,2026-09-11T03:30,20895,登戸駅前店,満席,4,FULL,0
2026-09-11T03:36:29,2026-09-11T03:30,20391,百合ヶ丘店,満席,4,FULL,0
2026-09-11T03:36:29,2026-09-11T03:30,20332,横浜北山田店,残8席,1,AVAILABLE,8
2026-09-11T03:48:06,2026-09-11T03:40,20903,調布南口店,残3席,1,AVAILABLE,3
2026-09-11T03:48:06,2026-09-11T03:40,20895,登戸駅前店,残1席,1,AVAILABLE,1
2026-09-11T03:48:06,2026-09-11T03:40,20391,百合ヶ丘店,満席,4,FULL,0
2026-09-11T03:48:06,2026-09-11T03:40,20332,横浜北山田店,残8席,1,AVAILABLE,8
2026-09-11T03:56:18,2026-09-11T03:50,20903,調布南口店,残3席,1,AVAILABLE,3
2026-09-11T03:56:18,2026-09-11T03:50,20895,登戸駅前店,残1席,1,AVAILABLE,1
2026-09-11T03:56:18,2026-09-11T03:50,20391,百合ヶ丘店,満席,4,FULL,0
2026-09-11T03:56:18,2026-09-11T03:50,20332,横浜北山田店,残9席,1,AVAILABLE,9
2026-09-11T04:02:48,2026-09-11T04:00,20903,調布南口店,残3席,1,AVAILABLE,3
2026-09-11T04:02:48,2026-09-11T04:00,20895,登戸駅前店,満席,4,FULL,0
2026-09-11T04:02:48,2026-09-11T04:00,20391,百合ヶ丘店,満席,4,FULL,0
2026-09-11T04:02:48,2026-09-11T04:00,20332,横浜北山田店,残9席,1,AVAILABLE,9
2026-09-11T04:15:58,2026-09-11T04:10,20903,調布南口店,残3席,1,AVAILABLE,3
2026-09-11T04:15:58,2026-09-11T04:10,20895,登戸駅前店,満席,4,FULL,0
2026-09-11T04:15:58,2026-09-11T04:10,20391,百合ヶ丘店,満席,4,FULL,0
2026-09-11T04:15:58,2026-09-11T04:10,20332,横浜北山田店,残9席,1,AVAILABLE,9
2026-09-11T04:23:58,2026-09-11T04:20,20903,調布南口店,残3席,1,AVAILABLE,3
2026-09-11T04:23:58,2026-09-11T04:20,20895,登戸駅前店,残1席,1,AVAILABLE,1
2026-09-11T04:23:58,2026-09-11T04:20,20391,百合ヶ丘店,満席,4,FULL,0
2026-09-11T04:23:58,2026-09-11T04:20,20332,横浜北山田店,残8席,1,AVAILABLE,8
2026-09-11T04:31:10,2026-09-11T04:20,20903,調布南口店,残3席,1,AVAILABLE,3
2026-09-11T04:31:10,2026-09-11T04:20,20895,登戸駅前店,残1席,1,AVAILABLE,1
2026-09-11T04:31:10,2026-09-11T04:20,20391,百合ヶ丘店,満席,4,FULL,0
2026-09-11T04:31:10,2026-09-11T04:20,20332,横浜北山田店,残8席,1,AVAILABLE,8
2026-09-11T04:42:53,2026-09-11T04:40,20903,調布南口店,残4席,1,AVAILABLE,4
2026-09-11T04:42:53,2026-09-11T04:40,20895,登戸駅前店,残1席,1,AVAILABLE,1
2026-09-11T04:42:53,2026-09-11T04:40,20391,百合ヶ丘店,満席,4,FULL,0
2026-09-11T04:42:53,2026-09-11T04:40,20332,横浜北山田店,残8席,1,AVAILABLE,8
2026-09-11T04:51:03,2026-09-11T04:40,20903,調布南口店,残4席,1,AVAILABLE,4
2026-09-11T04:51:03,2026-09-11T04:40,20895,登戸駅前店,残1席,1,AVAILABLE,1
2026-09-11T04:51:03,2026-09-11T04:40,20391,百合ヶ丘店,満席,4,FULL,0
2026-09-11T04:51:03,2026-09-11T04:40,20332,横浜北山田店,残8席,1,AVAILABLE,8
2026-09-11T05:00:42,2026-09-11T04:50,20903,調布南口店,残4席,1,AVAILABLE,4
2026-09-11T05:00:42,2026-09-11T04:50,20895,登戸駅前店,残1席,1,AVAILABLE,1
2026-09-11T05:00:42,2026-09-11T04:50,20391,百合ヶ丘店,満席,4,FULL,0
2026-09-11T05:00:42,2026-09-11T04:50,20332,横浜北山田店,残10席以上,1,AVAILABLE,10
2026-09-11T05:17:47,2026-09-11T05:10,20903,調布南口店,残4席,1,AVAILABLE,4
2026-09-11T05:17:47,2026-09-11T05:10,20895,登戸駅前店,残2席,1,AVAILABLE,2
2026-09-11T05:17:47,2026-09-11T05:10,20391,百合ヶ丘店,満席,4,FULL,0
2026-09-11T05:17:47,2026-09-11T05:10,20332,横浜北山田店,残10席以上,1,AVAILABLE,10
2026-09-11T05:27:34,2026-09-11T05:20,20903,調布南口店,残4席,1,AVAILABLE,4
2026-09-11T05:27:34,2026-09-11T05:20,20895,登戸駅前店,残2席,1,AVAILABLE,2
2026-09-11T05:27:34,2026-09-11T05:20,20391,百合ヶ丘店,満席,4,FULL,0
2026-09-11T05:27:34,2026-09-11T05:20,20332,横浜北山田店,残10席以上,1,AVAILABLE,10
2026-09-11T05:37:01,2026-09-11T05:30,20903,調布南口店,残4席,1,AVAILABLE,4
2026-09-11T05:37:01,2026-09-11T05:30,20895,登戸駅前店,残2席,1,AVAILABLE,2
2026-09-11T05:37:01,2026-09-11T05:30,20391,百合ヶ丘店,満席,4,FULL,0
2026-09-11T05:37:01,2026-09-11T05:30,20332,横浜北山田店,残10席以上,1,AVAILABLE,10
2026-09-11T05:45:26,2026-09-11T05:40,20903,調布南口店,残3席,1,AVAILABLE,3
2026-09-11T05:45:26,2026-09-11T05:40,20895,登戸駅前店,残3席,1,AVAILABLE,3
2026-09-11T05:45:26,2026-09-11T05:40,20391,百合ヶ丘店,満席,4,FULL,0
2026-09-11T05:45:26,2026-09-11T05:40,20332,横浜北山田店,残10席以上,1,AVAILABLE,10
2026-09-11T05:52:21,2026-09-11T05:50,20903,調布南口店,残3席,1,AVAILABLE,3
2026-09-11T05:52:21,2026-09-11T05:50,20895,登戸駅前店,残3席,1,AVAILABLE,3
2026-09-11T05:52:21,2026-09-11T05:50,20391,百合ヶ丘店,満席,4,FULL,0
2026-09-11T05:52:21,2026-09-11T05:50,20332,横浜北山田店,残10席以上,1,AVAILABLE,10
2026-09-11T06:00:55,2026-09-11T05:50,20903,調布南口店,残3席,1,AVAILABLE,3
2026-09-11T06:00:55,2026-09-11T05:50,20895,登戸駅前店,残3席,1,AVAILABLE,3
2026-09-11T06:00:55,2026-09-11T05:50,20391,百合ヶ丘店,満席,4,FULL,0
2026-09-11T06:00:55,2026-09-11T05:50,20332,横浜北山田店,残10席以上,1,AVAILABLE,10
2026-09-11T06:16:38,2026-09-11T06:10,20903,調布南口店,残3席,1,AVAILABLE,3
2026-09-11T06:16:38,2026-09-11T06:10,20895,登戸駅前店,残2席,1,AVAILABLE,2
2026-09-11T06:16:38,2026-09-11T06:10,20391,百合ヶ丘店,満席,4,FULL,0
2026-09-11T06:16:38,2026-09-11T06:10,20332,横浜北山田店,残10席以上,1,AVAILABLE,10
2026-09-11T06:25:48,2026-09-11T06:20,20903,調布南口店,残3席,1,AVAILABLE,3
2026-09-11T06:25:48,2026-09-11T06:20,20895,登戸駅前店,残2席,1,AVAILABLE,2
2026-09-11T06:25:48,2026-09-11T06:20,20391,百合ヶ丘店,残1席,1,AVAILABLE,1
2026-09-11T06:25:48,2026-09-11T06:20,20332,横浜北山田店,残10席以上,1,AVAILABLE,10
2026-09-11T06:33:16,2026-09-11T06:30,20903,調布南口店,残3席,1,AVAILABLE,3
2026-09-11T06:33:16,2026-09-11T06:30,20895,登戸駅前店,残2席,1,AVAILABLE,2
2026-09-11T06:33:16,2026-09-11T06:30,20391,百合ヶ丘店,残1席,1,AVAILABLE,1
2026-09-11T06:33:16,2026-09-11T06:30,20332,横浜北山田店,残10席以上,1,AVAILABLE,10
2026-09-11T06:43:36,2026-09-11T06:40,20903,調布南口店,残3席,1,AVAILABLE,3
2026-09-11T06:43:36,2026-09-11T06:40,20895,登戸駅前店,残2席,1,AVAILABLE,2
2026-09-11T06:43:36,2026-09-11T06:40,20391,百合ヶ丘店,残1席,1,AVAILABLE,1
2026-09-11T06:43:36,2026-09-11T06:40,20332,横浜北山田店,残10席以上,1,AVAILABLE,10
2026-09-11T06:52:02,2026-09-11T06:50,20903,調布南口店,残3席,1,AVAILABLE,3
2026-09-11T06:52:02,2026-09-11T06:50,20895,登戸駅前店,残2席,1,AVAILABLE,2
2026-09-11T06:52:02,2026-09-11T06:50,20391,百合ヶ丘店,残1席,1,AVAILABLE,1
2026-09-11T06:52:02,2026-09-11T06:50,20332,横浜北山田店,残10席以上,1,AVAILABLE,10
2026-09-11T07:00:45,2026-09-11T06:50,20903,調布南口店,残2席,1,AVAILABLE,2
2026-09-11T07:00:45,2026-09-11T06:50,20895,登戸駅前店,残2席,1,AVAILABLE,2
2026-09-11T07:00:45,2026-09-11T06:50,20391,百合ヶ丘店,残1席,1,AVAILABLE,1
2026-09-11T07:00:45,2026-09-11T06:50,20332,横浜北山田店,残10席以上,1,AVAILABLE,10
2026-09-11T07:17:00,2026-09-11T07:10,20903,調布南口店,残2席,1,AVAILABLE,2
2026-09-11T07:17:00,2026-09-11T07:10,20895,登戸駅前店,残2席,1,AVAILABLE,2
2026-09-11T07:17:00,2026-09-11T07:10,20391,百合ヶ丘店,残1席,1,AVAILABLE,1
2026-09-11T07:17:00,2026-09-11T07:10,20332,横浜北山田店,残10席以上,1,AVAILABLE,10
2026-09-11T07:25:45,2026-09-11T07:20,20903,調布南口店,残2席,1,AVAILABLE,2
2026-09-11T07:25:45,2026-09-11T07:20,20895,登戸駅前店,残2席,1,AVAILABLE,2
2026-09-11T07:25:45,2026-09-11T07:20,20391,百合ヶ丘店,残2席,1,AVAILABLE,2
2026-09-11T07:25:45,2026-09-11T07:20,20332,横浜北山田店,残10席以上,1,AVAILABLE,10
2026-09-11T07:33:55,2026-09-11T07:30,20903,調布南口店,残2席,1,AVAILABLE,2
2026-09-11T07:33:55,2026-09-11T07:30,20895,登戸駅前店,残2席,1,AVAILABLE,2
2026-09-11T07:33:55,2026-09-11T07:30,20391,百合ヶ丘店,残2席,1,AVAILABLE,2
2026-09-11T07:33:55,2026-09-11T07:30,20332,横浜北山田店,残10席以上,1,AVAILABLE,10
2026-09-11T07:43:08,2026-09-11T07:40,20903,調布南口店,残2席,1,AVAILABLE,2
2026-09-11T07:43:08,2026-09-11T07:40,20895,登戸駅前店,残2席,1,AVAILABLE,2
2026-09-11T07:43:08,2026-09-11T07:40,20391,百合ヶ丘店,残2席,1,AVAILABLE,2
2026-09-11T07:43:08,2026-09-11T07:40,20332,横浜北山田店,残10席以上,1,AVAILABLE,10
2026-09-11T07:51:06,2026-09-11T07:40,20903,調布南口店,残2席,1,AVAILABLE,2
2026-09-11T07:51:06,2026-09-11T07:40,20895,登戸駅前店,残2席,1,AVAILABLE,2
2026-09-11T07:51:06,2026-09-11T07:40,20391,百合ヶ丘店,残2席,1,AVAILABLE,2
2026-09-11T07:51:06,2026-09-11T07:40,20332,横浜北山田店,残10席以上,1,AVAILABLE,10
2026-09-11T08:00:50,2026-09-11T07:50,20903,調布南口店,残3席,1,AVAILABLE,3
2026-09-11T08:00:50,2026-09-11T07:50,20895,登戸駅前店,残2席,1,AVAILABLE,2
2026-09-11T08:00:50,2026-09-11T07:50,20391,百合ヶ丘店,残1席,1,AVAILABLE,1
2026-09-11T08:00:50,2026-09-11T07:50,20332,横浜北山田店,残10席以上,1,AVAILABLE,10
2026-09-11T08:15:32,2026-09-11T08:10,20903,調布南口店,残4席,1,AVAILABLE,4
2026-09-11T08:15:32,2026-09-11T08:10,20895,登戸駅前店,残2席,1,AVAILABLE,2
2026-09-11T08:15:32,2026-09-11T08:10,20391,百合ヶ丘店,残1席,1,AVAILABLE,1
2026-09-11T08:15:32,2026-09-11T08:10,20332,横浜北山田店,残10席以上,1,AVAILABLE,10
2026-09-11T08:24:02,2026-09-11T08:20,20903,調布南口店,残4席,1,AVAILABLE,4
2026-09-11T08:24:02,2026-09-11T08:20,20895,登戸駅前店,残2席,1,AVAILABLE,2
2026-09-11T08:24:02,2026-09-11T08:20,20391,百合ヶ丘店,残1席,1,AVAILABLE,1
2026-09-11T08:24:02,2026-09-11T08:20,20332,横浜北山田店,残10席以上,1,AVAILABLE,10
2026-09-11T08:31:21,2026-09-11T08:20,20903,調布南口店,残4席,1,AVAILABLE,4
2026-09-11T08:31:21,2026-09-11T08:20,20895,登戸駅前店,残2席,1,AVAILABLE,2
2026-09-11T08:31:21,2026-09-11T08:20,20391,百合ヶ丘店,残1席,1,AVAILABLE,1
2026-09-11T08:31:21,2026-09-11T08:20,20332,横浜北山田店,残10席以上,1,AVAILABLE,10
2026-09-11T08:42:07,2026-09-11T08:40,20903,調布南口店,残4席,1,AVAILABLE,4
2026-09-11T08:42:07,2026-09-11T08:40,20895,登戸駅前店,残1席,1,AVAILABLE,1
2026-09-11T08:42:07,2026-09-11T08:40,20391,百合ヶ丘店,残1席,1,AVAILABLE,1
2026-09-11T08:42:07,2026-09-11T08:40,20332,横浜北山田店,残10席以上,1,AVAILABLE,10
2026-09-11T08:50:41,2026-09-11T08:40,20903,調布南口店,残4席,1,AVAILABLE,4
2026-09-11T08:50:41,2026-09-11T08:40,20895,登戸駅前店,残1席,1,AVAILABLE,1
2026-09-11T08:50:41,2026-09-11T08:40,20391,百合ヶ丘店,残1席,1,AVAILABLE,1
2026-09-11T08:50:41,2026-09-11T08:40,20332,横浜北山田店,残10席以上,1,AVAILABLE,10
2026-09-11T09:01:04,2026-09-11T08:50,20903,調布南口店,残4席,1,AVAILABLE,4
2026-09-11T09:01:04,2026-09-11T08:50,20895,登戸駅前店,残1席,1,AVAILABLE,1
2026-09-11T09:01:04,2026-09-11T08:50,20391,百合ヶ丘店,残1席,1,AVAILABLE,1
2026-09-11T09:01:04,2026-09-11T08:50,20332,横浜北山田店,残10席以上,1,AVAILABLE,10
2026-09-11T09:26:34,2026-09-11T09:20,20903,調布南口店,残3席,1,AVAILABLE,3
2026-09-11T09:26:34,2026-09-11T09:20,20895,登戸駅前店,満席,4,FULL,0
2026-09-11T09:26:34,2026-09-11T09:20,20391,百合ヶ丘店,残1席,1,AVAILABLE,1
2026-09-11T09:26:34,2026-09-11T09:20,20332,横浜北山田店,残10席以上,1,AVAILABLE,10
2026-09-11T09:40:10,2026-09-11T09:30,20903,調布南口店,残3席,1,AVAILABLE,3
2026-09-11T09:40:10,2026-09-11T09:30,20895,登戸駅前店,満席,4,FULL,0
2026-09-11T09:40:10,2026-09-11T09:30,20391,百合ヶ丘店,残1席,1,AVAILABLE,1
2026-09-11T09:40:10,2026-09-11T09:30,20332,横浜北山田店,残9席,1,AVAILABLE,9
2026-09-11T09:54:25,2026-09-11T09:50,20903,調布南口店,残3席,1,AVAILABLE,3
2026-09-11T09:54:25,2026-09-11T09:50,20895,登戸駅前店,満席,4,FULL,0
2026-09-11T09:54:25,2026-09-11T09:50,20391,百合ヶ丘店,残1席,1,AVAILABLE,1
2026-09-11T09:54:25,2026-09-11T09:50,20332,横浜北山田店,残9席,1,AVAILABLE,9
2026-09-11T10:01:37,2026-09-11T09:50,20903,調布南口店,残3席,1,AVAILABLE,3
2026-09-11T10:01:37,2026-09-11T09:50,20895,登戸駅前店,満席,4,FULL,0
2026-09-11T10:01:37,2026-09-11T09:50,20391,百合ヶ丘店,残1席,1,AVAILABLE,1
2026-09-11T10:01:37,2026-09-11T09:50,20332,横浜北山田店,残9席,1,AVAILABLE,9
2026-09-11T10:17:36,2026-09-11T10:10,20903,調布南口店,残3席,1,AVAILABLE,3
2026-09-11T10:17:36,2026-09-11T10:10,20895,登戸駅前店,満席,4,FULL,0
2026-09-11T10:17:36,2026-09-11T10:10,20391,百合ヶ丘店,満席,4,FULL,0
2026-09-11T10:17:36,2026-09-11T10:10,20332,横浜北山田店,残8席,1,AVAILABLE,8
2026-09-11T10:27:46,2026-09-11T10:20,20903,調布南口店,残3席,1,AVAILABLE,3
2026-09-11T10:27:46,2026-09-11T10:20,20895,登戸駅前店,満席,4,FULL,0
2026-09-11T10:27:46,2026-09-11T10:20,20391,百合ヶ丘店,満席,4,FULL,0
2026-09-11T10:27:46,2026-09-11T10:20,20332,横浜北山田店,残7席,1,AVAILABLE,7
2026-09-11T10:37:00,2026-09-11T10:30,20903,調布南口店,残3席,1,AVAILABLE,3
2026-09-11T10:37:00,2026-09-11T10:30,20895,登戸駅前店,満席,4,FULL,0
2026-09-11T10:37:00,2026-09-11T10:30,20391,百合ヶ丘店,残1席,1,AVAILABLE,1
2026-09-11T10:37:00,2026-09-11T10:30,20332,横浜北山田店,残7席,1,AVAILABLE,7
2026-09-11T10:46:16,2026-09-11T10:40,20903,調布南口店,残3席,1,AVAILABLE,3
2026-09-11T10:46:16,2026-09-11T10:40,20895,登戸駅前店,満席,4,FULL,0
2026-09-11T10:46:16,2026-09-11T10:40,20391,百合ヶ丘店,残1席,1,AVAILABLE,1
2026-09-11T10:46:16,2026-09-11T10:40,20332,横浜北山田店,残7席,1,AVAILABLE,7
2026-09-11T10:53:53,2026-09-11T10:50,20903,調布南口店,残2席,1,AVAILABLE,2
2026-09-11T10:53:53,2026-09-11T10:50,20895,登戸駅前店,残1席,1,AVAILABLE,1
2026-09-11T10:53:53,2026-09-11T10:50,20391,百合ヶ丘店,残1席,1,AVAILABLE,1
2026-09-11T10:53:53,2026-09-11T10:50,20332,横浜北山田店,残7席,1,AVAILABLE,7
2026-09-11T11:01:08,2026-09-11T10:50,20903,調布南口店,残2席,1,AVAILABLE,2
2026-09-11T11:01:08,2026-09-11T10:50,20895,登戸駅前店,残1席,1,AVAILABLE,1
2026-09-11T11:01:08,2026-09-11T10:50,20391,百合ヶ丘店,残1席,1,AVAILABLE,1
2026-09-11T11:01:08,2026-09-11T10:50,20332,横浜北山田店,残7席,1,AVAILABLE,7
2026-09-11T11:19:05,2026-09-11T11:10,20903,調布南口店,残2席,1,AVAILABLE,2
2026-09-11T11:19:05,2026-09-11T11:10,20895,登戸駅前店,残1席,1,AVAILABLE,1
2026-09-11T11:19:05,2026-09-11T11:10,20391,百合ヶ丘店,残1席,1,AVAILABLE,1
2026-09-11T11:19:05,2026-09-11T11:10,20332,横浜北山田店,残7席,1,AVAILABLE,7
2026-09-11T11:30:37,2026-09-11T11:20,20903,調布南口店,残2席,1,AVAILABLE,2
2026-09-11T11:30:37,2026-09-11T11:20,20895,登戸駅前店,残1席,1,AVAILABLE,1
2026-09-11T11:30:37,2026-09-11T11:20,20391,百合ヶ丘店,残1席,1,AVAILABLE,1
2026-09-11T11:30:37,2026-09-11T11:20,20332,横浜北山田店,残7席,1,AVAILABLE,7
2026-09-11T11:45:39,2026-09-11T11:40,20903,調布南口店,残1席,1,AVAILABLE,1
2026-09-11T11:45:39,2026-09-11T11:40,20895,登戸駅前店,満席,4,FULL,0
2026-09-11T11:45:39,2026-09-11T11:40,20391,百合ヶ丘店,残1席,1,AVAILABLE,1
2026-09-11T11:45:39,2026-09-11T11:40,20332,横浜北山田店,残6席,1,AVAILABLE,6
2026-09-11T11:53:28,2026-09-11T11:50,20903,調布南口店,残1席,1,AVAILABLE,1
2026-09-11T11:53:28,2026-09-11T11:50,20895,登戸駅前店,満席,4,FULL,0
2026-09-11T11:53:28,2026-09-11T11:50,20391,百合ヶ丘店,残1席,1,AVAILABLE,1
2026-09-11T11:53:28,2026-09-11T11:50,20332,横浜北山田店,残8席,1,AVAILABLE,8
2026-09-11T12:00:53,2026-09-11T11:50,20903,調布南口店,残1席,1,AVAILABLE,1
2026-09-11T12:00:53,2026-09-11T11:50,20895,登戸駅前店,満席,4,FULL,0
2026-09-11T12:00:53,2026-09-11T11:50,20391,百合ヶ丘店,残1席,1,AVAILABLE,1
2026-09-11T12:00:53,2026-09-11T11:50,20332,横浜北山田店,残8席,1,AVAILABLE,8
2026-09-11T12:19:13,2026-09-11T12:10,20903,調布南口店,残1席,1,AVAILABLE,1
2026-09-11T12:19:13,2026-09-11T12:10,20895,登戸駅前店,満席,4,FULL,0
2026-09-11T12:19:13,2026-09-11T12:10,20391,百合ヶ丘店,残1席,1,AVAILABLE,1
2026-09-11T12:19:13,2026-09-11T12:10,20332,横浜北山田店,残10席以上,1,AVAILABLE,10
2026-09-11T12:31:03,2026-09-11T12:20,20903,調布南口店,残1席,1,AVAILABLE,1
2026-09-11T12:31:03,2026-09-11T12:20,20895,登戸駅前店,満席,4,FULL,0
2026-09-11T12:31:03,2026-09-11T12:20,20391,百合ヶ丘店,残1席,1,AVAILABLE,1
2026-09-11T12:31:03,2026-09-11T12:20,20332,横浜北山田店,残10席以上,1,AVAILABLE,10
2026-09-11T12:45:35,2026-09-11T12:40,20903,調布南口店,満席,4,FULL,0
2026-09-11T12:45:35,2026-09-11T12:40,20895,登戸駅前店,満席,4,FULL,0
2026-09-11T12:45:35,2026-09-11T12:40,20391,百合ヶ丘店,残2席,1,AVAILABLE,2
2026-09-11T12:45:35,2026-09-11T12:40,20332,横浜北山田店,残9席,1,AVAILABLE,9
2026-09-11T12:53:52,2026-09-11T12:50,20903,調布南口店,満席,4,FULL,0
2026-09-11T12:53:52,2026-09-11T12:50,20895,登戸駅前店,満席,4,FULL,0
2026-09-11T12:53:52,2026-09-11T12:50,20391,百合ヶ丘店,残2席,1,AVAILABLE,2
2026-09-11T12:53:52,2026-09-11T12:50,20332,横浜北山田店,残9席,1,AVAILABLE,9
2026-09-11T13:00:49,2026-09-11T12:50,20903,調布南口店,満席,4,FULL,0
2026-09-11T13:00:49,2026-09-11T12:50,20895,登戸駅前店,満席,4,FULL,0
2026-09-11T13:00:49,2026-09-11T12:50,20391,百合ヶ丘店,残2席,1,AVAILABLE,2
2026-09-11T13:00:49,2026-09-11T12:50,20332,横浜北山田店,残9席,1,AVAILABLE,9
2026-09-11T13:19:58,2026-09-11T13:10,20903,調布南口店,満席,4,FULL,0
2026-09-11T13:19:58,2026-09-11T13:10,20895,登戸駅前店,満席,4,FULL,0
2026-09-11T13:19:58,2026-09-11T13:10,20391,百合ヶ丘店,残1席,1,AVAILABLE,1
2026-09-11T13:19:58,2026-09-11T13:10,20332,横浜北山田店,残10席以上,1,AVAILABLE,10
2026-09-11T13:31:53,2026-09-11T13:20,20903,調布南口店,満席,4,FULL,0
2026-09-11T13:31:53,2026-09-11T13:20,20895,登戸駅前店,満席,4,FULL,0
2026-09-11T13:31:53,2026-09-11T13:20,20391,百合ヶ丘店,残1席,1,AVAILABLE,1
2026-09-11T13:31:53,2026-09-11T13:20,20332,横浜北山田店,残10席以上,1,AVAILABLE,10
2026-09-11T13:45:16,2026-09-11T13:40,20903,調布南口店,満席,4,FULL,0
2026-09-11T13:45:16,2026-09-11T13:40,20895,登戸駅前店,満席,4,FULL,0
2026-09-11T13:45:16,2026-09-11T13:40,20391,百合ヶ丘店,残1席,1,AVAILABLE,1
2026-09-11T13:45:16,2026-09-11T13:40,20332,横浜北山田店,残10席以上,1,AVAILABLE,10
2026-09-11T13:52:44,2026-09-11T13:50,20903,調布南口店,満席,4,FULL,0
2026-09-11T13:52:44,2026-09-11T13:50,20895,登戸駅前店,満席,4,FULL,0
2026-09-11T13:52:44,2026-09-11T13:50,20391,百合ヶ丘店,残1席,1,AVAILABLE,1
2026-09-11T13:52:44,2026-09-11T13:50,20332,横浜北山田店,残10席以上,1,AVAILABLE,10
2026-09-11T14:01:16,2026-09-11T13:50,20903,調布南口店,満席,4,FULL,0
2026-09-11T14:01:16,2026-09-11T13:50,20895,登戸駅前店,満席,4,FULL,0
2026-09-11T14:01:16,2026-09-11T13:50,20391,百合ヶ丘店,残1席,1,AVAILABLE,1
2026-09-11T14:01:16,2026-09-11T13:50,20332,横浜北山田店,残10席以上,1,AVAILABLE,10
2026-09-11T14:18:04,2026-09-11T14:10,20903,調布南口店,満席,4,FULL,0
2026-09-11T14:18:04,2026-09-11T14:10,20895,登戸駅前店,満席,4,FULL,0
2026-09-11T14:18:04,2026-09-11T14:10,20391,百合ヶ丘店,残1席,1,AVAILABLE,1
2026-09-11T14:18:04,2026-09-11T14:10,20332,横浜北山田店,残10席以上,1,AVAILABLE,10
2026-09-11T14:28:25,2026-09-11T14:20,20903,調布南口店,満席,4,FULL,0
2026-09-11T14:28:25,2026-09-11T14:20,20895,登戸駅前店,満席,4,FULL,0
2026-09-11T14:28:25,2026-09-11T14:20,20391,百合ヶ丘店,残1席,1,AVAILABLE,1
2026-09-11T14:28:25,2026-09-11T14:20,20332,横浜北山田店,残9席,1,AVAILABLE,9
2026-09-11T14:38:15,2026-09-11T14:30,20903,調布南口店,満席,4,FULL,0
2026-09-11T14:38:15,2026-09-11T14:30,20895,登戸駅前店,残1席,1,AVAILABLE,1
2026-09-11T14:38:15,2026-09-11T14:30,20391,百合ヶ丘店,残1席,1,AVAILABLE,1
2026-09-11T14:38:15,2026-09-11T14:30,20332,横浜北山田店,残10席以上,1,AVAILABLE,10
2026-09-11T14:46:49,2026-09-11T14:40,20903,調布南口店,満席,4,FULL,0
2026-09-11T14:46:49,2026-09-11T14:40,20895,登戸駅前店,満席,4,FULL,0
2026-09-11T14:46:49,2026-09-11T14:40,20391,百合ヶ丘店,残1席,1,AVAILABLE,1
2026-09-11T14:46:49,2026-09-11T14:40,20332,横浜北山田店,残9席,1,AVAILABLE,9
2026-09-11T14:53:45,2026-09-11T14:50,20903,調布南口店,満席,4,FULL,0
2026-09-11T14:53:45,2026-09-11T14:50,20895,登戸駅前店,満席,4,FULL,0
2026-09-11T14:53:45,2026-09-11T14:50,20391,百合ヶ丘店,残1席,1,AVAILABLE,1
2026-09-11T14:53:45,2026-09-11T14:50,20332,横浜北山田店,残9席,1,AVAILABLE,9
2026-09-11T15:01:00,2026-09-11T14:50,20903,調布南口店,満席,4,FULL,0
2026-09-11T15:01:00,2026-09-11T14:50,20895,登戸駅前店,満席,4,FULL,0
2026-09-11T15:01:00,2026-09-11T14:50,20391,百合ヶ丘店,残1席,1,AVAILABLE,1
2026-09-11T15:01:00,2026-09-11T14:50,20332,横浜北山田店,残9席,1,AVAILABLE,9
2026-09-11T15:24:10,2026-09-11T15:20,20903,調布南口店,満席,4,FULL,0
2026-09-11T15:24:10,2026-09-11T15:20,20895,登戸駅前店,満席,4,FULL,0
2026-09-11T15:24:10,2026-09-11T15:20,20391,百合ヶ丘店,満席,4,FULL,0
2026-09-11T15:24:10,2026-09-11T15:20,20332,横浜北山田店,残7席,1,AVAILABLE,7
2026-09-11T15:39:00,2026-09-11T15:30,20903,調布南口店,満席,4,FULL,0
2026-09-11T15:39:00,2026-09-11T15:30,20895,登戸駅前店,満席,4,FULL,0
2026-09-11T15:39:00,2026-09-11T15:30,20391,百合ヶ丘店,満席,4,FULL,0
2026-09-11T15:39:00,2026-09-11T15:30,20332,横浜北山田店,残7席,1,AVAILABLE,7
2026-09-11T15:51:26,2026-09-11T15:40,20903,調布南口店,満席,4,FULL,0
2026-09-11T15:51:26,2026-09-11T15:40,20895,登戸駅前店,満席,4,FULL,0
2026-09-11T15:51:26,2026-09-11T15:40,20391,百合ヶ丘店,満席,4,FULL,0
2026-09-11T15:51:26,2026-09-11T15:40,20332,横浜北山田店,残6席,1,AVAILABLE,6
2026-09-11T16:02:18,2026-09-11T16:00,20903,調布南口店,満席,4,FULL,0
2026-09-11T16:02:18,2026-09-11T16:00,20895,登戸駅前店,満席,4,FULL,0
2026-09-11T16:02:18,2026-09-11T16:00,20391,百合ヶ丘店,満席,4,FULL,0
2026-09-11T16:02:18,2026-09-11T16:00,20332,横浜北山田店,残7席,1,AVAILABLE,7
2026-09-11T16:19:50,2026-09-11T16:10,20903,調布南口店,残1席,1,AVAILABLE,1
2026-09-11T16:19:50,2026-09-11T16:10,20895,登戸駅前店,満席,4,FULL,0
2026-09-11T16:19:50,2026-09-11T16:10,20391,百合ヶ丘店,満席,4,FULL,0
2026-09-11T16:19:50,2026-09-11T16:10,20332,横浜北山田店,残7席,1,AVAILABLE,7
2026-09-11T16:31:42,2026-09-11T16:20,20903,調布南口店,満席,4,FULL,0
2026-09-11T16:31:42,2026-09-11T16:20,20895,登戸駅前店,満席,4,FULL,0
2026-09-11T16:31:42,2026-09-11T16:20,20391,百合ヶ丘店,満席,4,FULL,0
2026-09-11T16:31:42,2026-09-11T16:20,20332,横浜北山田店,残7席,1,AVAILABLE,7
2026-09-11T16:45:57,2026-09-11T16:40,20903,調布南口店,残1席,1,AVAILABLE,1
2026-09-11T16:45:57,2026-09-11T16:40,20895,登戸駅前店,満席,4,FULL,0
2026-09-11T16:45:57,2026-09-11T16:40,20391,百合ヶ丘店,満席,4,FULL,0
2026-09-11T16:45:57,2026-09-11T16:40,20332,横浜北山田店,残7席,1,AVAILABLE,7
2026-09-11T16:53:52,2026-09-11T16:50,20903,調布南口店,満席,4,FULL,0
2026-09-11T16:53:52,2026-09-11T16:50,20895,登戸駅前店,満席,4,FULL,0
2026-09-11T16:53:52,2026-09-11T16:50,20391,百合ヶ丘店,残1席,1,AVAILABLE,1
2026-09-11T16:53:52,2026-09-11T16:50,20332,横浜北山田店,残7席,1,AVAILABLE,7
2026-09-11T17:01:00,2026-09-11T16:50,20903,調布南口店,満席,4,FULL,0
2026-09-11T17:01:00,2026-09-11T16:50,20895,登戸駅前店,満席,4,FULL,0
2026-09-11T17:01:00,2026-09-11T16:50,20391,百合ヶ丘店,残1席,1,AVAILABLE,1
2026-09-11T17:01:00,2026-09-11T16:50,20332,横浜北山田店,残7席,1,AVAILABLE,7
2026-09-11T17:20:34,2026-09-11T17:10,20903,調布南口店,満席,4,FULL,0
2026-09-11T17:20:34,2026-09-11T17:10,20895,登戸駅前店,満席,4,FULL,0
2026-09-11T17:20:34,2026-09-11T17:10,20391,百合ヶ丘店,残1席,1,AVAILABLE,1
2026-09-11T17:20:34,2026-09-11T17:10,20332,横浜北山田店,残5席,1,AVAILABLE,5
2026-09-11T17:36:05,2026-09-11T17:30,20903,調布南口店,満席,4,FULL,0
2026-09-11T17:36:05,2026-09-11T17:30,20895,登戸駅前店,満席,4,FULL,0
2026-09-11T17:36:05,2026-09-11T17:30,20391,百合ヶ丘店,残1席,1,AVAILABLE,1
2026-09-11T17:36:05,2026-09-11T17:30,20332,横浜北山田店,残5席,1,AVAILABLE,5
2026-09-11T17:47:44,2026-09-11T17:40,20903,調布南口店,満席,4,FULL,0
2026-09-11T17:47:44,2026-09-11T17:40,20895,登戸駅前店,満席,4,FULL,0
2026-09-11T17:47:44,2026-09-11T17:40,20391,百合ヶ丘店,残1席,1,AVAILABLE,1
2026-09-11T17:47:44,2026-09-11T17:40,20332,横浜北山田店,残3席,1,AVAILABLE,3
2026-09-11T17:56:29,2026-09-11T17:50,20903,調布南口店,満席,4,FULL,0
2026-09-11T17:56:29,2026-09-11T17:50,20895,登戸駅前店,満席,4,FULL,0
2026-09-11T17:56:29,2026-09-11T17:50,20391,百合ヶ丘店,満席,4,FULL,0
2026-09-11T17:56:29,2026-09-11T17:50,20332,横浜北山田店,残3席,1,AVAILABLE,3
2026-09-11T18:03:25,2026-09-11T18:00,20903,調布南口店,満席,4,FULL,0
2026-09-11T18:03:25,2026-09-11T18:00,20895,登戸駅前店,満席,4,FULL,0
2026-09-11T18:03:25,2026-09-11T18:00,20391,百合ヶ丘店,満席,4,FULL,0
2026-09-11T18:03:25,2026-09-11T18:00,20332,横浜北山田店,残3席,1,AVAILABLE,3
2026-09-11T18:19:15,2026-09-11T18:10,20903,調布南口店,満席,4,FULL,0
2026-09-11T18:19:15,2026-09-11T18:10,20895,登戸駅前店,満席,4,FULL,0
2026-09-11T18:19:15,2026-09-11T18:10,20391,百合ヶ丘店,満席,4,FULL,0
2026-09-11T18:19:15,2026-09-11T18:10,20332,横浜北山田店,残7席,1,AVAILABLE,7
2026-09-11T18:30:57,2026-09-11T18:20,20903,調布南口店,満席,4,FULL,0
2026-09-11T18:30:57,2026-09-11T18:20,20895,登戸駅前店,満席,4,FULL,0
2026-09-11T18:30:57,2026-09-11T18:20,20391,百合ヶ丘店,満席,4,FULL,0
2026-09-11T18:30:57,2026-09-11T18:20,20332,横浜北山田店,残4席,1,AVAILABLE,4
2026-09-11T18:45:29,2026-09-11T18:40,20903,調布南口店,残1席,1,AVAILABLE,1
2026-09-11T18:45:29,2026-09-11T18:40,20895,登戸駅前店,満席,4,FULL,0
2026-09-11T18:45:29,2026-09-11T18:40,20391,百合ヶ丘店,満席,4,FULL,0
2026-09-11T18:45:29,2026-09-11T18:40,20332,横浜北山田店,残2席,1,AVAILABLE,2
2026-09-11T18:53:35,2026-09-11T18:50,20903,調布南口店,残2席,1,AVAILABLE,2
2026-09-11T18:53:35,2026-09-11T18:50,20895,登戸駅前店,満席,4,FULL,0
2026-09-11T18:53:35,2026-09-11T18:50,20391,百合ヶ丘店,満席,4,FULL,0
2026-09-11T18:53:35,2026-09-11T18:50,20332,横浜北山田店,残4席,1,AVAILABLE,4
2026-09-11T19:00:50,2026-09-11T18:50,20903,調布南口店,残2席,1,AVAILABLE,2
2026-09-11T19:00:50,2026-09-11T18:50,20895,登戸駅前店,満席,4,FULL,0
2026-09-11T19:00:50,2026-09-11T18:50,20391,百合ヶ丘店,満席,4,FULL,0
2026-09-11T19:00:50,2026-09-11T18:50,20332,横浜北山田店,残4席,1,AVAILABLE,4
2026-09-11T19:19:47,2026-09-11T19:10,20903,調布南口店,満席,4,FULL,0
2026-09-11T19:19:47,2026-09-11T19:10,20895,登戸駅前店,残1席,1,AVAILABLE,1
2026-09-11T19:19:47,2026-09-11T19:10,20391,百合ヶ丘店,残1席,1,AVAILABLE,1
2026-09-11T19:19:47,2026-09-11T19:10,20332,横浜北山田店,残1席,1,AVAILABLE,1
2026-09-11T19:31:36,2026-09-11T19:20,20903,調布南口店,満席,4,FULL,0
2026-09-11T19:31:36,2026-09-11T19:20,20895,登戸駅前店,残1席,1,AVAILABLE,1
2026-09-11T19:31:36,2026-09-11T19:20,20391,百合ヶ丘店,残2席,1,AVAILABLE,2
2026-09-11T19:31:36,2026-09-11T19:20,20332,横浜北山田店,満席,4,FULL,0
2026-09-11T19:45:33,2026-09-11T19:40,20903,調布南口店,満席,4,FULL,0
2026-09-11T19:45:33,2026-09-11T19:40,20895,登戸駅前店,満席,4,FULL,0
2026-09-11T19:45:33,2026-09-11T19:40,20391,百合ヶ丘店,残2席,1,AVAILABLE,2
2026-09-11T19:45:33,2026-09-11T19:40,20332,横浜北山田店,満席,4,FULL,0
2026-09-11T19:53:14,2026-09-11T19:50,20903,調布南口店,満席,4,FULL,0
2026-09-11T19:53:14,2026-09-11T19:50,20895,登戸駅前店,満席,4,FULL,0
2026-09-11T19:53:14,2026-09-11T19:50,20391,百合ヶ丘店,残1席,1,AVAILABLE,1
2026-09-11T19:53:14,2026-09-11T19:50,20332,横浜北山田店,満席,4,FULL,0
2026-09-11T20:00:55,2026-09-11T19:50,20903,調布南口店,満席,4,FULL,0
2026-09-11T20:00:55,2026-09-11T19:50,20895,登戸駅前店,満席,4,FULL,0
2026-09-11T20:00:55,2026-09-11T19:50,20391,百合ヶ丘店,残1席,1,AVAILABLE,1
2026-09-11T20:00:55,2026-09-11T19:50,20332,横浜北山田店,満席,4,FULL,0
2026-09-11T20:18:38,2026-09-11T20:10,20903,調布南口店,残1席,1,AVAILABLE,1
2026-09-11T20:18:38,2026-09-11T20:10,20895,登戸駅前店,満席,4,FULL,0
2026-09-11T20:18:38,2026-09-11T20:10,20391,百合ヶ丘店,残1席,1,AVAILABLE,1
2026-09-11T20:18:38,2026-09-11T20:10,20332,横浜北山田店,残1席,1,AVAILABLE,1
2026-09-11T20:29:04,2026-09-11T20:20,20903,調布南口店,残1席,1,AVAILABLE,1
2026-09-11T20:29:04,2026-09-11T20:20,20895,登戸駅前店,満席,4,FULL,0
2026-09-11T20:29:04,2026-09-11T20:20,20391,百合ヶ丘店,残1席,1,AVAILABLE,1
2026-09-11T20:29:04,2026-09-11T20:20,20332,横浜北山田店,残1席,1,AVAILABLE,1
2026-09-11T20:38:46,2026-09-11T20:30,20903,調布南口店,残3席,1,AVAILABLE,3
2026-09-11T20:38:46,2026-09-11T20:30,20895,登戸駅前店,満席,4,FULL,0
2026-09-11T20:38:46,2026-09-11T20:30,20391,百合ヶ丘店,残1席,1,AVAILABLE,1
2026-09-11T20:38:46,2026-09-11T20:30,20332,横浜北山田店,満席,4,FULL,0
2026-09-11T20:46:10,2026-09-11T20:40,20903,調布南口店,残3席,1,AVAILABLE,3
2026-09-11T20:46:10,2026-09-11T20:40,20895,登戸駅前店,満席,4,FULL,0
2026-09-11T20:46:10,2026-09-11T20:40,20391,百合ヶ丘店,残1席,1,AVAILABLE,1
2026-09-11T20:46:10,2026-09-11T20:40,20332,横浜北山田店,満席,4,FULL,0
2026-09-11T20:52:41,2026-09-11T20:50,20903,調布南口店,残2席,1,AVAILABLE,2
2026-09-11T20:52:41,2026-09-11T20:50,20895,登戸駅前店,満席,4,FULL,0
2026-09-11T20:52:41,2026-09-11T20:50,20391,百合ヶ丘店,残1席,1,AVAILABLE,1
2026-09-11T20:52:41,2026-09-11T20:50,20332,横浜北山田店,満席,4,FULL,0
2026-09-11T21:01:12,2026-09-11T20:50,20903,調布南口店,残2席,1,AVAILABLE,2
2026-09-11T21:01:12,2026-09-11T20:50,20895,登戸駅前店,満席,4,FULL,0
2026-09-11T21:01:12,2026-09-11T20:50,20391,百合ヶ丘店,残1席,1,AVAILABLE,1
2026-09-11T21:01:12,2026-09-11T20:50,20332,横浜北山田店,満席,4,FULL,0
2026-09-11T21:24:48,2026-09-11T21:20,20903,調布南口店,満席,4,FULL,0
2026-09-11T21:24:48,2026-09-11T21:20,20895,登戸駅前店,満席,4,FULL,0
2026-09-11T21:24:48,2026-09-11T21:20,20391,百合ヶ丘店,残1席,1,AVAILABLE,1
2026-09-11T21:24:48,2026-09-11T21:20,20332,横浜北山田店,満席,4,FULL,0
2026-09-11T21:39:28,2026-09-11T21:30,20903,調布南口店,残1席,1,AVAILABLE,1
2026-09-11T21:39:28,2026-09-11T21:30,20895,登戸駅前店,満席,4,FULL,0
2026-09-11T21:39:28,2026-09-11T21:30,20391,百合ヶ丘店,残1席,1,AVAILABLE,1
2026-09-11T21:39:28,2026-09-11T21:30,20332,横浜北山田店,満席,4,FULL,0
2026-09-11T21:51:37,2026-09-11T21:40,20903,調布南口店,満席,4,FULL,0
2026-09-11T21:51:37,2026-09-11T21:40,20895,登戸駅前店,満席,4,FULL,0
2026-09-11T21:51:37,2026-09-11T21:40,20391,百合ヶ丘店,残1席,1,AVAILABLE,1
2026-09-11T21:51:37,2026-09-11T21:40,20332,横浜北山田店,満席,4,FULL,0
2026-09-11T22:00:55,2026-09-11T21:50,20903,調布南口店,残1席,1,AVAILABLE,1
2026-09-11T22:00:55,2026-09-11T21:50,20895,登戸駅前店,満席,4,FULL,0
2026-09-11T22:00:55,2026-09-11T21:50,20391,百合ヶ丘店,満席,4,FULL,0
2026-09-11T22:00:55,2026-09-11T21:50,20332,横浜北山田店,満席,4,FULL,0
2026-09-11T22:19:28,2026-09-11T22:10,20903,調布南口店,残1席,1,AVAILABLE,1
2026-09-11T22:19:28,2026-09-11T22:10,20895,登戸駅前店,満席,4,FULL,0
2026-09-11T22:19:28,2026-09-11T22:10,20391,百合ヶ丘店,満席,4,FULL,0
2026-09-11T22:19:28,2026-09-11T22:10,20332,横浜北山田店,残1席,1,AVAILABLE,1
2026-09-11T22:31:25,2026-09-11T22:20,20903,調布南口店,残1席,1,AVAILABLE,1
2026-09-11T22:31:25,2026-09-11T22:20,20895,登戸駅前店,満席,4,FULL,0
2026-09-11T22:31:25,2026-09-11T22:20,20391,百合ヶ丘店,満席,4,FULL,0
2026-09-11T22:31:25,2026-09-11T22:20,20332,横浜北山田店,残1席,1,AVAILABLE,1
2026-09-11T22:45:56,2026-09-11T22:40,20903,調布南口店,残1席,1,AVAILABLE,1
2026-09-11T22:45:56,2026-09-11T22:40,20895,登戸駅前店,満席,4,FULL,0
2026-09-11T22:45:56,2026-09-11T22:40,20391,百合ヶ丘店,満席,4,FULL,0
2026-09-11T22:45:56,2026-09-11T22:40,20332,横浜北山田店,残2席,1,AVAILABLE,2
2026-09-11T22:53:28,2026-09-11T22:50,20903,調布南口店,残1席,1,AVAILABLE,1
2026-09-11T22:53:28,2026-09-11T22:50,20895,登戸駅前店,満席,4,FULL,0
2026-09-11T22:53:28,2026-09-11T22:50,20391,百合ヶ丘店,満席,4,FULL,0
2026-09-11T22:53:28,2026-09-11T22:50,20332,横浜北山田店,残4席,1,AVAILABLE,4
2026-09-11T23:01:11,2026-09-11T22:50,20903,調布南口店,残1席,1,AVAILABLE,1
2026-09-11T23:01:11,2026-09-11T22:50,20895,登戸駅前店,満席,4,FULL,0
2026-09-11T23:01:11,2026-09-11T22:50,20391,百合ヶ丘店,満席,4,FULL,0
2026-09-11T23:01:11,2026-09-11T22:50,20332,横浜北山田店,残4席,1,AVAILABLE,4
2026-09-11T23:19:18,2026-09-11T23:10,20903,調布南口店,残1席,1,AVAILABLE,1
2026-09-11T23:19:18,2026-09-11T23:10,20895,登戸駅前店,満席,4,FULL,0
2026-09-11T23:19:18,2026-09-11T23:10,20391,百合ヶ丘店,満席,4,FULL,0
2026-09-11T23:19:18,2026-09-11T23:10,20332,横浜北山田店,残2席,1,AVAILABLE,2
2026-09-11T23:31:05,2026-09-11T23:20,20903,調布南口店,残1席,1,AVAILABLE,1
2026-09-11T23:31:05,2026-09-11T23:20,20895,登戸駅前店,満席,4,FULL,0
2026-09-11T23:31:05,2026-09-11T23:20,20391,百合ヶ丘店,満席,4,FULL,0
2026-09-11T23:31:05,2026-09-11T23:20,20332,横浜北山田店,残1席,1,AVAILABLE,1
2026-09-11T23:46:25,2026-09-11T23:40,20903,調布南口店,残1席,1,AVAILABLE,1
2026-09-11T23:46:25,2026-09-11T23:40,20895,登戸駅前店,残1席,1,AVAILABLE,1
2026-09-11T23:46:25,2026-09-11T23:40,20391,百合ヶ丘店,満席,4,FULL,0
2026-09-11T23:46:25,2026-09-11T23:40,20332,横浜北山田店,満席,4,FULL,0
2026-09-11T23:55:43,2026-09-11T23:50,20903,調布南口店,残1席,1,AVAILABLE,1
2026-09-11T23:55:43,2026-09-11T23:50,20895,登戸駅前店,残1席,1,AVAILABLE,1
2026-09-11T23:55:43,2026-09-11T23:50,20391,百合ヶ丘店,満席,4,FULL,0
2026-09-11T23:55:43,2026-09-11T23:50,20332,横浜北山田店,満席,4,FULL,0
2026-09-12T00:02:09,2026-09-12T00:00,20903,調布南口店,残1席,1,AVAILABLE,1
2026-09-12T00:02:09,2026-09-12T00:00,20895,登戸駅前店,残1席,1,AVAILABLE,1
2026-09-12T00:02:09,2026-09-12T00:00,20391,百合ヶ丘店,満席,4,FULL,0
2026-09-12T00:02:09,2026-09-12T00:00,20332,横浜北山田店,満席,4,FULL,0
2026-09-12T00:18:38,2026-09-12T00:10,20903,調布南口店,満席,4,FULL,0
2026-09-12T00:18:38,2026-09-12T00:10,20895,登戸駅前店,残3席,1,AVAILABLE,3
2026-09-12T00:18:38,2026-09-12T00:10,20391,百合ヶ丘店,満席,4,FULL,0
2026-09-12T00:18:38,2026-09-12T00:10,20332,横浜北山田店,満席,4,FULL,0
2026-09-12T00:29:59,2026-09-12T00:20,20903,調布南口店,満席,4,FULL,0
2026-09-12T00:29:59,2026-09-12T00:20,20895,登戸駅前店,残1席,1,AVAILABLE,1
2026-09-12T00:29:59,2026-09-12T00:20,20391,百合ヶ丘店,満席,4,FULL,0
2026-09-12T00:29:59,2026-09-12T00:20,20332,横浜北山田店,満席,4,FULL,0
2026-09-12T00:40:59,2026-09-12T00:30,20903,調布南口店,満席,4,FULL,0
2026-09-12T00:40:59,2026-09-12T00:30,20895,登戸駅前店,残1席,1,AVAILABLE,1
2026-09-12T00:40:59,2026-09-12T00:30,20391,百合ヶ丘店,満席,4,FULL,0
2026-09-12T00:40:59,2026-09-12T00:30,20332,横浜北山田店,残1席,1,AVAILABLE,1
2026-09-12T00:52:56,2026-09-12T00:50,20903,調布南口店,満席,4,FULL,0
2026-09-12T00:52:56,2026-09-12T00:50,20895,登戸駅前店,残2席,1,AVAILABLE,2
2026-09-12T00:52:56,2026-09-12T00:50,20391,百合ヶ丘店,満席,4,FULL,0
2026-09-12T00:52:56,2026-09-12T00:50,20332,横浜北山田店,残5席,1,AVAILABLE,5
2026-09-12T01:01:11,2026-09-12T00:50,20903,調布南口店,満席,4,FULL,0
2026-09-12T01:01:11,2026-09-12T00:50,20895,登戸駅前店,残2席,1,AVAILABLE,2
2026-09-12T01:01:11,2026-09-12T00:50,20391,百合ヶ丘店,満席,4,FULL,0
2026-09-12T01:01:11,2026-09-12T00:50,20332,横浜北山田店,残5席,1,AVAILABLE,5
2026-09-12T01:19:53,2026-09-12T01:10,20903,調布南口店,満席,4,FULL,0
2026-09-12T01:19:53,2026-09-12T01:10,20895,登戸駅前店,残1席,1,AVAILABLE,1
2026-09-12T01:19:53,2026-09-12T01:10,20391,百合ヶ丘店,満席,4,FULL,0
2026-09-12T01:19:53,2026-09-12T01:10,20332,横浜北山田店,残5席,1,AVAILABLE,5
2026-09-12T01:31:58,2026-09-12T01:20,20903,調布南口店,満席,4,FULL,0
2026-09-12T01:31:58,2026-09-12T01:20,20895,登戸駅前店,残1席,1,AVAILABLE,1
2026-09-12T01:31:58,2026-09-12T01:20,20391,百合ヶ丘店,満席,4,FULL,0
2026-09-12T01:31:58,2026-09-12T01:20,20332,横浜北山田店,残5席,1,AVAILABLE,5
2026-09-12T01:45:10,2026-09-12T01:40,20903,調布南口店,残1席,1,AVAILABLE,1
2026-09-12T01:45:10,2026-09-12T01:40,20895,登戸駅前店,残1席,1,AVAILABLE,1
2026-09-12T01:45:10,2026-09-12T01:40,20391,百合ヶ丘店,満席,4,FULL,0
2026-09-12T01:45:10,2026-09-12T01:40,20332,横浜北山田店,残3席,1,AVAILABLE,3
2026-09-12T01:51:55,2026-09-12T01:40,20903,調布南口店,残1席,1,AVAILABLE,1
2026-09-12T01:51:55,2026-09-12T01:40,20895,登戸駅前店,残1席,1,AVAILABLE,1
2026-09-12T01:51:55,2026-09-12T01:40,20391,百合ヶ丘店,満席,4,FULL,0
2026-09-12T01:51:55,2026-09-12T01:40,20332,横浜北山田店,残3席,1,AVAILABLE,3
2026-09-12T02:01:06,2026-09-12T01:50,20903,調布南口店,残1席,1,AVAILABLE,1
2026-09-12T02:01:06,2026-09-12T01:50,20895,登戸駅前店,残1席,1,AVAILABLE,1
2026-09-12T02:01:06,2026-09-12T01:50,20391,百合ヶ丘店,満席,4,FULL,0
2026-09-12T02:01:06,2026-09-12T01:50,20332,横浜北山田店,残3席,1,AVAILABLE,3
2026-09-12T02:17:29,2026-09-12T02:10,20903,調布南口店,残1席,1,AVAILABLE,1
2026-09-12T02:17:29,2026-09-12T02:10,20895,登戸駅前店,残2席,1,AVAILABLE,2
2026-09-12T02:17:29,2026-09-12T02:10,20391,百合ヶ丘店,満席,4,FULL,0
2026-09-12T02:17:29,2026-09-12T02:10,20332,横浜北山田店,残4席,1,AVAILABLE,4
2026-09-12T02:27:37,2026-09-12T02:20,20903,調布南口店,満席,4,FULL,0
2026-09-12T02:27:37,2026-09-12T02:20,20895,登戸駅前店,残2席,1,AVAILABLE,2
2026-09-12T02:27:37,2026-09-12T02:20,20391,百合ヶ丘店,満席,4,FULL,0
2026-09-12T02:27:37,2026-09-12T02:20,20332,横浜北山田店,残3席,1,AVAILABLE,3
2026-09-12T02:36:40,2026-09-12T02:30,20903,調布南口店,満席,4,FULL,0
2026-09-12T02:36:40,2026-09-12T02:30,20895,登戸駅前店,残1席,1,AVAILABLE,1
2026-09-12T02:36:40,2026-09-12T02:30,20391,百合ヶ丘店,満席,4,FULL,0
2026-09-12T02:36:40,2026-09-12T02:30,20332,横浜北山田店,残3席,1,AVAILABLE,3
2026-09-12T02:43:57,2026-09-12T02:40,20903,調布南口店,満席,4,FULL,0
2026-09-12T02:43:57,2026-09-12T02:40,20895,登戸駅前店,残1席,1,AVAILABLE,1
2026-09-12T02:43:57,2026-09-12T02:40,20391,百合ヶ丘店,満席,4,FULL,0
2026-09-12T02:43:57,2026-09-12T02:40,20332,横浜北山田店,残1席,1,AVAILABLE,1
2026-09-12T02:50:39,2026-09-12T02:40,20903,調布南口店,満席,4,FULL,0
2026-09-12T02:50:39,2026-09-12T02:40,20895,登戸駅前店,残1席,1,AVAILABLE,1
2026-09-12T02:50:39,2026-09-12T02:40,20391,百合ヶ丘店,満席,4,FULL,0
2026-09-12T02:50:39,2026-09-12T02:40,20332,横浜北山田店,残1席,1,AVAILABLE,1
2026-09-12T03:01:01,2026-09-12T02:50,20903,調布南口店,満席,4,FULL,0
2026-09-12T03:01:01,2026-09-12T02:50,20895,登戸駅前店,残1席,1,AVAILABLE,1
2026-09-12T03:01:01,2026-09-12T02:50,20391,百合ヶ丘店,満席,4,FULL,0
2026-09-12T03:01:01,2026-09-12T02:50,20332,横浜北山田店,残1席,1,AVAILABLE,1
2026-09-12T03:21:43,2026-09-12T03:10,20903,調布南口店,残1席,1,AVAILABLE,1
2026-09-12T03:21:43,2026-09-12T03:10,20895,登戸駅前店,残1席,1,AVAILABLE,1
2026-09-12T03:21:43,2026-09-12T03:10,20391,百合ヶ丘店,満席,4,FULL,0
2026-09-12T03:21:43,2026-09-12T03:10,20332,横浜北山田店,残1席,1,AVAILABLE,1
2026-09-12T03:36:39,2026-09-12T03:30,20903,調布南口店,残1席,1,AVAILABLE,1
2026-09-12T03:36:39,2026-09-12T03:30,20895,登戸駅前店,残2席,1,AVAILABLE,2
2026-09-12T03:36:39,2026-09-12T03:30,20391,百合ヶ丘店,満席,4,FULL,0
2026-09-12T03:36:39,2026-09-12T03:30,20332,横浜北山田店,残1席,1,AVAILABLE,1
2026-09-12T03:46:39,2026-09-12T03:40,20903,調布南口店,残1席,1,AVAILABLE,1
2026-09-12T03:46:39,2026-09-12T03:40,20895,登戸駅前店,残2席,1,AVAILABLE,2
2026-09-12T03:46:39,2026-09-12T03:40,20391,百合ヶ丘店,残1席,1,AVAILABLE,1
2026-09-12T03:46:39,2026-09-12T03:40,20332,横浜北山田店,残1席,1,AVAILABLE,1
2026-09-12T03:53:38,2026-09-12T03:50,20903,調布南口店,残1席,1,AVAILABLE,1
2026-09-12T03:53:38,2026-09-12T03:50,20895,登戸駅前店,残2席,1,AVAILABLE,2
2026-09-12T03:53:38,2026-09-12T03:50,20391,百合ヶ丘店,残1席,1,AVAILABLE,1
2026-09-12T03:53:38,2026-09-12T03:50,20332,横浜北山田店,残1席,1,AVAILABLE,1
2026-09-12T04:00:57,2026-09-12T03:50,20903,調布南口店,残1席,1,AVAILABLE,1
2026-09-12T04:00:57,2026-09-12T03:50,20895,登戸駅前店,残2席,1,AVAILABLE,2
2026-09-12T04:00:57,2026-09-12T03:50,20391,百合ヶ丘店,残1席,1,AVAILABLE,1
2026-09-12T04:00:57,2026-09-12T03:50,20332,横浜北山田店,残1席,1,AVAILABLE,1
2026-09-12T04:17:05,2026-09-12T04:10,20903,調布南口店,残1席,1,AVAILABLE,1
2026-09-12T04:17:05,2026-09-12T04:10,20895,登戸駅前店,残3席,1,AVAILABLE,3
2026-09-12T04:17:05,2026-09-12T04:10,20391,百合ヶ丘店,残1席,1,AVAILABLE,1
2026-09-12T04:17:05,2026-09-12T04:10,20332,横浜北山田店,満席,4,FULL,0
2026-09-12T04:26:06,2026-09-12T04:20,20903,調布南口店,残1席,1,AVAILABLE,1
2026-09-12T04:26:06,2026-09-12T04:20,20895,登戸駅前店,残3席,1,AVAILABLE,3
2026-09-12T04:26:06,2026-09-12T04:20,20391,百合ヶ丘店,残1席,1,AVAILABLE,1
2026-09-12T04:26:06,2026-09-12T04:20,20332,横浜北山田店,残4席,1,AVAILABLE,4
2026-09-12T04:33:15,2026-09-12T04:30,20903,調布南口店,残1席,1,AVAILABLE,1
2026-09-12T04:33:15,2026-09-12T04:30,20895,登戸駅前店,残3席,1,AVAILABLE,3
2026-09-12T04:33:15,2026-09-12T04:30,20391,百合ヶ丘店,残1席,1,AVAILABLE,1
2026-09-12T04:33:15,2026-09-12T04:30,20332,横浜北山田店,残3席,1,AVAILABLE,3
2026-09-12T04:42:34,2026-09-12T04:40,20903,調布南口店,残1席,1,AVAILABLE,1
2026-09-12T04:42:34,2026-09-12T04:40,20895,登戸駅前店,残3席,1,AVAILABLE,3
2026-09-12T04:42:34,2026-09-12T04:40,20391,百合ヶ丘店,満席,4,FULL,0
2026-09-12T04:42:34,2026-09-12T04:40,20332,横浜北山田店,残6席,1,AVAILABLE,6
2026-09-12T04:51:12,2026-09-12T04:40,20903,調布南口店,残1席,1,AVAILABLE,1
2026-09-12T04:51:12,2026-09-12T04:40,20895,登戸駅前店,残3席,1,AVAILABLE,3
2026-09-12T04:51:12,2026-09-12T04:40,20391,百合ヶ丘店,満席,4,FULL,0
2026-09-12T04:51:12,2026-09-12T04:40,20332,横浜北山田店,残6席,1,AVAILABLE,6
2026-09-12T05:00:56,2026-09-12T04:50,20903,調布南口店,残1席,1,AVAILABLE,1
2026-09-12T05:00:56,2026-09-12T04:50,20895,登戸駅前店,残3席,1,AVAILABLE,3
2026-09-12T05:00:56,2026-09-12T04:50,20391,百合ヶ丘店,満席,4,FULL,0
2026-09-12T05:00:56,2026-09-12T04:50,20332,横浜北山田店,残7席,1,AVAILABLE,7
2026-09-12T05:19:13,2026-09-12T05:10,20903,調布南口店,残1席,1,AVAILABLE,1
2026-09-12T05:19:13,2026-09-12T05:10,20895,登戸駅前店,残3席,1,AVAILABLE,3
2026-09-12T05:19:13,2026-09-12T05:10,20391,百合ヶ丘店,満席,4,FULL,0
2026-09-12T05:19:13,2026-09-12T05:10,20332,横浜北山田店,残7席,1,AVAILABLE,7
2026-09-12T05:30:20,2026-09-12T05:20,20903,調布南口店,残1席,1,AVAILABLE,1
2026-09-12T05:30:20,2026-09-12T05:20,20895,登戸駅前店,残3席,1,AVAILABLE,3
2026-09-12T05:30:20,2026-09-12T05:20,20391,百合ヶ丘店,残1席,1,AVAILABLE,1
2026-09-12T05:30:20,2026-09-12T05:20,20332,横浜北山田店,残7席,1,AVAILABLE,7
2026-09-12T05:44:53,2026-09-12T05:40,20903,調布南口店,残1席,1,AVAILABLE,1
2026-09-12T05:44:53,2026-09-12T05:40,20895,登戸駅前店,残3席,1,AVAILABLE,3
2026-09-12T05:44:53,2026-09-12T05:40,20391,百合ヶ丘店,残1席,1,AVAILABLE,1
2026-09-12T05:44:53,2026-09-12T05:40,20332,横浜北山田店,残7席,1,AVAILABLE,7
2026-09-12T05:53:15,2026-09-12T05:50,20903,調布南口店,残1席,1,AVAILABLE,1
2026-09-12T05:53:15,2026-09-12T05:50,20895,登戸駅前店,残2席,1,AVAILABLE,2
2026-09-12T05:53:15,2026-09-12T05:50,20391,百合ヶ丘店,残1席,1,AVAILABLE,1
2026-09-12T05:53:15,2026-09-12T05:50,20332,横浜北山田店,残8席,1,AVAILABLE,8
2026-09-12T06:00:57,2026-09-12T05:50,20903,調布南口店,残1席,1,AVAILABLE,1
2026-09-12T06:00:57,2026-09-12T05:50,20895,登戸駅前店,残2席,1,AVAILABLE,2
2026-09-12T06:00:57,2026-09-12T05:50,20391,百合ヶ丘店,残1席,1,AVAILABLE,1
2026-09-12T06:00:57,2026-09-12T05:50,20332,横浜北山田店,残8席,1,AVAILABLE,8
2026-09-12T06:17:32,2026-09-12T06:10,20903,調布南口店,残1席,1,AVAILABLE,1
2026-09-12T06:17:32,2026-09-12T06:10,20895,登戸駅前店,残2席,1,AVAILABLE,2
2026-09-12T06:17:32,2026-09-12T06:10,20391,百合ヶ丘店,残1席,1,AVAILABLE,1
2026-09-12T06:17:32,2026-09-12T06:10,20332,横浜北山田店,残10席以上,1,AVAILABLE,10
2026-09-12T06:26:04,2026-09-12T06:20,20903,調布南口店,残3席,1,AVAILABLE,3
2026-09-12T06:26:04,2026-09-12T06:20,20895,登戸駅前店,残2席,1,AVAILABLE,2
2026-09-12T06:26:04,2026-09-12T06:20,20391,百合ヶ丘店,残1席,1,AVAILABLE,1
2026-09-12T06:26:04,2026-09-12T06:20,20332,横浜北山田店,残10席以上,1,AVAILABLE,10
2026-09-12T06:32:12,2026-09-12T06:30,20903,調布南口店,残3席,1,AVAILABLE,3
2026-09-12T06:32:12,2026-09-12T06:30,20895,登戸駅前店,残2席,1,AVAILABLE,2
2026-09-12T06:32:12,2026-09-12T06:30,20391,百合ヶ丘店,残1席,1,AVAILABLE,1
2026-09-12T06:32:12,2026-09-12T06:30,20332,横浜北山田店,残10席以上,1,AVAILABLE,10
2026-09-12T06:41:39,2026-09-12T06:30,20903,調布南口店,残3席,1,AVAILABLE,3
2026-09-12T06:41:39,2026-09-12T06:30,20895,登戸駅前店,残1席,1,AVAILABLE,1
2026-09-12T06:41:39,2026-09-12T06:30,20391,百合ヶ丘店,残1席,1,AVAILABLE,1
2026-09-12T06:41:39,2026-09-12T06:30,20332,横浜北山田店,残10席以上,1,AVAILABLE,10
2026-09-12T06:50:59,2026-09-12T06:40,20903,調布南口店,残3席,1,AVAILABLE,3
2026-09-12T06:50:59,2026-09-12T06:40,20895,登戸駅前店,残1席,1,AVAILABLE,1
2026-09-12T06:50:59,2026-09-12T06:40,20391,百合ヶ丘店,残1席,1,AVAILABLE,1
2026-09-12T06:50:59,2026-09-12T06:40,20332,横浜北山田店,残10席以上,1,AVAILABLE,10
2026-09-12T07:00:59,2026-09-12T06:50,20903,調布南口店,残3席,1,AVAILABLE,3
2026-09-12T07:00:59,2026-09-12T06:50,20895,登戸駅前店,満席,4,FULL,0
2026-09-12T07:00:59,2026-09-12T06:50,20391,百合ヶ丘店,残1席,1,AVAILABLE,1
2026-09-12T07:00:59,2026-09-12T06:50,20332,横浜北山田店,残10席以上,1,AVAILABLE,10
2026-09-12T07:17:53,2026-09-12T07:10,20903,調布南口店,残3席,1,AVAILABLE,3
2026-09-12T07:17:53,2026-09-12T07:10,20895,登戸駅前店,満席,4,FULL,0
2026-09-12T07:17:53,2026-09-12T07:10,20391,百合ヶ丘店,残1席,1,AVAILABLE,1
2026-09-12T07:17:53,2026-09-12T07:10,20332,横浜北山田店,残9席,1,AVAILABLE,9
2026-09-12T07:27:47,2026-09-12T07:20,20903,調布南口店,残3席,1,AVAILABLE,3
2026-09-12T07:27:47,2026-09-12T07:20,20895,登戸駅前店,満席,4,FULL,0
2026-09-12T07:27:47,2026-09-12T07:20,20391,百合ヶ丘店,残1席,1,AVAILABLE,1
2026-09-12T07:27:47,2026-09-12T07:20,20332,横浜北山田店,残8席,1,AVAILABLE,8
2026-09-12T07:36:03,2026-09-12T07:30,20903,調布南口店,残3席,1,AVAILABLE,3
2026-09-12T07:36:03,2026-09-12T07:30,20895,登戸駅前店,満席,4,FULL,0
2026-09-12T07:36:03,2026-09-12T07:30,20391,百合ヶ丘店,満席,4,FULL,0
2026-09-12T07:36:03,2026-09-12T07:30,20332,横浜北山田店,残8席,1,AVAILABLE,8
2026-09-12T07:43:26,2026-09-12T07:40,20903,調布南口店,残3席,1,AVAILABLE,3
2026-09-12T07:43:26,2026-09-12T07:40,20895,登戸駅前店,満席,4,FULL,0
2026-09-12T07:43:26,2026-09-12T07:40,20391,百合ヶ丘店,残1席,1,AVAILABLE,1
2026-09-12T07:43:26,2026-09-12T07:40,20332,横浜北山田店,残8席,1,AVAILABLE,8
2026-09-12T07:50:41,2026-09-12T07:40,20903,調布南口店,残3席,1,AVAILABLE,3
2026-09-12T07:50:41,2026-09-12T07:40,20895,登戸駅前店,満席,4,FULL,0
2026-09-12T07:50:41,2026-09-12T07:40,20391,百合ヶ丘店,残1席,1,AVAILABLE,1
2026-09-12T07:50:41,2026-09-12T07:40,20332,横浜北山田店,残8席,1,AVAILABLE,8
2026-09-12T08:00:47,2026-09-12T07:50,20903,調布南口店,残1席,1,AVAILABLE,1
2026-09-12T08:00:47,2026-09-12T07:50,20895,登戸駅前店,残1席,1,AVAILABLE,1
2026-09-12T08:00:47,2026-09-12T07:50,20391,百合ヶ丘店,残1席,1,AVAILABLE,1
2026-09-12T08:00:47,2026-09-12T07:50,20332,横浜北山田店,残7席,1,AVAILABLE,7
2026-09-12T08:16:09,2026-09-12T08:10,20903,調布南口店,残1席,1,AVAILABLE,1
2026-09-12T08:16:09,2026-09-12T08:10,20895,登戸駅前店,残2席,1,AVAILABLE,2
2026-09-12T08:16:09,2026-09-12T08:10,20391,百合ヶ丘店,満席,4,FULL,0
2026-09-12T08:16:09,2026-09-12T08:10,20332,横浜北山田店,残6席,1,AVAILABLE,6
2026-09-12T08:24:48,2026-09-12T08:20,20903,調布南口店,残1席,1,AVAILABLE,1
2026-09-12T08:24:48,2026-09-12T08:20,20895,登戸駅前店,残2席,1,AVAILABLE,2
2026-09-12T08:24:48,2026-09-12T08:20,20391,百合ヶ丘店,満席,4,FULL,0
2026-09-12T08:24:48,2026-09-12T08:20,20332,横浜北山田店,残6席,1,AVAILABLE,6
2026-09-12T08:31:47,2026-09-12T08:20,20903,調布南口店,残1席,1,AVAILABLE,1
2026-09-12T08:31:47,2026-09-12T08:20,20895,登戸駅前店,残2席,1,AVAILABLE,2
2026-09-12T08:31:47,2026-09-12T08:20,20391,百合ヶ丘店,満席,4,FULL,0
2026-09-12T08:31:47,2026-09-12T08:20,20332,横浜北山田店,残6席,1,AVAILABLE,6
2026-09-12T08:42:02,2026-09-12T08:40,20903,調布南口店,残1席,1,AVAILABLE,1
2026-09-12T08:42:02,2026-09-12T08:40,20895,登戸駅前店,残2席,1,AVAILABLE,2
2026-09-12T08:42:02,2026-09-12T08:40,20391,百合ヶ丘店,満席,4,FULL,0
2026-09-12T08:42:02,2026-09-12T08:40,20332,横浜北山田店,残7席,1,AVAILABLE,7
2026-09-12T08:51:38,2026-09-12T08:40,20903,調布南口店,残1席,1,AVAILABLE,1
2026-09-12T08:51:38,2026-09-12T08:40,20895,登戸駅前店,残2席,1,AVAILABLE,2
2026-09-12T08:51:38,2026-09-12T08:40,20391,百合ヶ丘店,満席,4,FULL,0
2026-09-12T08:51:38,2026-09-12T08:40,20332,横浜北山田店,残7席,1,AVAILABLE,7
2026-09-12T09:00:52,2026-09-12T08:50,20903,調布南口店,残1席,1,AVAILABLE,1
2026-09-12T09:00:52,2026-09-12T08:50,20895,登戸駅前店,残2席,1,AVAILABLE,2
2026-09-12T09:00:52,2026-09-12T08:50,20391,百合ヶ丘店,満席,4,FULL,0
2026-09-12T09:00:52,2026-09-12T08:50,20332,横浜北山田店,残7席,1,AVAILABLE,7
2026-09-12T09:25:14,2026-09-12T09:20,20903,調布南口店,満席,4,FULL,0
2026-09-12T09:25:14,2026-09-12T09:20,20895,登戸駅前店,満席,4,FULL,0
2026-09-12T09:25:14,2026-09-12T09:20,20391,百合ヶ丘店,満席,4,FULL,0
2026-09-12T09:25:14,2026-09-12T09:20,20332,横浜北山田店,残5席,1,AVAILABLE,5
2026-09-12T09:38:53,2026-09-12T09:30,20903,調布南口店,満席,4,FULL,0
2026-09-12T09:38:53,2026-09-12T09:30,20895,登戸駅前店,満席,4,FULL,0
2026-09-12T09:38:53,2026-09-12T09:30,20391,百合ヶ丘店,満席,4,FULL,0
2026-09-12T09:38:53,2026-09-12T09:30,20332,横浜北山田店,残5席,1,AVAILABLE,5
2026-09-12T09:50:05,2026-09-12T09:40,20903,調布南口店,満席,4,FULL,0
2026-09-12T09:50:05,2026-09-12T09:40,20895,登戸駅前店,満席,4,FULL,0
2026-09-12T09:50:05,2026-09-12T09:40,20391,百合ヶ丘店,満席,4,FULL,0
2026-09-12T09:50:05,2026-09-12T09:40,20332,横浜北山田店,残5席,1,AVAILABLE,5
2026-09-12T09:57:52,2026-09-12T09:50,20903,調布南口店,満席,4,FULL,0
2026-09-12T09:57:52,2026-09-12T09:50,20895,登戸駅前店,満席,4,FULL,0
2026-09-12T09:57:52,2026-09-12T09:50,20391,百合ヶ丘店,満席,4,FULL,0
2026-09-12T09:57:52,2026-09-12T09:50,20332,横浜北山田店,残4席,1,AVAILABLE,4
2026-09-12T10:05:40,2026-09-12T10:00,20903,調布南口店,満席,4,FULL,0
2026-09-12T10:05:40,2026-09-12T10:00,20895,登戸駅前店,満席,4,FULL,0
2026-09-12T10:05:40,2026-09-12T10:00,20391,百合ヶ丘店,満席,4,FULL,0
2026-09-12T10:05:40,2026-09-12T10:00,20332,横浜北山田店,残4席,1,AVAILABLE,4
2026-09-12T10:16:46,2026-09-12T10:10,20903,調布南口店,満席,4,FULL,0
2026-09-12T10:16:46,2026-09-12T10:10,20895,登戸駅前店,満席,4,FULL,0
2026-09-12T10:16:46,2026-09-12T10:10,20391,百合ヶ丘店,満席,4,FULL,0
2026-09-12T10:16:46,2026-09-12T10:10,20332,横浜北山田店,残3席,1,AVAILABLE,3
2026-09-12T10:25:38,2026-09-12T10:20,20903,調布南口店,満席,4,FULL,0
2026-09-12T10:25:38,2026-09-12T10:20,20895,登戸駅前店,満席,4,FULL,0
2026-09-12T10:25:38,2026-09-12T10:20,20391,百合ヶ丘店,満席,4,FULL,0
2026-09-12T10:25:38,2026-09-12T10:20,20332,横浜北山田店,残3席,1,AVAILABLE,3
2026-09-12T10:32:57,2026-09-12T10:30,20903,調布南口店,満席,4,FULL,0
2026-09-12T10:32:57,2026-09-12T10:30,20895,登戸駅前店,満席,4,FULL,0
2026-09-12T10:32:57,2026-09-12T10:30,20391,百合ヶ丘店,残2席,1,AVAILABLE,2
2026-09-12T10:32:57,2026-09-12T10:30,20332,横浜北山田店,残3席,1,AVAILABLE,3
2026-09-12T10:43:45,2026-09-12T10:40,20903,調布南口店,満席,4,FULL,0
2026-09-12T10:43:45,2026-09-12T10:40,20895,登戸駅前店,満席,4,FULL,0
2026-09-12T10:43:45,2026-09-12T10:40,20391,百合ヶ丘店,残2席,1,AVAILABLE,2
2026-09-12T10:43:45,2026-09-12T10:40,20332,横浜北山田店,残4席,1,AVAILABLE,4
2026-09-12T10:52:09,2026-09-12T10:50,20903,調布南口店,満席,4,FULL,0
2026-09-12T10:52:09,2026-09-12T10:50,20895,登戸駅前店,満席,4,FULL,0
2026-09-12T10:52:09,2026-09-12T10:50,20391,百合ヶ丘店,残2席,1,AVAILABLE,2
2026-09-12T10:52:09,2026-09-12T10:50,20332,横浜北山田店,残4席,1,AVAILABLE,4
2026-09-12T11:01:14,2026-09-12T10:50,20903,調布南口店,満席,4,FULL,0
2026-09-12T11:01:14,2026-09-12T10:50,20895,登戸駅前店,満席,4,FULL,0
2026-09-12T11:01:14,2026-09-12T10:50,20391,百合ヶ丘店,残2席,1,AVAILABLE,2
2026-09-12T11:01:14,2026-09-12T10:50,20332,横浜北山田店,残4席,1,AVAILABLE,4
2026-09-12T11:19:02,2026-09-12T11:10,20903,調布南口店,残1席,1,AVAILABLE,1
2026-09-12T11:19:02,2026-09-12T11:10,20895,登戸駅前店,満席,4,FULL,0
2026-09-12T11:19:02,2026-09-12T11:10,20391,百合ヶ丘店,残2席,1,AVAILABLE,2
2026-09-12T11:19:02,2026-09-12T11:10,20332,横浜北山田店,残3席,1,AVAILABLE,3
2026-09-12T11:29:44,2026-09-12T11:20,20903,調布南口店,満席,4,FULL,0
2026-09-12T11:29:44,2026-09-12T11:20,20895,登戸駅前店,満席,4,FULL,0
2026-09-12T11:29:44,2026-09-12T11:20,20391,百合ヶ丘店,残2席,1,AVAILABLE,2
2026-09-12T11:29:44,2026-09-12T11:20,20332,横浜北山田店,残3席,1,AVAILABLE,3
2026-09-12T11:39:48,2026-09-12T11:30,20903,調布南口店,満席,4,FULL,0
2026-09-12T11:39:48,2026-09-12T11:30,20895,登戸駅前店,満席,4,FULL,0
2026-09-12T11:39:48,2026-09-12T11:30,20391,百合ヶ丘店,満席,4,FULL,0
2026-09-12T11:39:48,2026-09-12T11:30,20332,横浜北山田店,残3席,1,AVAILABLE,3
2026-09-12T11:47:36,2026-09-12T11:40,20903,調布南口店,満席,4,FULL,0
2026-09-12T11:47:36,2026-09-12T11:40,20895,登戸駅前店,満席,4,FULL,0
2026-09-12T11:47:36,2026-09-12T11:40,20391,百合ヶ丘店,満席,4,FULL,0
2026-09-12T11:47:36,2026-09-12T11:40,20332,横浜北山田店,残4席,1,AVAILABLE,4
2026-09-12T11:54:13,2026-09-12T11:50,20903,調布南口店,満席,4,FULL,0
2026-09-12T11:54:13,2026-09-12T11:50,20895,登戸駅前店,満席,4,FULL,0
2026-09-12T11:54:13,2026-09-12T11:50,20391,百合ヶ丘店,満席,4,FULL,0
2026-09-12T11:54:13,2026-09-12T11:50,20332,横浜北山田店,残4席,1,AVAILABLE,4
2026-09-12T12:00:56,2026-09-12T11:50,20903,調布南口店,満席,4,FULL,0
2026-09-12T12:00:56,2026-09-12T11:50,20895,登戸駅前店,満席,4,FULL,0
2026-09-12T12:00:56,2026-09-12T11:50,20391,百合ヶ丘店,満席,4,FULL,0
2026-09-12T12:00:56,2026-09-12T11:50,20332,横浜北山田店,残4席,1,AVAILABLE,4
2026-09-12T12:18:14,2026-09-12T12:10,20903,調布南口店,満席,4,FULL,0
2026-09-12T12:18:14,2026-09-12T12:10,20895,登戸駅前店,満席,4,FULL,0
2026-09-12T12:18:14,2026-09-12T12:10,20391,百合ヶ丘店,満席,4,FULL,0
2026-09-12T12:18:14,2026-09-12T12:10,20332,横浜北山田店,残6席,1,AVAILABLE,6
2026-09-12T12:29:28,2026-09-12T12:20,20903,調布南口店,残1席,1,AVAILABLE,1
2026-09-12T12:29:28,2026-09-12T12:20,20895,登戸駅前店,満席,4,FULL,0
2026-09-12T12:29:28,2026-09-12T12:20,20391,百合ヶ丘店,満席,4,FULL,0
2026-09-12T12:29:28,2026-09-12T12:20,20332,横浜北山田店,残5席,1,AVAILABLE,5
2026-09-12T12:39:02,2026-09-12T12:30,20903,調布南口店,満席,4,FULL,0
2026-09-12T12:39:02,2026-09-12T12:30,20895,登戸駅前店,満席,4,FULL,0
2026-09-12T12:39:02,2026-09-12T12:30,20391,百合ヶ丘店,満席,4,FULL,0
2026-09-12T12:39:02,2026-09-12T12:30,20332,横浜北山田店,残5席,1,AVAILABLE,5
2026-09-12T12:46:51,2026-09-12T12:40,20903,調布南口店,満席,4,FULL,0
2026-09-12T12:46:51,2026-09-12T12:40,20895,登戸駅前店,満席,4,FULL,0
2026-09-12T12:46:51,2026-09-12T12:40,20391,百合ヶ丘店,残1席,1,AVAILABLE,1
2026-09-12T12:46:51,2026-09-12T12:40,20332,横浜北山田店,残7席,1,AVAILABLE,7
2026-09-12T12:53:36,2026-09-12T12:50,20903,調布南口店,満席,4,FULL,0
2026-09-12T12:53:36,2026-09-12T12:50,20895,登戸駅前店,満席,4,FULL,0
2026-09-12T12:53:36,2026-09-12T12:50,20391,百合ヶ丘店,満席,4,FULL,0
2026-09-12T12:53:36,2026-09-12T12:50,20332,横浜北山田店,残7席,1,AVAILABLE,7
2026-09-12T13:00:52,2026-09-12T12:50,20903,調布南口店,満席,4,FULL,0
2026-09-12T13:00:52,2026-09-12T12:50,20895,登戸駅前店,満席,4,FULL,0
2026-09-12T13:00:52,2026-09-12T12:50,20391,百合ヶ丘店,満席,4,FULL,0
2026-09-12T13:00:52,2026-09-12T12:50,20332,横浜北山田店,残7席,1,AVAILABLE,7
2026-09-12T13:18:22,2026-09-12T13:10,20903,調布南口店,満席,4,FULL,0
2026-09-12T13:18:22,2026-09-12T13:10,20895,登戸駅前店,満席,4,FULL,0
2026-09-12T13:18:22,2026-09-12T13:10,20391,百合ヶ丘店,残1席,1,AVAILABLE,1
2026-09-12T13:18:22,2026-09-12T13:10,20332,横浜北山田店,残7席,1,AVAILABLE,7
2026-09-12T13:29:05,2026-09-12T13:20,20903,調布南口店,満席,4,FULL,0
2026-09-12T13:29:05,2026-09-12T13:20,20895,登戸駅前店,満席,4,FULL,0
2026-09-12T13:29:05,2026-09-12T13:20,20391,百合ヶ丘店,満席,4,FULL,0
2026-09-12T13:29:05,2026-09-12T13:20,20332,横浜北山田店,残7席,1,AVAILABLE,7
2026-09-12T13:38:34,2026-09-12T13:30,20903,調布南口店,満席,4,FULL,0
2026-09-12T13:38:34,2026-09-12T13:30,20895,登戸駅前店,満席,4,FULL,0
2026-09-12T13:38:34,2026-09-12T13:30,20391,百合ヶ丘店,満席,4,FULL,0
2026-09-12T13:38:34,2026-09-12T13:30,20332,横浜北山田店,残5席,1,AVAILABLE,5
2026-09-12T13:47:00,2026-09-12T13:40,20903,調布南口店,満席,4,FULL,0
2026-09-12T13:47:00,2026-09-12T13:40,20895,登戸駅前店,満席,4,FULL,0
2026-09-12T13:47:00,2026-09-12T13:40,20391,百合ヶ丘店,満席,4,FULL,0
2026-09-12T13:47:00,2026-09-12T13:40,20332,横浜北山田店,残5席,1,AVAILABLE,5
2026-09-12T13:53:38,2026-09-12T13:50,20903,調布南口店,満席,4,FULL,0
2026-09-12T13:53:38,2026-09-12T13:50,20895,登戸駅前店,満席,4,FULL,0
2026-09-12T13:53:38,2026-09-12T13:50,20391,百合ヶ丘店,満席,4,FULL,0
2026-09-12T13:53:38,2026-09-12T13:50,20332,横浜北山田店,残2席,1,AVAILABLE,2
2026-09-12T14:00:58,2026-09-12T13:50,20903,調布南口店,満席,4,FULL,0
2026-09-12T14:00:58,2026-09-12T13:50,20895,登戸駅前店,満席,4,FULL,0
2026-09-12T14:00:58,2026-09-12T13:50,20391,百合ヶ丘店,満席,4,FULL,0
2026-09-12T14:00:58,2026-09-12T13:50,20332,横浜北山田店,残2席,1,AVAILABLE,2
2026-09-12T14:17:18,2026-09-12T14:10,20903,調布南口店,満席,4,FULL,0
2026-09-12T14:17:18,2026-09-12T14:10,20895,登戸駅前店,満席,4,FULL,0
2026-09-12T14:17:18,2026-09-12T14:10,20391,百合ヶ丘店,満席,4,FULL,0
2026-09-12T14:17:18,2026-09-12T14:10,20332,横浜北山田店,残2席,1,AVAILABLE,2
2026-09-12T14:27:03,2026-09-12T14:20,20903,調布南口店,残1席,1,AVAILABLE,1
2026-09-12T14:27:03,2026-09-12T14:20,20895,登戸駅前店,満席,4,FULL,0
2026-09-12T14:27:03,2026-09-12T14:20,20391,百合ヶ丘店,満席,4,FULL,0
2026-09-12T14:27:03,2026-09-12T14:20,20332,横浜北山田店,残1席,1,AVAILABLE,1
2026-09-12T14:35:13,2026-09-12T14:30,20903,調布南口店,満席,4,FULL,0
2026-09-12T14:35:13,2026-09-12T14:30,20895,登戸駅前店,満席,4,FULL,0
2026-09-12T14:35:13,2026-09-12T14:30,20391,百合ヶ丘店,満席,4,FULL,0
2026-09-12T14:35:13,2026-09-12T14:30,20332,横浜北山田店,満席,4,FULL,0
2026-09-12T14:43:44,2026-09-12T14:40,20903,調布南口店,満席,4,FULL,0
2026-09-12T14:43:44,2026-09-12T14:40,20895,登戸駅前店,満席,4,FULL,0
2026-09-12T14:43:44,2026-09-12T14:40,20391,百合ヶ丘店,満席,4,FULL,0
2026-09-12T14:43:44,2026-09-12T14:40,20332,横浜北山田店,満席,4,FULL,0
2026-09-12T14:50:58,2026-09-12T14:40,20903,調布南口店,満席,4,FULL,0
2026-09-12T14:50:58,2026-09-12T14:40,20895,登戸駅前店,満席,4,FULL,0
2026-09-12T14:50:58,2026-09-12T14:40,20391,百合ヶ丘店,満席,4,FULL,0
2026-09-12T14:50:58,2026-09-12T14:40,20332,横浜北山田店,満席,4,FULL,0
2026-09-12T15:00:45,2026-09-12T14:50,20903,調布南口店,満席,4,FULL,0
2026-09-12T15:00:45,2026-09-12T14:50,20895,登戸駅前店,満席,4,FULL,0
2026-09-12T15:00:45,2026-09-12T14:50,20391,百合ヶ丘店,満席,4,FULL,0
2026-09-12T15:00:45,2026-09-12T14:50,20332,横浜北山田店,満席,4,FULL,0
2026-09-12T15:22:40,2026-09-12T15:20,20903,調布南口店,満席,4,FULL,0
2026-09-12T15:22:40,2026-09-12T15:20,20895,登戸駅前店,満席,4,FULL,0
2026-09-12T15:22:40,2026-09-12T15:20,20391,百合ヶ丘店,満席,4,FULL,0
2026-09-12T15:22:40,2026-09-12T15:20,20332,横浜北山田店,満席,4,FULL,0
2026-09-12T15:37:11,2026-09-12T15:30,20903,調布南口店,満席,4,FULL,0
2026-09-12T15:37:11,2026-09-12T15:30,20895,登戸駅前店,満席,4,FULL,0
2026-09-12T15:37:11,2026-09-12T15:30,20391,百合ヶ丘店,満席,4,FULL,0
2026-09-12T15:37:11,2026-09-12T15:30,20332,横浜北山田店,満席,4,FULL,0
2026-09-12T15:48:23,2026-09-12T15:40,20903,調布南口店,満席,4,FULL,0
2026-09-12T15:48:23,2026-09-12T15:40,20895,登戸駅前店,満席,4,FULL,0
2026-09-12T15:48:23,2026-09-12T15:40,20391,百合ヶ丘店,満席,4,FULL,0
2026-09-12T15:48:23,2026-09-12T15:40,20332,横浜北山田店,満席,4,FULL,0
2026-09-12T15:56:46,2026-09-12T15:50,20903,調布南口店,満席,4,FULL,0
2026-09-12T15:56:46,2026-09-12T15:50,20895,登戸駅前店,満席,4,FULL,0
2026-09-12T15:56:46,2026-09-12T15:50,20391,百合ヶ丘店,満席,4,FULL,0
2026-09-12T15:56:46,2026-09-12T15:50,20332,横浜北山田店,満席,4,FULL,0
2026-09-12T16:03:55,2026-09-12T16:00,20903,調布南口店,満席,4,FULL,0
2026-09-12T16:03:55,2026-09-12T16:00,20895,登戸駅前店,満席,4,FULL,0
2026-09-12T16:03:55,2026-09-12T16:00,20391,百合ヶ丘店,満席,4,FULL,0
2026-09-12T16:03:55,2026-09-12T16:00,20332,横浜北山田店,満席,4,FULL,0
2026-09-12T16:16:25,2026-09-12T16:10,20903,調布南口店,満席,4,FULL,0
2026-09-12T16:16:25,2026-09-12T16:10,20895,登戸駅前店,満席,4,FULL,0
2026-09-12T16:16:25,2026-09-12T16:10,20391,百合ヶ丘店,満席,4,FULL,0
2026-09-12T16:16:25,2026-09-12T16:10,20332,横浜北山田店,満席,4,FULL,0
2026-09-12T16:25:26,2026-09-12T16:20,20903,調布南口店,満席,4,FULL,0
2026-09-12T16:25:26,2026-09-12T16:20,20895,登戸駅前店,満席,4,FULL,0
2026-09-12T16:25:26,2026-09-12T16:20,20391,百合ヶ丘店,満席,4,FULL,0
2026-09-12T16:25:26,2026-09-12T16:20,20332,横浜北山田店,満席,4,FULL,0
2026-09-12T16:32:43,2026-09-12T16:30,20903,調布南口店,残1席,1,AVAILABLE,1
2026-09-12T16:32:43,2026-09-12T16:30,20895,登戸駅前店,満席,4,FULL,0
2026-09-12T16:32:43,2026-09-12T16:30,20391,百合ヶ丘店,満席,4,FULL,0
2026-09-12T16:32:43,2026-09-12T16:30,20332,横浜北山田店,満席,4,FULL,0
2026-09-12T16:42:47,2026-09-12T16:40,20903,調布南口店,残1席,1,AVAILABLE,1
2026-09-12T16:42:47,2026-09-12T16:40,20895,登戸駅前店,満席,4,FULL,0
2026-09-12T16:42:47,2026-09-12T16:40,20391,百合ヶ丘店,満席,4,FULL,0
2026-09-12T16:42:47,2026-09-12T16:40,20332,横浜北山田店,満席,4,FULL,0
2026-09-12T16:50:36,2026-09-12T16:40,20903,調布南口店,残1席,1,AVAILABLE,1
2026-09-12T16:50:36,2026-09-12T16:40,20895,登戸駅前店,満席,4,FULL,0
2026-09-12T16:50:36,2026-09-12T16:40,20391,百合ヶ丘店,満席,4,FULL,0
2026-09-12T16:50:36,2026-09-12T16:40,20332,横浜北山田店,満席,4,FULL,0
2026-09-12T17:01:09,2026-09-12T16:50,20903,調布南口店,満席,4,FULL,0
2026-09-12T17:01:09,2026-09-12T16:50,20895,登戸駅前店,満席,4,FULL,0
2026-09-12T17:01:09,2026-09-12T16:50,20391,百合ヶ丘店,満席,4,FULL,0
2026-09-12T17:01:09,2026-09-12T16:50,20332,横浜北山田店,残1席,1,AVAILABLE,1
2026-09-12T17:18:40,2026-09-12T17:10,20903,調布南口店,満席,4,FULL,0
2026-09-12T17:18:40,2026-09-12T17:10,20895,登戸駅前店,満席,4,FULL,0
2026-09-12T17:18:40,2026-09-12T17:10,20391,百合ヶ丘店,満席,4,FULL,0
2026-09-12T17:18:40,2026-09-12T17:10,20332,横浜北山田店,残1席,1,AVAILABLE,1
2026-09-12T17:29:23,2026-09-12T17:20,20903,調布南口店,満席,4,FULL,0
2026-09-12T17:29:23,2026-09-12T17:20,20895,登戸駅前店,満席,4,FULL,0
2026-09-12T17:29:23,2026-09-12T17:20,20391,百合ヶ丘店,満席,4,FULL,0
2026-09-12T17:29:23,2026-09-12T17:20,20332,横浜北山田店,満席,4,FULL,0
2026-09-12T17:39:51,2026-09-12T17:30,20903,調布南口店,満席,4,FULL,0
2026-09-12T17:39:51,2026-09-12T17:30,20895,登戸駅前店,満席,4,FULL,0
2026-09-12T17:39:51,2026-09-12T17:30,20391,百合ヶ丘店,満席,4,FULL,0
2026-09-12T17:39:51,2026-09-12T17:30,20332,横浜北山田店,満席,4,FULL,0
2026-09-12T17:47:33,2026-09-12T17:40,20903,調布南口店,満席,4,FULL,0
2026-09-12T17:47:33,2026-09-12T17:40,20895,登戸駅前店,満席,4,FULL,0
2026-09-12T17:47:33,2026-09-12T17:40,20391,百合ヶ丘店,満席,4,FULL,0
2026-09-12T17:47:33,2026-09-12T17:40,20332,横浜北山田店,満席,4,FULL,0
2026-09-12T17:53:35,2026-09-12T17:50,20903,調布南口店,満席,4,FULL,0
2026-09-12T17:53:35,2026-09-12T17:50,20895,登戸駅前店,満席,4,FULL,0
2026-09-12T17:53:35,2026-09-12T17:50,20391,百合ヶ丘店,満席,4,FULL,0
2026-09-12T17:53:35,2026-09-12T17:50,20332,横浜北山田店,残2席,1,AVAILABLE,2
2026-09-12T18:00:59,2026-09-12T17:50,20903,調布南口店,満席,4,FULL,0
2026-09-12T18:00:59,2026-09-12T17:50,20895,登戸駅前店,満席,4,FULL,0
2026-09-12T18:00:59,2026-09-12T17:50,20391,百合ヶ丘店,満席,4,FULL,0
2026-09-12T18:00:59,2026-09-12T17:50,20332,横浜北山田店,残2席,1,AVAILABLE,2
2026-09-12T18:17:52,2026-09-12T18:10,20903,調布南口店,満席,4,FULL,0
2026-09-12T18:17:52,2026-09-12T18:10,20895,登戸駅前店,満席,4,FULL,0
2026-09-12T18:17:52,2026-09-12T18:10,20391,百合ヶ丘店,満席,4,FULL,0
2026-09-12T18:17:52,2026-09-12T18:10,20332,横浜北山田店,満席,4,FULL,0
2026-09-12T18:27:30,2026-09-12T18:20,20903,調布南口店,満席,4,FULL,0
2026-09-12T18:27:30,2026-09-12T18:20,20895,登戸駅前店,満席,4,FULL,0
2026-09-12T18:27:30,2026-09-12T18:20,20391,百合ヶ丘店,満席,4,FULL,0
2026-09-12T18:27:30,2026-09-12T18:20,20332,横浜北山田店,満席,4,FULL,0
2026-09-12T18:35:49,2026-09-12T18:30,20903,調布南口店,満席,4,FULL,0
2026-09-12T18:35:49,2026-09-12T18:30,20895,登戸駅前店,満席,4,FULL,0
2026-09-12T18:35:49,2026-09-12T18:30,20391,百合ヶ丘店,満席,4,FULL,0
2026-09-12T18:35:49,2026-09-12T18:30,20332,横浜北山田店,残1席,1,AVAILABLE,1
2026-09-12T18:43:31,2026-09-12T18:40,20903,調布南口店,満席,4,FULL,0
2026-09-12T18:43:31,2026-09-12T18:40,20895,登戸駅前店,満席,4,FULL,0
2026-09-12T18:43:31,2026-09-12T18:40,20391,百合ヶ丘店,残1席,1,AVAILABLE,1
2026-09-12T18:43:31,2026-09-12T18:40,20332,横浜北山田店,満席,4,FULL,0
2026-09-12T18:50:46,2026-09-12T18:40,20903,調布南口店,満席,4,FULL,0
2026-09-12T18:50:46,2026-09-12T18:40,20895,登戸駅前店,満席,4,FULL,0
2026-09-12T18:50:46,2026-09-12T18:40,20391,百合ヶ丘店,残1席,1,AVAILABLE,1
2026-09-12T18:50:46,2026-09-12T18:40,20332,横浜北山田店,満席,4,FULL,0
2026-09-12T19:00:45,2026-09-12T18:50,20903,調布南口店,満席,4,FULL,0
2026-09-12T19:00:45,2026-09-12T18:50,20895,登戸駅前店,満席,4,FULL,0
2026-09-12T19:00:45,2026-09-12T18:50,20391,百合ヶ丘店,満席,4,FULL,0
2026-09-12T19:00:45,2026-09-12T18:50,20332,横浜北山田店,満席,4,FULL,0
2026-09-12T19:17:46,2026-09-12T19:10,20903,調布南口店,満席,4,FULL,0
2026-09-12T19:17:46,2026-09-12T19:10,20895,登戸駅前店,満席,4,FULL,0
2026-09-12T19:17:46,2026-09-12T19:10,20391,百合ヶ丘店,満席,4,FULL,0
2026-09-12T19:17:46,2026-09-12T19:10,20332,横浜北山田店,満席,4,FULL,0
2026-09-12T19:26:55,2026-09-12T19:20,20903,調布南口店,満席,4,FULL,0
2026-09-12T19:26:55,2026-09-12T19:20,20895,登戸駅前店,満席,4,FULL,0
2026-09-12T19:26:55,2026-09-12T19:20,20391,百合ヶ丘店,満席,4,FULL,0
2026-09-12T19:26:55,2026-09-12T19:20,20332,横浜北山田店,満席,4,FULL,0
2026-09-12T19:34:34,2026-09-12T19:30,20903,調布南口店,満席,4,FULL,0
2026-09-12T19:34:34,2026-09-12T19:30,20895,登戸駅前店,満席,4,FULL,0
2026-09-12T19:34:34,2026-09-12T19:30,20391,百合ヶ丘店,満席,4,FULL,0
2026-09-12T19:34:34,2026-09-12T19:30,20332,横浜北山田店,満席,4,FULL,0
2026-09-12T19:42:31,2026-09-12T19:40,20903,調布南口店,満席,4,FULL,0
2026-09-12T19:42:31,2026-09-12T19:40,20895,登戸駅前店,満席,4,FULL,0
2026-09-12T19:42:31,2026-09-12T19:40,20391,百合ヶ丘店,満席,4,FULL,0
2026-09-12T19:42:31,2026-09-12T19:40,20332,横浜北山田店,満席,4,FULL,0
2026-09-12T19:50:34,2026-09-12T19:40,20903,調布南口店,満席,4,FULL,0
2026-09-12T19:50:34,2026-09-12T19:40,20895,登戸駅前店,満席,4,FULL,0
2026-09-12T19:50:34,2026-09-12T19:40,20391,百合ヶ丘店,満席,4,FULL,0
2026-09-12T19:50:34,2026-09-12T19:40,20332,横浜北山田店,満席,4,FULL,0
2026-09-12T20:00:53,2026-09-12T19:50,20903,調布南口店,満席,4,FULL,0
2026-09-12T20:00:53,2026-09-12T19:50,20895,登戸駅前店,満席,4,FULL,0
2026-09-12T20:00:53,2026-09-12T19:50,20391,百合ヶ丘店,満席,4,FULL,0
2026-09-12T20:00:53,2026-09-12T19:50,20332,横浜北山田店,満席,4,FULL,0
2026-09-12T20:16:33,2026-09-12T20:10,20903,調布南口店,満席,4,FULL,0
2026-09-12T20:16:33,2026-09-12T20:10,20895,登戸駅前店,満席,4,FULL,0
2026-09-12T20:16:33,2026-09-12T20:10,20391,百合ヶ丘店,満席,4,FULL,0
2026-09-12T20:16:33,2026-09-12T20:10,20332,横浜北山田店,満席,4,FULL,0
2026-09-12T20:25:12,2026-09-12T20:20,20903,調布南口店,満席,4,FULL,0
2026-09-12T20:25:12,2026-09-12T20:20,20895,登戸駅前店,満席,4,FULL,0
2026-09-12T20:25:12,2026-09-12T20:20,20391,百合ヶ丘店,満席,4,FULL,0
2026-09-12T20:25:12,2026-09-12T20:20,20332,横浜北山田店,満席,4,FULL,0
2026-09-12T20:31:54,2026-09-12T20:20,20903,調布南口店,満席,4,FULL,0
2026-09-12T20:31:54,2026-09-12T20:20,20895,登戸駅前店,満席,4,FULL,0
2026-09-12T20:31:54,2026-09-12T20:20,20391,百合ヶ丘店,満席,4,FULL,0
2026-09-12T20:31:54,2026-09-12T20:20,20332,横浜北山田店,満席,4,FULL,0
2026-09-12T20:42:03,2026-09-12T20:40,20903,調布南口店,満席,4,FULL,0
2026-09-12T20:42:03,2026-09-12T20:40,20895,登戸駅前店,満席,4,FULL,0
2026-09-12T20:42:03,2026-09-12T20:40,20391,百合ヶ丘店,満席,4,FULL,0
2026-09-12T20:42:03,2026-09-12T20:40,20332,横浜北山田店,残2席,1,AVAILABLE,2
2026-09-12T20:50:40,2026-09-12T20:40,20903,調布南口店,残1席,1,AVAILABLE,1
2026-09-12T20:50:40,2026-09-12T20:40,20895,登戸駅前店,満席,4,FULL,0
2026-09-12T20:50:40,2026-09-12T20:40,20391,百合ヶ丘店,満席,4,FULL,0
2026-09-12T20:50:40,2026-09-12T20:40,20332,横浜北山田店,満席,4,FULL,0
2026-09-12T21:00:57,2026-09-12T20:50,20903,調布南口店,残1席,1,AVAILABLE,1
2026-09-12T21:00:57,2026-09-12T20:50,20895,登戸駅前店,満席,4,FULL,0
2026-09-12T21:00:57,2026-09-12T20:50,20391,百合ヶ丘店,満席,4,FULL,0
2026-09-12T21:00:57,2026-09-12T20:50,20332,横浜北山田店,満席,4,FULL,0
2026-09-12T21:21:57,2026-09-12T21:10,20903,調布南口店,満席,4,FULL,0
2026-09-12T21:21:57,2026-09-12T21:10,20895,登戸駅前店,残1席,1,AVAILABLE,1
2026-09-12T21:21:57,2026-09-12T21:10,20391,百合ヶ丘店,満席,4,FULL,0
2026-09-12T21:21:57,2026-09-12T21:10,20332,横浜北山田店,残2席,1,AVAILABLE,2
2026-09-12T21:37:35,2026-09-12T21:30,20903,調布南口店,満席,4,FULL,0
2026-09-12T21:37:35,2026-09-12T21:30,20895,登戸駅前店,満席,4,FULL,0
2026-09-12T21:37:35,2026-09-12T21:30,20391,百合ヶ丘店,満席,4,FULL,0
2026-09-12T21:37:35,2026-09-12T21:30,20332,横浜北山田店,残2席,1,AVAILABLE,2
2026-09-12T21:47:49,2026-09-12T21:40,20903,調布南口店,満席,4,FULL,0
2026-09-12T21:47:49,2026-09-12T21:40,20895,登戸駅前店,満席,4,FULL,0
2026-09-12T21:47:49,2026-09-12T21:40,20391,百合ヶ丘店,満席,4,FULL,0
2026-09-12T21:47:49,2026-09-12T21:40,20332,横浜北山田店,残2席,1,AVAILABLE,2
2026-09-12T21:55:20,2026-09-12T21:50,20903,調布南口店,満席,4,FULL,0
2026-09-12T21:55:20,2026-09-12T21:50,20895,登戸駅前店,満席,4,FULL,0
2026-09-12T21:55:20,2026-09-12T21:50,20391,百合ヶ丘店,満席,4,FULL,0
2026-09-12T21:55:20,2026-09-12T21:50,20332,横浜北山田店,満席,4,FULL,0
2026-09-12T22:01:12,2026-09-12T21:50,20903,調布南口店,満席,4,FULL,0
2026-09-12T22:01:12,2026-09-12T21:50,20895,登戸駅前店,満席,4,FULL,0
2026-09-12T22:01:12,2026-09-12T21:50,20391,百合ヶ丘店,満席,4,FULL,0
2026-09-12T22:01:12,2026-09-12T21:50,20332,横浜北山田店,満席,4,FULL,0
2026-09-12T22:17:07,2026-09-12T22:10,20903,調布南口店,満席,4,FULL,0
2026-09-12T22:17:07,2026-09-12T22:10,20895,登戸駅前店,満席,4,FULL,0
2026-09-12T22:17:07,2026-09-12T22:10,20391,百合ヶ丘店,満席,4,FULL,0
2026-09-12T22:17:07,2026-09-12T22:10,20332,横浜北山田店,満席,4,FULL,0
2026-09-12T22:26:04,2026-09-12T22:20,20903,調布南口店,満席,4,FULL,0
2026-09-12T22:26:04,2026-09-12T22:20,20895,登戸駅前店,満席,4,FULL,0
2026-09-12T22:26:04,2026-09-12T22:20,20391,百合ヶ丘店,満席,4,FULL,0
2026-09-12T22:26:04,2026-09-12T22:20,20332,横浜北山田店,満席,4,FULL,0
2026-09-12T22:32:59,2026-09-12T22:30,20903,調布南口店,満席,4,FULL,0
2026-09-12T22:32:59,2026-09-12T22:30,20895,登戸駅前店,満席,4,FULL,0
2026-09-12T22:32:59,2026-09-12T22:30,20391,百合ヶ丘店,満席,4,FULL,0
2026-09-12T22:32:59,2026-09-12T22:30,20332,横浜北山田店,残1席,1,AVAILABLE,1
2026-09-12T22:42:34,2026-09-12T22:40,20903,調布南口店,満席,4,FULL,0
2026-09-12T22:42:34,2026-09-12T22:40,20895,登戸駅前店,満席,4,FULL,0
2026-09-12T22:42:34,2026-09-12T22:40,20391,百合ヶ丘店,満席,4,FULL,0
2026-09-12T22:42:34,2026-09-12T22:40,20332,横浜北山田店,満席,4,FULL,0
2026-09-12T22:50:52,2026-09-12T22:40,20903,調布南口店,満席,4,FULL,0
2026-09-12T22:50:52,2026-09-12T22:40,20895,登戸駅前店,満席,4,FULL,0
2026-09-12T22:50:52,2026-09-12T22:40,20391,百合ヶ丘店,満席,4,FULL,0
2026-09-12T22:50:52,2026-09-12T22:40,20332,横浜北山田店,満席,4,FULL,0
2026-09-12T23:00:52,2026-09-12T22:50,20903,調布南口店,残1席,1,AVAILABLE,1
2026-09-12T23:00:52,2026-09-12T22:50,20895,登戸駅前店,満席,4,FULL,0
2026-09-12T23:00:52,2026-09-12T22:50,20391,百合ヶ丘店,満席,4,FULL,0
2026-09-12T23:00:52,2026-09-12T22:50,20332,横浜北山田店,満席,4,FULL,0
2026-09-12T23:17:53,2026-09-12T23:10,20903,調布南口店,満席,4,FULL,0
2026-09-12T23:17:53,2026-09-12T23:10,20895,登戸駅前店,満席,4,FULL,0
2026-09-12T23:17:53,2026-09-12T23:10,20391,百合ヶ丘店,満席,4,FULL,0
2026-09-12T23:17:53,2026-09-12T23:10,20332,横浜北山田店,満席,4,FULL,0
2026-09-12T23:28:15,2026-09-12T23:20,20903,調布南口店,満席,4,FULL,0
2026-09-12T23:28:15,2026-09-12T23:20,20895,登戸駅前店,満席,4,FULL,0
2026-09-12T23:28:15,2026-09-12T23:20,20391,百合ヶ丘店,満席,4,FULL,0
2026-09-12T23:28:15,2026-09-12T23:20,20332,横浜北山田店,残2席,1,AVAILABLE,2
2026-09-12T23:38:25,2026-09-12T23:30,20903,調布南口店,満席,4,FULL,0
2026-09-12T23:38:25,2026-09-12T23:30,20895,登戸駅前店,満席,4,FULL,0
2026-09-12T23:38:25,2026-09-12T23:30,20391,百合ヶ丘店,満席,4,FULL,0
2026-09-12T23:38:25,2026-09-12T23:30,20332,横浜北山田店,満席,4,FULL,0
2026-09-12T23:45:15,2026-09-12T23:40,20903,調布南口店,満席,4,FULL,0
2026-09-12T23:45:15,2026-09-12T23:40,20895,登戸駅前店,満席,4,FULL,0
2026-09-12T23:45:15,2026-09-12T23:40,20391,百合ヶ丘店,満席,4,FULL,0
2026-09-12T23:45:15,2026-09-12T23:40,20332,横浜北山田店,満席,4,FULL,0
2026-09-12T23:51:11,2026-09-12T23:40,20903,調布南口店,満席,4,FULL,0
2026-09-12T23:51:11,2026-09-12T23:40,20895,登戸駅前店,満席,4,FULL,0
2026-09-12T23:51:11,2026-09-12T23:40,20391,百合ヶ丘店,満席,4,FULL,0
2026-09-12T23:51:11,2026-09-12T23:40,20332,横浜北山田店,満席,4,FULL,0
2026-09-13T00:00:53,2026-09-12T23:50,20903,調布南口店,満席,4,FULL,0
2026-09-13T00:00:53,2026-09-12T23:50,20895,登戸駅前店,残1席,1,AVAILABLE,1
2026-09-13T00:00:53,2026-09-12T23:50,20391,百合ヶ丘店,満席,4,FULL,0
2026-09-13T00:00:53,2026-09-12T23:50,20332,横浜北山田店,満席,4,FULL,0
2026-09-13T00:16:59,2026-09-13T00:10,20903,調布南口店,満席,4,FULL,0
2026-09-13T00:16:59,2026-09-13T00:10,20895,登戸駅前店,満席,4,FULL,0
2026-09-13T00:16:59,2026-09-13T00:10,20391,百合ヶ丘店,満席,4,FULL,0
2026-09-13T00:16:59,2026-09-13T00:10,20332,横浜北山田店,満席,4,FULL,0
2026-09-13T00:26:27,2026-09-13T00:20,20903,調布南口店,残3席,1,AVAILABLE,3
2026-09-13T00:26:27,2026-09-13T00:20,20895,登戸駅前店,満席,4,FULL,0
2026-09-13T00:26:27,2026-09-13T00:20,20391,百合ヶ丘店,満席,4,FULL,0
2026-09-13T00:26:27,2026-09-13T00:20,20332,横浜北山田店,満席,4,FULL,0
2026-09-13T00:33:41,2026-09-13T00:30,20903,調布南口店,残4席,1,AVAILABLE,4
2026-09-13T00:33:41,2026-09-13T00:30,20895,登戸駅前店,満席,4,FULL,0
2026-09-13T00:33:41,2026-09-13T00:30,20391,百合ヶ丘店,満席,4,FULL,0
2026-09-13T00:33:41,2026-09-13T00:30,20332,横浜北山田店,満席,4,FULL,0
2026-09-13T00:42:29,2026-09-13T00:40,20903,調布南口店,残2席,1,AVAILABLE,2
2026-09-13T00:42:29,2026-09-13T00:40,20895,登戸駅前店,満席,4,FULL,0
2026-09-13T00:42:29,2026-09-13T00:40,20391,百合ヶ丘店,満席,4,FULL,0
2026-09-13T00:42:29,2026-09-13T00:40,20332,横浜北山田店,満席,4,FULL,0
2026-09-13T00:50:33,2026-09-13T00:40,20903,調布南口店,残2席,1,AVAILABLE,2
2026-09-13T00:50:33,2026-09-13T00:40,20895,登戸駅前店,満席,4,FULL,0
2026-09-13T00:50:33,2026-09-13T00:40,20391,百合ヶ丘店,満席,4,FULL,0
2026-09-13T00:50:33,2026-09-13T00:40,20332,横浜北山田店,満席,4,FULL,0
2026-09-13T01:01:02,2026-09-13T00:50,20903,調布南口店,残2席,1,AVAILABLE,2
2026-09-13T01:01:02,2026-09-13T00:50,20895,登戸駅前店,満席,4,FULL,0
2026-09-13T01:01:02,2026-09-13T00:50,20391,百合ヶ丘店,満席,4,FULL,0
2026-09-13T01:01:02,2026-09-13T00:50,20332,横浜北山田店,満席,4,FULL,0
2026-09-13T01:18:23,2026-09-13T01:10,20903,調布南口店,残2席,1,AVAILABLE,2
2026-09-13T01:18:23,2026-09-13T01:10,20895,登戸駅前店,満席,4,FULL,0
2026-09-13T01:18:23,2026-09-13T01:10,20391,百合ヶ丘店,満席,4,FULL,0
2026-09-13T01:18:23,2026-09-13T01:10,20332,横浜北山田店,満席,4,FULL,0
2026-09-13T01:28:30,2026-09-13T01:20,20903,調布南口店,残1席,1,AVAILABLE,1
2026-09-13T01:28:30,2026-09-13T01:20,20895,登戸駅前店,満席,4,FULL,0
2026-09-13T01:28:30,2026-09-13T01:20,20391,百合ヶ丘店,満席,4,FULL,0
2026-09-13T01:28:30,2026-09-13T01:20,20332,横浜北山田店,満席,4,FULL,0
2026-09-13T01:36:58,2026-09-13T01:30,20903,調布南口店,満席,4,FULL,0
2026-09-13T01:36:58,2026-09-13T01:30,20895,登戸駅前店,満席,4,FULL,0
2026-09-13T01:36:58,2026-09-13T01:30,20391,百合ヶ丘店,満席,4,FULL,0
2026-09-13T01:36:58,2026-09-13T01:30,20332,横浜北山田店,満席,4,FULL,0
2026-09-13T01:43:50,2026-09-13T01:40,20903,調布南口店,満席,4,FULL,0
2026-09-13T01:43:50,2026-09-13T01:40,20895,登戸駅前店,満席,4,FULL,0
2026-09-13T01:43:50,2026-09-13T01:40,20391,百合ヶ丘店,満席,4,FULL,0
2026-09-13T01:43:50,2026-09-13T01:40,20332,横浜北山田店,満席,4,FULL,0
2026-09-13T01:50:45,2026-09-13T01:40,20903,調布南口店,満席,4,FULL,0
2026-09-13T01:50:45,2026-09-13T01:40,20895,登戸駅前店,満席,4,FULL,0
2026-09-13T01:50:45,2026-09-13T01:40,20391,百合ヶ丘店,満席,4,FULL,0
2026-09-13T01:50:45,2026-09-13T01:40,20332,横浜北山田店,満席,4,FULL,0
2026-09-13T02:00:52,2026-09-13T01:50,20903,調布南口店,満席,4,FULL,0
2026-09-13T02:00:52,2026-09-13T01:50,20895,登戸駅前店,満席,4,FULL,0
2026-09-13T02:00:52,2026-09-13T01:50,20391,百合ヶ丘店,満席,4,FULL,0
2026-09-13T02:00:52,2026-09-13T01:50,20332,横浜北山田店,満席,4,FULL,0
2026-09-13T02:16:15,2026-09-13T02:10,20903,調布南口店,残1席,1,AVAILABLE,1
2026-09-13T02:16:15,2026-09-13T02:10,20895,登戸駅前店,満席,4,FULL,0
2026-09-13T02:16:15,2026-09-13T02:10,20391,百合ヶ丘店,満席,4,FULL,0
2026-09-13T02:16:15,2026-09-13T02:10,20332,横浜北山田店,満席,4,FULL,0
2026-09-13T02:24:56,2026-09-13T02:20,20903,調布南口店,残1席,1,AVAILABLE,1
2026-09-13T02:24:56,2026-09-13T02:20,20895,登戸駅前店,満席,4,FULL,0
2026-09-13T02:24:56,2026-09-13T02:20,20391,百合ヶ丘店,残1席,1,AVAILABLE,1
2026-09-13T02:24:56,2026-09-13T02:20,20332,横浜北山田店,残3席,1,AVAILABLE,3
2026-09-13T02:31:33,2026-09-13T02:20,20903,調布南口店,残1席,1,AVAILABLE,1
2026-09-13T02:31:33,2026-09-13T02:20,20895,登戸駅前店,満席,4,FULL,0
2026-09-13T02:31:33,2026-09-13T02:20,20391,百合ヶ丘店,残1席,1,AVAILABLE,1
2026-09-13T02:31:33,2026-09-13T02:20,20332,横浜北山田店,残3席,1,AVAILABLE,3
2026-09-13T02:41:37,2026-09-13T02:30,20903,調布南口店,残1席,1,AVAILABLE,1
2026-09-13T02:41:37,2026-09-13T02:30,20895,登戸駅前店,満席,4,FULL,0
2026-09-13T02:41:37,2026-09-13T02:30,20391,百合ヶ丘店,残1席,1,AVAILABLE,1
2026-09-13T02:41:37,2026-09-13T02:30,20332,横浜北山田店,残1席,1,AVAILABLE,1
2026-09-13T02:50:56,2026-09-13T02:40,20903,調布南口店,残1席,1,AVAILABLE,1
2026-09-13T02:50:56,2026-09-13T02:40,20895,登戸駅前店,満席,4,FULL,0
2026-09-13T02:50:56,2026-09-13T02:40,20391,百合ヶ丘店,残2席,1,AVAILABLE,2
2026-09-13T02:50:56,2026-09-13T02:40,20332,横浜北山田店,残1席,1,AVAILABLE,1
2026-09-13T03:01:07,2026-09-13T02:50,20903,調布南口店,残2席,1,AVAILABLE,2
2026-09-13T03:01:07,2026-09-13T02:50,20895,登戸駅前店,満席,4,FULL,0
2026-09-13T03:01:07,2026-09-13T02:50,20391,百合ヶ丘店,残2席,1,AVAILABLE,2
2026-09-13T03:01:07,2026-09-13T02:50,20332,横浜北山田店,残1席,1,AVAILABLE,1
2026-09-13T03:19:44,2026-09-13T03:10,20903,調布南口店,残2席,1,AVAILABLE,2
2026-09-13T03:19:44,2026-09-13T03:10,20895,登戸駅前店,満席,4,FULL,0
2026-09-13T03:19:44,2026-09-13T03:10,20391,百合ヶ丘店,残2席,1,AVAILABLE,2
2026-09-13T03:19:44,2026-09-13T03:10,20332,横浜北山田店,残1席,1,AVAILABLE,1
2026-09-13T03:30:56,2026-09-13T03:20,20903,調布南口店,残2席,1,AVAILABLE,2
2026-09-13T03:30:56,2026-09-13T03:20,20895,登戸駅前店,満席,4,FULL,0
2026-09-13T03:30:56,2026-09-13T03:20,20391,百合ヶ丘店,残2席,1,AVAILABLE,2
2026-09-13T03:30:56,2026-09-13T03:20,20332,横浜北山田店,残7席,1,AVAILABLE,7
2026-09-13T03:43:50,2026-09-13T03:40,20903,調布南口店,残1席,1,AVAILABLE,1
2026-09-13T03:43:50,2026-09-13T03:40,20895,登戸駅前店,満席,4,FULL,0
2026-09-13T03:43:50,2026-09-13T03:40,20391,百合ヶ丘店,残1席,1,AVAILABLE,1
2026-09-13T03:43:50,2026-09-13T03:40,20332,横浜北山田店,残7席,1,AVAILABLE,7
2026-09-13T03:50:58,2026-09-13T03:40,20903,調布南口店,残1席,1,AVAILABLE,1
2026-09-13T03:50:58,2026-09-13T03:40,20895,登戸駅前店,満席,4,FULL,0
2026-09-13T03:50:58,2026-09-13T03:40,20391,百合ヶ丘店,残1席,1,AVAILABLE,1
2026-09-13T03:50:58,2026-09-13T03:40,20332,横浜北山田店,残7席,1,AVAILABLE,7
2026-09-13T04:00:48,2026-09-13T03:50,20903,調布南口店,残1席,1,AVAILABLE,1
2026-09-13T04:00:48,2026-09-13T03:50,20895,登戸駅前店,満席,4,FULL,0
2026-09-13T04:00:48,2026-09-13T03:50,20391,百合ヶ丘店,残1席,1,AVAILABLE,1
2026-09-13T04:00:48,2026-09-13T03:50,20332,横浜北山田店,残7席,1,AVAILABLE,7
2026-09-13T04:15:00,2026-09-13T04:10,20903,調布南口店,残1席,1,AVAILABLE,1
2026-09-13T04:15:00,2026-09-13T04:10,20895,登戸駅前店,残1席,1,AVAILABLE,1
2026-09-13T04:15:00,2026-09-13T04:10,20391,百合ヶ丘店,残1席,1,AVAILABLE,1
2026-09-13T04:15:00,2026-09-13T04:10,20332,横浜北山田店,残7席,1,AVAILABLE,7
2026-09-13T04:23:30,2026-09-13T04:20,20903,調布南口店,残1席,1,AVAILABLE,1
2026-09-13T04:23:30,2026-09-13T04:20,20895,登戸駅前店,残1席,1,AVAILABLE,1
2026-09-13T04:23:30,2026-09-13T04:20,20391,百合ヶ丘店,残1席,1,AVAILABLE,1
2026-09-13T04:23:30,2026-09-13T04:20,20332,横浜北山田店,残9席,1,AVAILABLE,9
2026-09-13T04:31:33,2026-09-13T04:20,20903,調布南口店,残1席,1,AVAILABLE,1
2026-09-13T04:31:33,2026-09-13T04:20,20895,登戸駅前店,残1席,1,AVAILABLE,1
2026-09-13T04:31:33,2026-09-13T04:20,20391,百合ヶ丘店,残1席,1,AVAILABLE,1
2026-09-13T04:31:33,2026-09-13T04:20,20332,横浜北山田店,残9席,1,AVAILABLE,9
2026-09-13T04:42:27,2026-09-13T04:40,20903,調布南口店,残1席,1,AVAILABLE,1
2026-09-13T04:42:27,2026-09-13T04:40,20895,登戸駅前店,残1席,1,AVAILABLE,1
2026-09-13T04:42:27,2026-09-13T04:40,20391,百合ヶ丘店,残1席,1,AVAILABLE,1
2026-09-13T04:42:27,2026-09-13T04:40,20332,横浜北山田店,残8席,1,AVAILABLE,8
2026-09-13T04:50:37,2026-09-13T04:40,20903,調布南口店,残1席,1,AVAILABLE,1
2026-09-13T04:50:37,2026-09-13T04:40,20895,登戸駅前店,残1席,1,AVAILABLE,1
2026-09-13T04:50:37,2026-09-13T04:40,20391,百合ヶ丘店,残1席,1,AVAILABLE,1
2026-09-13T04:50:37,2026-09-13T04:40,20332,横浜北山田店,残8席,1,AVAILABLE,8
2026-09-13T05:00:51,2026-09-13T04:50,20903,調布南口店,残2席,1,AVAILABLE,2
2026-09-13T05:00:51,2026-09-13T04:50,20895,登戸駅前店,残1席,1,AVAILABLE,1
2026-09-13T05:00:51,2026-09-13T04:50,20391,百合ヶ丘店,残1席,1,AVAILABLE,1
2026-09-13T05:00:51,2026-09-13T04:50,20332,横浜北山田店,残7席,1,AVAILABLE,7
2026-09-13T05:22:52,2026-09-13T05:20,20903,調布南口店,残2席,1,AVAILABLE,2
2026-09-13T05:22:52,2026-09-13T05:20,20895,登戸駅前店,残1席,1,AVAILABLE,1
2026-09-13T05:22:52,2026-09-13T05:20,20391,百合ヶ丘店,残2席,1,AVAILABLE,2
2026-09-13T05:22:52,2026-09-13T05:20,20332,横浜北山田店,残7席,1,AVAILABLE,7
2026-09-13T05:29:30,2026-09-13T05:20,20903,調布南口店,残2席,1,AVAILABLE,2
2026-09-13T05:29:30,2026-09-13T05:20,20895,登戸駅前店,残1席,1,AVAILABLE,1
2026-09-13T05:29:30,2026-09-13T05:20,20391,百合ヶ丘店,残2席,1,AVAILABLE,2
2026-09-13T05:29:30,2026-09-13T05:20,20332,横浜北山田店,残7席,1,AVAILABLE,7
2026-09-13T05:41:26,2026-09-13T05:30,20903,調布南口店,満席,4,FULL,0
2026-09-13T05:41:26,2026-09-13T05:30,20895,登戸駅前店,残1席,1,AVAILABLE,1
2026-09-13T05:41:26,2026-09-13T05:30,20391,百合ヶ丘店,残2席,1,AVAILABLE,2
2026-09-13T05:41:26,2026-09-13T05:30,20332,横浜北山田店,残9席,1,AVAILABLE,9
2026-09-13T05:53:35,2026-09-13T05:50,20903,調布南口店,満席,4,FULL,0
2026-09-13T05:53:35,2026-09-13T05:50,20895,登戸駅前店,残1席,1,AVAILABLE,1
2026-09-13T05:53:35,2026-09-13T05:50,20391,百合ヶ丘店,残3席,1,AVAILABLE,3
2026-09-13T05:53:35,2026-09-13T05:50,20332,横浜北山田店,残8席,1,AVAILABLE,8
2026-09-13T06:01:13,2026-09-13T05:50,20903,調布南口店,満席,4,FULL,0
2026-09-13T06:01:13,2026-09-13T05:50,20895,登戸駅前店,残1席,1,AVAILABLE,1
2026-09-13T06:01:13,2026-09-13T05:50,20391,百合ヶ丘店,残3席,1,AVAILABLE,3
2026-09-13T06:01:13,2026-09-13T05:50,20332,横浜北山田店,残8席,1,AVAILABLE,8
2026-09-13T06:18:02,2026-09-13T06:10,20903,調布南口店,満席,4,FULL,0
2026-09-13T06:18:02,2026-09-13T06:10,20895,登戸駅前店,満席,4,FULL,0
2026-09-13T06:18:02,2026-09-13T06:10,20391,百合ヶ丘店,残3席,1,AVAILABLE,3
2026-09-13T06:18:02,2026-09-13T06:10,20332,横浜北山田店,残9席,1,AVAILABLE,9
2026-09-13T06:27:20,2026-09-13T06:20,20903,調布南口店,残2席,1,AVAILABLE,2
2026-09-13T06:27:20,2026-09-13T06:20,20895,登戸駅前店,満席,4,FULL,0
2026-09-13T06:27:20,2026-09-13T06:20,20391,百合ヶ丘店,残3席,1,AVAILABLE,3
2026-09-13T06:27:20,2026-09-13T06:20,20332,横浜北山田店,残9席,1,AVAILABLE,9
2026-09-13T06:35:01,2026-09-13T06:30,20903,調布南口店,残2席,1,AVAILABLE,2
2026-09-13T06:35:01,2026-09-13T06:30,20895,登戸駅前店,満席,4,FULL,0
2026-09-13T06:35:01,2026-09-13T06:30,20391,百合ヶ丘店,残3席,1,AVAILABLE,3
2026-09-13T06:35:01,2026-09-13T06:30,20332,横浜北山田店,残9席,1,AVAILABLE,9
2026-09-13T06:43:09,2026-09-13T06:40,20903,調布南口店,残2席,1,AVAILABLE,2
2026-09-13T06:43:09,2026-09-13T06:40,20895,登戸駅前店,満席,4,FULL,0
2026-09-13T06:43:09,2026-09-13T06:40,20391,百合ヶ丘店,残3席,1,AVAILABLE,3
2026-09-13T06:43:09,2026-09-13T06:40,20332,横浜北山田店,残8席,1,AVAILABLE,8
2026-09-13T06:50:57,2026-09-13T06:40,20903,調布南口店,残2席,1,AVAILABLE,2
2026-09-13T06:50:57,2026-09-13T06:40,20895,登戸駅前店,満席,4,FULL,0
2026-09-13T06:50:57,2026-09-13T06:40,20391,百合ヶ丘店,残3席,1,AVAILABLE,3
2026-09-13T06:50:57,2026-09-13T06:40,20332,横浜北山田店,残8席,1,AVAILABLE,8
2026-09-13T07:02:19,2026-09-13T07:00,20903,調布南口店,残2席,1,AVAILABLE,2
2026-09-13T07:02:19,2026-09-13T07:00,20895,登戸駅前店,残1席,1,AVAILABLE,1
2026-09-13T07:02:19,2026-09-13T07:00,20391,百合ヶ丘店,残2席,1,AVAILABLE,2
2026-09-13T07:02:19,2026-09-13T07:00,20332,横浜北山田店,残5席,1,AVAILABLE,5
2026-09-13T07:16:39,2026-09-13T07:10,20903,調布南口店,残2席,1,AVAILABLE,2
2026-09-13T07:16:39,2026-09-13T07:10,20895,登戸駅前店,残1席,1,AVAILABLE,1
2026-09-13T07:16:39,2026-09-13T07:10,20391,百合ヶ丘店,残2席,1,AVAILABLE,2
2026-09-13T07:16:39,2026-09-13T07:10,20332,横浜北山田店,残3席,1,AVAILABLE,3
2026-09-13T07:26:19,2026-09-13T07:20,20903,調布南口店,残2席,1,AVAILABLE,2
2026-09-13T07:26:19,2026-09-13T07:20,20895,登戸駅前店,残1席,1,AVAILABLE,1
2026-09-13T07:26:19,2026-09-13T07:20,20391,百合ヶ丘店,残2席,1,AVAILABLE,2
2026-09-13T07:26:19,2026-09-13T07:20,20332,横浜北山田店,残3席,1,AVAILABLE,3
2026-09-13T07:33:10,2026-09-13T07:30,20903,調布南口店,残2席,1,AVAILABLE,2
2026-09-13T07:33:10,2026-09-13T07:30,20895,登戸駅前店,残1席,1,AVAILABLE,1
2026-09-13T07:33:10,2026-09-13T07:30,20391,百合ヶ丘店,残1席,1,AVAILABLE,1
2026-09-13T07:33:10,2026-09-13T07:30,20332,横浜北山田店,残1席,1,AVAILABLE,1
2026-09-13T07:44:05,2026-09-13T07:40,20903,調布南口店,残2席,1,AVAILABLE,2
2026-09-13T07:44:05,2026-09-13T07:40,20895,登戸駅前店,残1席,1,AVAILABLE,1
2026-09-13T07:44:05,2026-09-13T07:40,20391,百合ヶ丘店,残1席,1,AVAILABLE,1
2026-09-13T07:44:05,2026-09-13T07:40,20332,横浜北山田店,満席,4,FULL,0
2026-09-13T07:51:47,2026-09-13T07:40,20903,調布南口店,残2席,1,AVAILABLE,2
2026-09-13T07:51:47,2026-09-13T07:40,20895,登戸駅前店,残1席,1,AVAILABLE,1
2026-09-13T07:51:47,2026-09-13T07:40,20391,百合ヶ丘店,残1席,1,AVAILABLE,1
2026-09-13T07:51:47,2026-09-13T07:40,20332,横浜北山田店,満席,4,FULL,0
2026-09-13T08:01:02,2026-09-13T07:50,20903,調布南口店,残2席,1,AVAILABLE,2
2026-09-13T08:01:02,2026-09-13T07:50,20895,登戸駅前店,残1席,1,AVAILABLE,1
2026-09-13T08:01:02,2026-09-13T07:50,20391,百合ヶ丘店,残1席,1,AVAILABLE,1
2026-09-13T08:01:02,2026-09-13T07:50,20332,横浜北山田店,満席,4,FULL,0
2026-09-13T08:17:11,2026-09-13T08:10,20903,調布南口店,残2席,1,AVAILABLE,2
2026-09-13T08:17:11,2026-09-13T08:10,20895,登戸駅前店,満席,4,FULL,0
2026-09-13T08:17:11,2026-09-13T08:10,20391,百合ヶ丘店,満席,4,FULL,0
2026-09-13T08:17:11,2026-09-13T08:10,20332,横浜北山田店,満席,4,FULL,0
2026-09-13T08:26:01,2026-09-13T08:20,20903,調布南口店,残3席,1,AVAILABLE,3
2026-09-13T08:26:01,2026-09-13T08:20,20895,登戸駅前店,満席,4,FULL,0
2026-09-13T08:26:01,2026-09-13T08:20,20391,百合ヶ丘店,満席,4,FULL,0
2026-09-13T08:26:01,2026-09-13T08:20,20332,横浜北山田店,満席,4,FULL,0
2026-09-13T08:32:07,2026-09-13T08:30,20903,調布南口店,残3席,1,AVAILABLE,3
2026-09-13T08:32:07,2026-09-13T08:30,20895,登戸駅前店,満席,4,FULL,0
2026-09-13T08:32:07,2026-09-13T08:30,20391,百合ヶ丘店,満席,4,FULL,0
2026-09-13T08:32:07,2026-09-13T08:30,20332,横浜北山田店,満席,4,FULL,0
2026-09-13T08:41:30,2026-09-13T08:30,20903,調布南口店,残2席,1,AVAILABLE,2
2026-09-13T08:41:30,2026-09-13T08:30,20895,登戸駅前店,満席,4,FULL,0
2026-09-13T08:41:30,2026-09-13T08:30,20391,百合ヶ丘店,満席,4,FULL,0
2026-09-13T08:41:30,2026-09-13T08:30,20332,横浜北山田店,満席,4,FULL,0
2026-09-13T08:50:31,2026-09-13T08:40,20903,調布南口店,残2席,1,AVAILABLE,2
2026-09-13T08:50:31,2026-09-13T08:40,20895,登戸駅前店,満席,4,FULL,0
2026-09-13T08:50:31,2026-09-13T08:40,20391,百合ヶ丘店,満席,4,FULL,0
2026-09-13T08:50:31,2026-09-13T08:40,20332,横浜北山田店,残1席,1,AVAILABLE,1
2026-09-13T09:00:55,2026-09-13T08:50,20903,調布南口店,残2席,1,AVAILABLE,2
2026-09-13T09:00:55,2026-09-13T08:50,20895,登戸駅前店,満席,4,FULL,0
2026-09-13T09:00:55,2026-09-13T08:50,20391,百合ヶ丘店,残1席,1,AVAILABLE,1
2026-09-13T09:00:55,2026-09-13T08:50,20332,横浜北山田店,残2席,1,AVAILABLE,2
2026-09-13T09:26:21,2026-09-13T09:20,20903,調布南口店,残1席,1,AVAILABLE,1
2026-09-13T09:26:21,2026-09-13T09:20,20895,登戸駅前店,残1席,1,AVAILABLE,1
2026-09-13T09:26:21,2026-09-13T09:20,20391,百合ヶ丘店,残1席,1,AVAILABLE,1
2026-09-13T09:26:21,2026-09-13T09:20,20332,横浜北山田店,残3席,1,AVAILABLE,3
2026-09-13T09:41:14,2026-09-13T09:30,20903,調布南口店,満席,4,FULL,0
2026-09-13T09:41:14,2026-09-13T09:30,20895,登戸駅前店,残1席,1,AVAILABLE,1
2026-09-13T09:41:14,2026-09-13T09:30,20391,百合ヶ丘店,残1席,1,AVAILABLE,1
2026-09-13T09:41:14,2026-09-13T09:30,20332,横浜北山田店,残3席,1,AVAILABLE,3
2026-09-13T09:55:13,2026-09-13T09:50,20903,調布南口店,残1席,1,AVAILABLE,1
2026-09-13T09:55:13,2026-09-13T09:50,20895,登戸駅前店,満席,4,FULL,0
2026-09-13T09:55:13,2026-09-13T09:50,20391,百合ヶ丘店,残1席,1,AVAILABLE,1
2026-09-13T09:55:13,2026-09-13T09:50,20332,横浜北山田店,残5席,1,AVAILABLE,5
2026-09-13T10:01:10,2026-09-13T09:50,20903,調布南口店,残1席,1,AVAILABLE,1
2026-09-13T10:01:10,2026-09-13T09:50,20895,登戸駅前店,満席,4,FULL,0
2026-09-13T10:01:10,2026-09-13T09:50,20391,百合ヶ丘店,残1席,1,AVAILABLE,1
2026-09-13T10:01:10,2026-09-13T09:50,20332,横浜北山田店,残5席,1,AVAILABLE,5
2026-09-13T10:16:31,2026-09-13T10:10,20903,調布南口店,残1席,1,AVAILABLE,1
2026-09-13T10:16:31,2026-09-13T10:10,20895,登戸駅前店,満席,4,FULL,0
2026-09-13T10:16:31,2026-09-13T10:10,20391,百合ヶ丘店,残1席,1,AVAILABLE,1
2026-09-13T10:16:31,2026-09-13T10:10,20332,横浜北山田店,残6席,1,AVAILABLE,6
2026-09-13T10:26:50,2026-09-13T10:20,20903,調布南口店,残1席,1,AVAILABLE,1
2026-09-13T10:26:50,2026-09-13T10:20,20895,登戸駅前店,満席,4,FULL,0
2026-09-13T10:26:50,2026-09-13T10:20,20391,百合ヶ丘店,残1席,1,AVAILABLE,1
2026-09-13T10:26:50,2026-09-13T10:20,20332,横浜北山田店,残5席,1,AVAILABLE,5
2026-09-13T10:35:37,2026-09-13T10:30,20903,調布南口店,満席,4,FULL,0
2026-09-13T10:35:37,2026-09-13T10:30,20895,登戸駅前店,満席,4,FULL,0
2026-09-13T10:35:37,2026-09-13T10:30,20391,百合ヶ丘店,満席,4,FULL,0
2026-09-13T10:35:37,2026-09-13T10:30,20332,横浜北山田店,残4席,1,AVAILABLE,4
2026-09-13T10:44:34,2026-09-13T10:40,20903,調布南口店,満席,4,FULL,0
2026-09-13T10:44:34,2026-09-13T10:40,20895,登戸駅前店,満席,4,FULL,0
2026-09-13T10:44:34,2026-09-13T10:40,20391,百合ヶ丘店,残1席,1,AVAILABLE,1
2026-09-13T10:44:34,2026-09-13T10:40,20332,横浜北山田店,残6席,1,AVAILABLE,6
2026-09-13T10:52:35,2026-09-13T10:50,20903,調布南口店,満席,4,FULL,0
2026-09-13T10:52:35,2026-09-13T10:50,20895,登戸駅前店,満席,4,FULL,0
2026-09-13T10:52:35,2026-09-13T10:50,20391,百合ヶ丘店,残1席,1,AVAILABLE,1
2026-09-13T10:52:35,2026-09-13T10:50,20332,横浜北山田店,残7席,1,AVAILABLE,7
2026-09-13T11:01:04,2026-09-13T10:50,20903,調布南口店,満席,4,FULL,0
2026-09-13T11:01:04,2026-09-13T10:50,20895,登戸駅前店,満席,4,FULL,0
2026-09-13T11:01:04,2026-09-13T10:50,20391,百合ヶ丘店,残1席,1,AVAILABLE,1
2026-09-13T11:01:04,2026-09-13T10:50,20332,横浜北山田店,残7席,1,AVAILABLE,7
2026-09-13T11:18:40,2026-09-13T11:10,20903,調布南口店,満席,4,FULL,0
2026-09-13T11:18:40,2026-09-13T11:10,20895,登戸駅前店,満席,4,FULL,0
2026-09-13T11:18:40,2026-09-13T11:10,20391,百合ヶ丘店,満席,4,FULL,0
2026-09-13T11:18:40,2026-09-13T11:10,20332,横浜北山田店,残6席,1,AVAILABLE,6
2026-09-13T11:29:08,2026-09-13T11:20,20903,調布南口店,満席,4,FULL,0
2026-09-13T11:29:08,2026-09-13T11:20,20895,登戸駅前店,満席,4,FULL,0
2026-09-13T11:29:08,2026-09-13T11:20,20391,百合ヶ丘店,満席,4,FULL,0
2026-09-13T11:29:08,2026-09-13T11:20,20332,横浜北山田店,残5席,1,AVAILABLE,5
2026-09-13T11:38:29,2026-09-13T11:30,20903,調布南口店,残1席,1,AVAILABLE,1
2026-09-13T11:38:29,2026-09-13T11:30,20895,登戸駅前店,満席,4,FULL,0
2026-09-13T11:38:29,2026-09-13T11:30,20391,百合ヶ丘店,満席,4,FULL,0
2026-09-13T11:38:29,2026-09-13T11:30,20332,横浜北山田店,残4席,1,AVAILABLE,4
2026-09-13T11:46:21,2026-09-13T11:40,20903,調布南口店,残1席,1,AVAILABLE,1
2026-09-13T11:46:21,2026-09-13T11:40,20895,登戸駅前店,満席,4,FULL,0
2026-09-13T11:46:21,2026-09-13T11:40,20391,百合ヶ丘店,満席,4,FULL,0
2026-09-13T11:46:21,2026-09-13T11:40,20332,横浜北山田店,残5席,1,AVAILABLE,5
2026-09-13T11:53:02,2026-09-13T11:50,20903,調布南口店,残1席,1,AVAILABLE,1
2026-09-13T11:53:02,2026-09-13T11:50,20895,登戸駅前店,満席,4,FULL,0
2026-09-13T11:53:02,2026-09-13T11:50,20391,百合ヶ丘店,満席,4,FULL,0
2026-09-13T11:53:02,2026-09-13T11:50,20332,横浜北山田店,残5席,1,AVAILABLE,5
2026-09-13T12:00:45,2026-09-13T11:50,20903,調布南口店,残1席,1,AVAILABLE,1
2026-09-13T12:00:45,2026-09-13T11:50,20895,登戸駅前店,満席,4,FULL,0
2026-09-13T12:00:45,2026-09-13T11:50,20391,百合ヶ丘店,満席,4,FULL,0
2026-09-13T12:00:45,2026-09-13T11:50,20332,横浜北山田店,残5席,1,AVAILABLE,5
2026-09-13T12:18:41,2026-09-13T12:10,20903,調布南口店,残2席,1,AVAILABLE,2
2026-09-13T12:18:41,2026-09-13T12:10,20895,登戸駅前店,満席,4,FULL,0
2026-09-13T12:18:41,2026-09-13T12:10,20391,百合ヶ丘店,満席,4,FULL,0
2026-09-13T12:18:41,2026-09-13T12:10,20332,横浜北山田店,残4席,1,AVAILABLE,4
2026-09-13T12:29:43,2026-09-13T12:20,20903,調布南口店,残2席,1,AVAILABLE,2
2026-09-13T12:29:43,2026-09-13T12:20,20895,登戸駅前店,満席,4,FULL,0
2026-09-13T12:29:43,2026-09-13T12:20,20391,百合ヶ丘店,満席,4,FULL,0
2026-09-13T12:29:43,2026-09-13T12:20,20332,横浜北山田店,残3席,1,AVAILABLE,3
2026-09-13T12:39:55,2026-09-13T12:30,20903,調布南口店,残1席,1,AVAILABLE,1
2026-09-13T12:39:55,2026-09-13T12:30,20895,登戸駅前店,満席,4,FULL,0
2026-09-13T12:39:55,2026-09-13T12:30,20391,百合ヶ丘店,満席,4,FULL,0
2026-09-13T12:39:55,2026-09-13T12:30,20332,横浜北山田店,残1席,1,AVAILABLE,1
2026-09-13T12:47:28,2026-09-13T12:40,20903,調布南口店,満席,4,FULL,0
2026-09-13T12:47:28,2026-09-13T12:40,20895,登戸駅前店,満席,4,FULL,0
2026-09-13T12:47:28,2026-09-13T12:40,20391,百合ヶ丘店,満席,4,FULL,0
2026-09-13T12:47:28,2026-09-13T12:40,20332,横浜北山田店,満席,4,FULL,0
2026-09-13T12:54:07,2026-09-13T12:50,20903,調布南口店,満席,4,FULL,0
2026-09-13T12:54:07,2026-09-13T12:50,20895,登戸駅前店,満席,4,FULL,0
2026-09-13T12:54:07,2026-09-13T12:50,20391,百合ヶ丘店,満席,4,FULL,0
2026-09-13T12:54:07,2026-09-13T12:50,20332,横浜北山田店,満席,4,FULL,0
2026-09-13T13:00:58,2026-09-13T12:50,20903,調布南口店,満席,4,FULL,0
2026-09-13T13:00:58,2026-09-13T12:50,20895,登戸駅前店,満席,4,FULL,0
2026-09-13T13:00:58,2026-09-13T12:50,20391,百合ヶ丘店,満席,4,FULL,0
2026-09-13T13:00:58,2026-09-13T12:50,20332,横浜北山田店,満席,4,FULL,0
2026-09-13T13:18:35,2026-09-13T13:10,20903,調布南口店,満席,4,FULL,0
2026-09-13T13:18:35,2026-09-13T13:10,20895,登戸駅前店,満席,4,FULL,0
2026-09-13T13:18:35,2026-09-13T13:10,20391,百合ヶ丘店,満席,4,FULL,0
2026-09-13T13:18:35,2026-09-13T13:10,20332,横浜北山田店,残2席,1,AVAILABLE,2
2026-09-13T13:29:17,2026-09-13T13:20,20903,調布南口店,満席,4,FULL,0
2026-09-13T13:29:17,2026-09-13T13:20,20895,登戸駅前店,満席,4,FULL,0
2026-09-13T13:29:17,2026-09-13T13:20,20391,百合ヶ丘店,満席,4,FULL,0
2026-09-13T13:29:17,2026-09-13T13:20,20332,横浜北山田店,残1席,1,AVAILABLE,1
2026-09-13T13:38:49,2026-09-13T13:30,20903,調布南口店,満席,4,FULL,0
2026-09-13T13:38:49,2026-09-13T13:30,20895,登戸駅前店,満席,4,FULL,0
2026-09-13T13:38:49,2026-09-13T13:30,20391,百合ヶ丘店,満席,4,FULL,0
2026-09-13T13:38:49,2026-09-13T13:30,20332,横浜北山田店,満席,4,FULL,0
2026-09-13T13:46:34,2026-09-13T13:40,20903,調布南口店,満席,4,FULL,0
2026-09-13T13:46:34,2026-09-13T13:40,20895,登戸駅前店,満席,4,FULL,0
2026-09-13T13:46:34,2026-09-13T13:40,20391,百合ヶ丘店,満席,4,FULL,0
2026-09-13T13:46:34,2026-09-13T13:40,20332,横浜北山田店,満席,4,FULL,0
2026-09-13T13:52:50,2026-09-13T13:50,20903,調布南口店,満席,4,FULL,0
2026-09-13T13:52:50,2026-09-13T13:50,20895,登戸駅前店,満席,4,FULL,0
2026-09-13T13:52:50,2026-09-13T13:50,20391,百合ヶ丘店,満席,4,FULL,0
2026-09-13T13:52:50,2026-09-13T13:50,20332,横浜北山田店,満席,4,FULL,0
2026-09-13T14:00:59,2026-09-13T13:50,20903,調布南口店,満席,4,FULL,0
2026-09-13T14:00:59,2026-09-13T13:50,20895,登戸駅前店,満席,4,FULL,0
2026-09-13T14:00:59,2026-09-13T13:50,20391,百合ヶ丘店,満席,4,FULL,0
2026-09-13T14:00:59,2026-09-13T13:50,20332,横浜北山田店,満席,4,FULL,0
2026-09-13T14:17:20,2026-09-13T14:10,20903,調布南口店,満席,4,FULL,0
2026-09-13T14:17:20,2026-09-13T14:10,20895,登戸駅前店,満席,4,FULL,0
2026-09-13T14:17:20,2026-09-13T14:10,20391,百合ヶ丘店,満席,4,FULL,0
2026-09-13T14:17:20,2026-09-13T14:10,20332,横浜北山田店,満席,4,FULL,0
2026-09-13T14:26:24,2026-09-13T14:20,20903,調布南口店,満席,4,FULL,0
2026-09-13T14:26:24,2026-09-13T14:20,20895,登戸駅前店,満席,4,FULL,0
2026-09-13T14:26:24,2026-09-13T14:20,20391,百合ヶ丘店,残1席,1,AVAILABLE,1
2026-09-13T14:26:24,2026-09-13T14:20,20332,横浜北山田店,満席,4,FULL,0
2026-09-13T14:34:35,2026-09-13T14:30,20903,調布南口店,残1席,1,AVAILABLE,1
2026-09-13T14:34:35,2026-09-13T14:30,20895,登戸駅前店,満席,4,FULL,0
2026-09-13T14:34:35,2026-09-13T14:30,20391,百合ヶ丘店,満席,4,FULL,0
2026-09-13T14:34:35,2026-09-13T14:30,20332,横浜北山田店,満席,4,FULL,0
2026-09-13T14:43:11,2026-09-13T14:40,20903,調布南口店,残1席,1,AVAILABLE,1
2026-09-13T14:43:11,2026-09-13T14:40,20895,登戸駅前店,満席,4,FULL,0
2026-09-13T14:43:11,2026-09-13T14:40,20391,百合ヶ丘店,残1席,1,AVAILABLE,1
2026-09-13T14:43:11,2026-09-13T14:40,20332,横浜北山田店,満席,4,FULL,0
2026-09-13T14:51:14,2026-09-13T14:40,20903,調布南口店,残1席,1,AVAILABLE,1
2026-09-13T14:51:14,2026-09-13T14:40,20895,登戸駅前店,満席,4,FULL,0
2026-09-13T14:51:14,2026-09-13T14:40,20391,百合ヶ丘店,残1席,1,AVAILABLE,1
2026-09-13T14:51:14,2026-09-13T14:40,20332,横浜北山田店,満席,4,FULL,0
2026-09-13T15:01:08,2026-09-13T14:50,20903,調布南口店,残2席,1,AVAILABLE,2
2026-09-13T15:01:08,2026-09-13T14:50,20895,登戸駅前店,満席,4,FULL,0
2026-09-13T15:01:08,2026-09-13T14:50,20391,百合ヶ丘店,残1席,1,AVAILABLE,1
2026-09-13T15:01:08,2026-09-13T14:50,20332,横浜北山田店,満席,4,FULL,0
2026-09-13T15:27:12,2026-09-13T15:20,20903,調布南口店,満席,4,FULL,0
2026-09-13T15:27:12,2026-09-13T15:20,20895,登戸駅前店,満席,4,FULL,0
2026-09-13T15:27:12,2026-09-13T15:20,20391,百合ヶ丘店,満席,4,FULL,0
2026-09-13T15:27:12,2026-09-13T15:20,20332,横浜北山田店,残1席,1,AVAILABLE,1
2026-09-13T15:41:53,2026-09-13T15:30,20903,調布南口店,満席,4,FULL,0
2026-09-13T15:41:53,2026-09-13T15:30,20895,登戸駅前店,満席,4,FULL,0
2026-09-13T15:41:53,2026-09-13T15:30,20391,百合ヶ丘店,満席,4,FULL,0
2026-09-13T15:41:53,2026-09-13T15:30,20332,横浜北山田店,残1席,1,AVAILABLE,1
2026-09-13T15:55:12,2026-09-13T15:50,20903,調布南口店,満席,4,FULL,0
2026-09-13T15:55:12,2026-09-13T15:50,20895,登戸駅前店,満席,4,FULL,0
2026-09-13T15:55:12,2026-09-13T15:50,20391,百合ヶ丘店,満席,4,FULL,0
2026-09-13T15:55:12,2026-09-13T15:50,20332,横浜北山田店,満席,4,FULL,0
2026-09-13T16:01:16,2026-09-13T15:50,20903,調布南口店,満席,4,FULL,0
2026-09-13T16:01:16,2026-09-13T15:50,20895,登戸駅前店,満席,4,FULL,0
2026-09-13T16:01:16,2026-09-13T15:50,20391,百合ヶ丘店,満席,4,FULL,0
2026-09-13T16:01:16,2026-09-13T15:50,20332,横浜北山田店,満席,4,FULL,0
2026-09-13T16:17:41,2026-09-13T16:10,20903,調布南口店,満席,4,FULL,0
2026-09-13T16:17:41,2026-09-13T16:10,20895,登戸駅前店,残1席,1,AVAILABLE,1
2026-09-13T16:17:41,2026-09-13T16:10,20391,百合ヶ丘店,満席,4,FULL,0
2026-09-13T16:17:41,2026-09-13T16:10,20332,横浜北山田店,満席,4,FULL,0
2026-09-13T16:27:02,2026-09-13T16:20,20903,調布南口店,満席,4,FULL,0
2026-09-13T16:27:02,2026-09-13T16:20,20895,登戸駅前店,満席,4,FULL,0
2026-09-13T16:27:02,2026-09-13T16:20,20391,百合ヶ丘店,残1席,1,AVAILABLE,1
2026-09-13T16:27:02,2026-09-13T16:20,20332,横浜北山田店,残2席,1,AVAILABLE,2
2026-09-13T16:36:12,2026-09-13T16:30,20903,調布南口店,満席,4,FULL,0
2026-09-13T16:36:12,2026-09-13T16:30,20895,登戸駅前店,満席,4,FULL,0
2026-09-13T16:36:12,2026-09-13T16:30,20391,百合ヶ丘店,残1席,1,AVAILABLE,1
2026-09-13T16:36:12,2026-09-13T16:30,20332,横浜北山田店,満席,4,FULL,0
2026-09-13T16:44:05,2026-09-13T16:40,20903,調布南口店,満席,4,FULL,0
2026-09-13T16:44:05,2026-09-13T16:40,20895,登戸駅前店,満席,4,FULL,0
2026-09-13T16:44:05,2026-09-13T16:40,20391,百合ヶ丘店,残1席,1,AVAILABLE,1
2026-09-13T16:44:05,2026-09-13T16:40,20332,横浜北山田店,満席,4,FULL,0
2026-09-13T16:53:30,2026-09-13T16:50,20903,調布南口店,満席,4,FULL,0
2026-09-13T16:53:30,2026-09-13T16:50,20895,登戸駅前店,満席,4,FULL,0
2026-09-13T16:53:30,2026-09-13T16:50,20391,百合ヶ丘店,残1席,1,AVAILABLE,1
2026-09-13T16:53:30,2026-09-13T16:50,20332,横浜北山田店,残2席,1,AVAILABLE,2
2026-09-13T17:01:01,2026-09-13T16:50,20903,調布南口店,満席,4,FULL,0
2026-09-13T17:01:01,2026-09-13T16:50,20895,登戸駅前店,満席,4,FULL,0
2026-09-13T17:01:01,2026-09-13T16:50,20391,百合ヶ丘店,残1席,1,AVAILABLE,1
2026-09-13T17:01:01,2026-09-13T16:50,20332,横浜北山田店,残2席,1,AVAILABLE,2
2026-09-13T17:19:06,2026-09-13T17:10,20903,調布南口店,満席,4,FULL,0
2026-09-13T17:19:06,2026-09-13T17:10,20895,登戸駅前店,残1席,1,AVAILABLE,1
2026-09-13T17:19:06,2026-09-13T17:10,20391,百合ヶ丘店,残2席,1,AVAILABLE,2
2026-09-13T17:19:06,2026-09-13T17:10,20332,横浜北山田店,満席,4,FULL,0
2026-09-13T17:30:25,2026-09-13T17:20,20903,調布南口店,満席,4,FULL,0
2026-09-13T17:30:25,2026-09-13T17:20,20895,登戸駅前店,満席,4,FULL,0
2026-09-13T17:30:25,2026-09-13T17:20,20391,百合ヶ丘店,残1席,1,AVAILABLE,1
2026-09-13T17:30:25,2026-09-13T17:20,20332,横浜北山田店,残1席,1,AVAILABLE,1
2026-09-13T18:45:28,2026-09-13T18:40,20903,調布南口店,満席,4,FULL,0
2026-09-13T18:45:28,2026-09-13T18:40,20895,登戸駅前店,満席,4,FULL,0
2026-09-13T18:45:28,2026-09-13T18:40,20391,百合ヶ丘店,満席,4,FULL,0
2026-09-13T18:45:28,2026-09-13T18:40,20332,横浜北山田店,残3席,1,AVAILABLE,3
2026-09-13T19:07:18,2026-09-13T19:00,20903,調布南口店,満席,4,FULL,0
2026-09-13T19:07:18,2026-09-13T19:00,20895,登戸駅前店,満席,4,FULL,0
2026-09-13T19:07:18,2026-09-13T19:00,20391,百合ヶ丘店,満席,4,FULL,0
2026-09-13T19:07:18,2026-09-13T19:00,20332,横浜北山田店,残1席,1,AVAILABLE,1
2026-09-13T19:23:17,2026-09-13T19:20,20903,調布南口店,満席,4,FULL,0
2026-09-13T19:23:17,2026-09-13T19:20,20895,登戸駅前店,満席,4,FULL,0
2026-09-13T19:23:17,2026-09-13T19:20,20391,百合ヶ丘店,満席,4,FULL,0
2026-09-13T19:23:17,2026-09-13T19:20,20332,横浜北山田店,満席,4,FULL,0
2026-09-13T19:34:44,2026-09-13T19:30,20903,調布南口店,満席,4,FULL,0
2026-09-13T19:34:44,2026-09-13T19:30,20895,登戸駅前店,満席,4,FULL,0
2026-09-13T19:34:44,2026-09-13T19:30,20391,百合ヶ丘店,満席,4,FULL,0
2026-09-13T19:34:44,2026-09-13T19:30,20332,横浜北山田店,満席,4,FULL,0
2026-09-13T19:43:55,2026-09-13T19:40,20903,調布南口店,満席,4,FULL,0
2026-09-13T19:43:55,2026-09-13T19:40,20895,登戸駅前店,満席,4,FULL,0
2026-09-13T19:43:55,2026-09-13T19:40,20391,百合ヶ丘店,満席,4,FULL,0
2026-09-13T19:43:55,2026-09-13T19:40,20332,横浜北山田店,満席,4,FULL,0
2026-09-13T19:51:27,2026-09-13T19:40,20903,調布南口店,満席,4,FULL,0
2026-09-13T19:51:27,2026-09-13T19:40,20895,登戸駅前店,満席,4,FULL,0
2026-09-13T19:51:27,2026-09-13T19:40,20391,百合ヶ丘店,満席,4,FULL,0
2026-09-13T19:51:27,2026-09-13T19:40,20332,横浜北山田店,満席,4,FULL,0
2026-09-13T20:00:45,2026-09-13T19:50,20903,調布南口店,満席,4,FULL,0
2026-09-13T20:00:45,2026-09-13T19:50,20895,登戸駅前店,満席,4,FULL,0
2026-09-13T20:00:45,2026-09-13T19:50,20391,百合ヶ丘店,満席,4,FULL,0
2026-09-13T20:00:45,2026-09-13T19:50,20332,横浜北山田店,満席,4,FULL,0
2026-09-13T20:17:09,2026-09-13T20:10,20903,調布南口店,満席,4,FULL,0
2026-09-13T20:17:09,2026-09-13T20:10,20895,登戸駅前店,満席,4,FULL,0
2026-09-13T20:17:09,2026-09-13T20:10,20391,百合ヶ丘店,満席,4,FULL,0
2026-09-13T20:17:09,2026-09-13T20:10,20332,横浜北山田店,残2席,1,AVAILABLE,2
2026-09-13T20:26:37,2026-09-13T20:20,20903,調布南口店,残1席,1,AVAILABLE,1
2026-09-13T20:26:37,2026-09-13T20:20,20895,登戸駅前店,満席,4,FULL,0
2026-09-13T20:26:37,2026-09-13T20:20,20391,百合ヶ丘店,満席,4,FULL,0
2026-09-13T20:26:37,2026-09-13T20:20,20332,横浜北山田店,残1席,1,AVAILABLE,1
2026-09-13T20:34:33,2026-09-13T20:30,20903,調布南口店,残1席,1,AVAILABLE,1
2026-09-13T20:34:33,2026-09-13T20:30,20895,登戸駅前店,満席,4,FULL,0
2026-09-13T20:34:33,2026-09-13T20:30,20391,百合ヶ丘店,満席,4,FULL,0
2026-09-13T20:34:33,2026-09-13T20:30,20332,横浜北山田店,満席,4,FULL,0
2026-09-13T20:42:44,2026-09-13T20:40,20903,調布南口店,残1席,1,AVAILABLE,1
2026-09-13T20:42:44,2026-09-13T20:40,20895,登戸駅前店,満席,4,FULL,0
2026-09-13T20:42:44,2026-09-13T20:40,20391,百合ヶ丘店,満席,4,FULL,0
2026-09-13T20:42:44,2026-09-13T20:40,20332,横浜北山田店,残1席,1,AVAILABLE,1
2026-09-13T20:51:15,2026-09-13T20:40,20903,調布南口店,残1席,1,AVAILABLE,1
2026-09-13T20:51:15,2026-09-13T20:40,20895,登戸駅前店,満席,4,FULL,0
2026-09-13T20:51:15,2026-09-13T20:40,20391,百合ヶ丘店,満席,4,FULL,0
2026-09-13T20:51:15,2026-09-13T20:40,20332,横浜北山田店,残1席,1,AVAILABLE,1
2026-09-13T21:00:53,2026-09-13T20:50,20903,調布南口店,満席,4,FULL,0
2026-09-13T21:00:53,2026-09-13T20:50,20895,登戸駅前店,満席,4,FULL,0
2026-09-13T21:00:53,2026-09-13T20:50,20391,百合ヶ丘店,満席,4,FULL,0
2026-09-13T21:00:53,2026-09-13T20:50,20332,横浜北山田店,満席,4,FULL,0
2026-09-13T21:22:25,2026-09-13T21:20,20903,調布南口店,満席,4,FULL,0
2026-09-13T21:22:25,2026-09-13T21:20,20895,登戸駅前店,満席,4,FULL,0
2026-09-13T21:22:25,2026-09-13T21:20,20391,百合ヶ丘店,満席,4,FULL,0
2026-09-13T21:22:25,2026-09-13T21:20,20332,横浜北山田店,満席,4,FULL,0
2026-09-13T21:37:16,2026-09-13T21:30,20903,調布南口店,満席,4,FULL,0
2026-09-13T21:37:16,2026-09-13T21:30,20895,登戸駅前店,満席,4,FULL,0
2026-09-13T21:37:16,2026-09-13T21:30,20391,百合ヶ丘店,残1席,1,AVAILABLE,1
2026-09-13T21:37:16,2026-09-13T21:30,20332,横浜北山田店,満席,4,FULL,0
2026-09-13T21:48:23,2026-09-13T21:40,20903,調布南口店,満席,4,FULL,0
2026-09-13T21:48:23,2026-09-13T21:40,20895,登戸駅前店,満席,4,FULL,0
2026-09-13T21:48:23,2026-09-13T21:40,20391,百合ヶ丘店,残1席,1,AVAILABLE,1
2026-09-13T21:48:23,2026-09-13T21:40,20332,横浜北山田店,満席,4,FULL,0
2026-09-13T21:55:55,2026-09-13T21:50,20903,調布南口店,満席,4,FULL,0
2026-09-13T21:55:55,2026-09-13T21:50,20895,登戸駅前店,残1席,1,AVAILABLE,1
2026-09-13T21:55:55,2026-09-13T21:50,20391,百合ヶ丘店,残1席,1,AVAILABLE,1
2026-09-13T21:55:55,2026-09-13T21:50,20332,横浜北山田店,満席,4,FULL,0
2026-09-13T22:02:05,2026-09-13T22:00,20903,調布南口店,満席,4,FULL,0
2026-09-13T22:02:05,2026-09-13T22:00,20895,登戸駅前店,残1席,1,AVAILABLE,1
2026-09-13T22:02:05,2026-09-13T22:00,20391,百合ヶ丘店,残1席,1,AVAILABLE,1
2026-09-13T22:02:05,2026-09-13T22:00,20332,横浜北山田店,満席,4,FULL,0
2026-09-13T22:17:25,2026-09-13T22:10,20903,調布南口店,残1席,1,AVAILABLE,1
2026-09-13T22:17:25,2026-09-13T22:10,20895,登戸駅前店,残1席,1,AVAILABLE,1
2026-09-13T22:17:25,2026-09-13T22:10,20391,百合ヶ丘店,満席,4,FULL,0
2026-09-13T22:17:25,2026-09-13T22:10,20332,横浜北山田店,満席,4,FULL,0
2026-09-13T22:26:42,2026-09-13T22:20,20903,調布南口店,残1席,1,AVAILABLE,1
2026-09-13T22:26:42,2026-09-13T22:20,20895,登戸駅前店,満席,4,FULL,0
2026-09-13T22:26:42,2026-09-13T22:20,20391,百合ヶ丘店,満席,4,FULL,0
2026-09-13T22:26:42,2026-09-13T22:20,20332,横浜北山田店,満席,4,FULL,0
2026-09-13T22:33:55,2026-09-13T22:30,20903,調布南口店,残1席,1,AVAILABLE,1
2026-09-13T22:33:55,2026-09-13T22:30,20895,登戸駅前店,満席,4,FULL,0
2026-09-13T22:33:55,2026-09-13T22:30,20391,百合ヶ丘店,満席,4,FULL,0
2026-09-13T22:33:55,2026-09-13T22:30,20332,横浜北山田店,満席,4,FULL,0
2026-09-13T22:42:47,2026-09-13T22:40,20903,調布南口店,残3席,1,AVAILABLE,3
2026-09-13T22:42:47,2026-09-13T22:40,20895,登戸駅前店,満席,4,FULL,0
2026-09-13T22:42:47,2026-09-13T22:40,20391,百合ヶ丘店,満席,4,FULL,0
2026-09-13T22:42:47,2026-09-13T22:40,20332,横浜北山田店,残1席,1,AVAILABLE,1
2026-09-13T22:50:41,2026-09-13T22:40,20903,調布南口店,残3席,1,AVAILABLE,3
2026-09-13T22:50:41,2026-09-13T22:40,20895,登戸駅前店,満席,4,FULL,0
2026-09-13T22:50:41,2026-09-13T22:40,20391,百合ヶ丘店,満席,4,FULL,0
2026-09-13T22:50:41,2026-09-13T22:40,20332,横浜北山田店,残1席,1,AVAILABLE,1
2026-09-13T23:01:07,2026-09-13T22:50,20903,調布南口店,残2席,1,AVAILABLE,2
2026-09-13T23:01:07,2026-09-13T22:50,20895,登戸駅前店,満席,4,FULL,0
2026-09-13T23:01:07,2026-09-13T22:50,20391,百合ヶ丘店,満席,4,FULL,0
2026-09-13T23:01:07,2026-09-13T22:50,20332,横浜北山田店,満席,4,FULL,0
2026-09-13T23:17:38,2026-09-13T23:10,20903,調布南口店,残2席,1,AVAILABLE,2
2026-09-13T23:17:38,2026-09-13T23:10,20895,登戸駅前店,満席,4,FULL,0
2026-09-13T23:17:38,2026-09-13T23:10,20391,百合ヶ丘店,満席,4,FULL,0
2026-09-13T23:17:38,2026-09-13T23:10,20332,横浜北山田店,満席,4,FULL,0
2026-09-13T23:27:31,2026-09-13T23:20,20903,調布南口店,残2席,1,AVAILABLE,2
2026-09-13T23:27:31,2026-09-13T23:20,20895,登戸駅前店,残1席,1,AVAILABLE,1
2026-09-13T23:27:31,2026-09-13T23:20,20391,百合ヶ丘店,満席,4,FULL,0
2026-09-13T23:27:31,2026-09-13T23:20,20332,横浜北山田店,満席,4,FULL,0
2026-09-13T23:35:56,2026-09-13T23:30,20903,調布南口店,残2席,1,AVAILABLE,2
2026-09-13T23:35:56,2026-09-13T23:30,20895,登戸駅前店,満席,4,FULL,0
2026-09-13T23:35:56,2026-09-13T23:30,20391,百合ヶ丘店,満席,4,FULL,0
2026-09-13T23:35:56,2026-09-13T23:30,20332,横浜北山田店,満席,4,FULL,0
2026-09-13T23:43:37,2026-09-13T23:40,20903,調布南口店,残2席,1,AVAILABLE,2
2026-09-13T23:43:37,2026-09-13T23:40,20895,登戸駅前店,満席,4,FULL,0
2026-09-13T23:43:37,2026-09-13T23:40,20391,百合ヶ丘店,満席,4,FULL,0
2026-09-13T23:43:37,2026-09-13T23:40,20332,横浜北山田店,満席,4,FULL,0
2026-09-13T23:51:00,2026-09-13T23:40,20903,調布南口店,残2席,1,AVAILABLE,2
2026-09-13T23:51:00,2026-09-13T23:40,20895,登戸駅前店,満席,4,FULL,0
2026-09-13T23:51:00,2026-09-13T23:40,20391,百合ヶ丘店,満席,4,FULL,0
2026-09-13T23:51:00,2026-09-13T23:40,20332,横浜北山田店,満席,4,FULL,0
2026-09-14T00:00:50,2026-09-13T23:50,20903,調布南口店,残1席,1,AVAILABLE,1
2026-09-14T00:00:50,2026-09-13T23:50,20895,登戸駅前店,満席,4,FULL,0
2026-09-14T00:00:50,2026-09-13T23:50,20391,百合ヶ丘店,満席,4,FULL,0
2026-09-14T00:00:50,2026-09-13T23:50,20332,横浜北山田店,満席,4,FULL,0
2026-09-14T00:17:40,2026-09-14T00:10,20903,調布南口店,残2席,1,AVAILABLE,2
2026-09-14T00:17:40,2026-09-14T00:10,20895,登戸駅前店,残1席,1,AVAILABLE,1
2026-09-14T00:17:40,2026-09-14T00:10,20391,百合ヶ丘店,満席,4,FULL,0
2026-09-14T00:17:40,2026-09-14T00:10,20332,横浜北山田店,満席,4,FULL,0
2026-09-14T00:27:32,2026-09-14T00:20,20903,調布南口店,残2席,1,AVAILABLE,2
2026-09-14T00:27:32,2026-09-14T00:20,20895,登戸駅前店,残1席,1,AVAILABLE,1
2026-09-14T00:27:32,2026-09-14T00:20,20391,百合ヶ丘店,満席,4,FULL,0
2026-09-14T00:27:32,2026-09-14T00:20,20332,横浜北山田店,残1席,1,AVAILABLE,1
2026-09-14T00:35:56,2026-09-14T00:30,20903,調布南口店,残2席,1,AVAILABLE,2
2026-09-14T00:35:56,2026-09-14T00:30,20895,登戸駅前店,残1席,1,AVAILABLE,1
2026-09-14T00:35:56,2026-09-14T00:30,20391,百合ヶ丘店,満席,4,FULL,0
2026-09-14T00:35:56,2026-09-14T00:30,20332,横浜北山田店,残1席,1,AVAILABLE,1
2026-09-14T00:43:29,2026-09-14T00:40,20903,調布南口店,残2席,1,AVAILABLE,2
2026-09-14T00:43:29,2026-09-14T00:40,20895,登戸駅前店,残1席,1,AVAILABLE,1
2026-09-14T00:43:29,2026-09-14T00:40,20391,百合ヶ丘店,満席,4,FULL,0
2026-09-14T00:43:29,2026-09-14T00:40,20332,横浜北山田店,満席,4,FULL,0
2026-09-14T00:51:03,2026-09-14T00:40,20903,調布南口店,残2席,1,AVAILABLE,2
2026-09-14T00:51:03,2026-09-14T00:40,20895,登戸駅前店,残1席,1,AVAILABLE,1
2026-09-14T00:51:03,2026-09-14T00:40,20391,百合ヶ丘店,満席,4,FULL,0
2026-09-14T00:51:03,2026-09-14T00:40,20332,横浜北山田店,満席,4,FULL,0
2026-09-14T01:01:01,2026-09-14T00:50,20903,調布南口店,残2席,1,AVAILABLE,2
2026-09-14T01:01:01,2026-09-14T00:50,20895,登戸駅前店,残1席,1,AVAILABLE,1
2026-09-14T01:01:01,2026-09-14T00:50,20391,百合ヶ丘店,満席,4,FULL,0
2026-09-14T01:01:01,2026-09-14T00:50,20332,横浜北山田店,満席,4,FULL,0
2026-09-14T01:18:42,2026-09-14T01:10,20903,調布南口店,残2席,1,AVAILABLE,2
2026-09-14T01:18:42,2026-09-14T01:10,20895,登戸駅前店,残1席,1,AVAILABLE,1
2026-09-14T01:18:42,2026-09-14T01:10,20391,百合ヶ丘店,残1席,1,AVAILABLE,1
2026-09-14T01:18:42,2026-09-14T01:10,20332,横浜北山田店,残1席,1,AVAILABLE,1
2026-09-14T01:29:36,2026-09-14T01:20,20903,調布南口店,残2席,1,AVAILABLE,2
2026-09-14T01:29:36,2026-09-14T01:20,20895,登戸駅前店,残1席,1,AVAILABLE,1
2026-09-14T01:29:36,2026-09-14T01:20,20391,百合ヶ丘店,残1席,1,AVAILABLE,1
2026-09-14T01:29:36,2026-09-14T01:20,20332,横浜北山田店,残4席,1,AVAILABLE,4
2026-09-14T01:39:06,2026-09-14T01:30,20903,調布南口店,残2席,1,AVAILABLE,2
2026-09-14T01:39:06,2026-09-14T01:30,20895,登戸駅前店,残1席,1,AVAILABLE,1
2026-09-14T01:39:06,2026-09-14T01:30,20391,百合ヶ丘店,残1席,1,AVAILABLE,1
2026-09-14T01:39:06,2026-09-14T01:30,20332,横浜北山田店,残4席,1,AVAILABLE,4
2026-09-14T01:47:01,2026-09-14T01:40,20903,調布南口店,残2席,1,AVAILABLE,2
2026-09-14T01:47:01,2026-09-14T01:40,20895,登戸駅前店,残1席,1,AVAILABLE,1
2026-09-14T01:47:01,2026-09-14T01:40,20391,百合ヶ丘店,残1席,1,AVAILABLE,1
2026-09-14T01:47:01,2026-09-14T01:40,20332,横浜北山田店,残3席,1,AVAILABLE,3
2026-09-14T01:53:40,2026-09-14T01:50,20903,調布南口店,残2席,1,AVAILABLE,2
2026-09-14T01:53:40,2026-09-14T01:50,20895,登戸駅前店,残1席,1,AVAILABLE,1
2026-09-14T01:53:40,2026-09-14T01:50,20391,百合ヶ丘店,残1席,1,AVAILABLE,1
2026-09-14T01:53:40,2026-09-14T01:50,20332,横浜北山田店,残3席,1,AVAILABLE,3
2026-09-14T02:00:53,2026-09-14T01:50,20903,調布南口店,残2席,1,AVAILABLE,2
2026-09-14T02:00:53,2026-09-14T01:50,20895,登戸駅前店,残1席,1,AVAILABLE,1
2026-09-14T02:00:53,2026-09-14T01:50,20391,百合ヶ丘店,残1席,1,AVAILABLE,1
2026-09-14T02:00:53,2026-09-14T01:50,20332,横浜北山田店,残3席,1,AVAILABLE,3
2026-09-14T02:16:40,2026-09-14T02:10,20903,調布南口店,残2席,1,AVAILABLE,2
2026-09-14T02:16:40,2026-09-14T02:10,20895,登戸駅前店,残1席,1,AVAILABLE,1
2026-09-14T02:16:40,2026-09-14T02:10,20391,百合ヶ丘店,満席,4,FULL,0
2026-09-14T02:16:40,2026-09-14T02:10,20332,横浜北山田店,残3席,1,AVAILABLE,3
2026-09-14T02:25:53,2026-09-14T02:20,20903,調布南口店,残2席,1,AVAILABLE,2
2026-09-14T02:25:53,2026-09-14T02:20,20895,登戸駅前店,残1席,1,AVAILABLE,1
2026-09-14T02:25:53,2026-09-14T02:20,20391,百合ヶ丘店,満席,4,FULL,0
2026-09-14T02:25:53,2026-09-14T02:20,20332,横浜北山田店,残4席,1,AVAILABLE,4
2026-09-14T02:33:07,2026-09-14T02:30,20903,調布南口店,残4席,1,AVAILABLE,4
2026-09-14T02:33:07,2026-09-14T02:30,20895,登戸駅前店,残1席,1,AVAILABLE,1
2026-09-14T02:33:07,2026-09-14T02:30,20391,百合ヶ丘店,満席,4,FULL,0
2026-09-14T02:33:07,2026-09-14T02:30,20332,横浜北山田店,残4席,1,AVAILABLE,4
2026-09-14T02:42:36,2026-09-14T02:40,20903,調布南口店,残4席,1,AVAILABLE,4
2026-09-14T02:42:36,2026-09-14T02:40,20895,登戸駅前店,満席,4,FULL,0
2026-09-14T02:42:36,2026-09-14T02:40,20391,百合ヶ丘店,満席,4,FULL,0
2026-09-14T02:42:36,2026-09-14T02:40,20332,横浜北山田店,残4席,1,AVAILABLE,4
2026-09-14T02:50:38,2026-09-14T02:40,20903,調布南口店,残4席,1,AVAILABLE,4
2026-09-14T02:50:38,2026-09-14T02:40,20895,登戸駅前店,満席,4,FULL,0
2026-09-14T02:50:38,2026-09-14T02:40,20391,百合ヶ丘店,満席,4,FULL,0
2026-09-14T02:50:38,2026-09-14T02:40,20332,横浜北山田店,残4席,1,AVAILABLE,4
2026-09-14T03:01:00,2026-09-14T02:50,20903,調布南口店,残4席,1,AVAILABLE,4
2026-09-14T03:01:00,2026-09-14T02:50,20895,登戸駅前店,満席,4,FULL,0
2026-09-14T03:01:00,2026-09-14T02:50,20391,百合ヶ丘店,残1席,1,AVAILABLE,1
2026-09-14T03:01:00,2026-09-14T02:50,20332,横浜北山田店,残3席,1,AVAILABLE,3
2026-09-14T03:20:22,2026-09-14T03:10,20903,調布南口店,残4席,1,AVAILABLE,4
2026-09-14T03:20:22,2026-09-14T03:10,20895,登戸駅前店,満席,4,FULL,0
2026-09-14T03:20:22,2026-09-14T03:10,20391,百合ヶ丘店,残1席,1,AVAILABLE,1
2026-09-14T03:20:22,2026-09-14T03:10,20332,横浜北山田店,残3席,1,AVAILABLE,3
2026-09-14T03:35:41,2026-09-14T03:30,20903,調布南口店,残4席,1,AVAILABLE,4
2026-09-14T03:35:41,2026-09-14T03:30,20895,登戸駅前店,満席,4,FULL,0
2026-09-14T03:35:41,2026-09-14T03:30,20391,百合ヶ丘店,残1席,1,AVAILABLE,1
2026-09-14T03:35:41,2026-09-14T03:30,20332,横浜北山田店,残3席,1,AVAILABLE,3
2026-09-14T03:46:20,2026-09-14T03:40,20903,調布南口店,残4席,1,AVAILABLE,4
2026-09-14T03:46:20,2026-09-14T03:40,20895,登戸駅前店,満席,4,FULL,0
2026-09-14T03:46:20,2026-09-14T03:40,20391,百合ヶ丘店,残1席,1,AVAILABLE,1
2026-09-14T03:46:20,2026-09-14T03:40,20332,横浜北山田店,残3席,1,AVAILABLE,3
2026-09-14T03:54:43,2026-09-14T03:50,20903,調布南口店,残4席,1,AVAILABLE,4
2026-09-14T03:54:43,2026-09-14T03:50,20895,登戸駅前店,満席,4,FULL,0
2026-09-14T03:54:43,2026-09-14T03:50,20391,百合ヶ丘店,残1席,1,AVAILABLE,1
2026-09-14T03:54:43,2026-09-14T03:50,20332,横浜北山田店,残5席,1,AVAILABLE,5
2026-09-14T04:00:56,2026-09-14T03:50,20903,調布南口店,残4席,1,AVAILABLE,4
2026-09-14T04:00:56,2026-09-14T03:50,20895,登戸駅前店,満席,4,FULL,0
2026-09-14T04:00:56,2026-09-14T03:50,20391,百合ヶ丘店,残1席,1,AVAILABLE,1
2026-09-14T04:00:56,2026-09-14T03:50,20332,横浜北山田店,残5席,1,AVAILABLE,5
2026-09-14T04:15:41,2026-09-14T04:10,20903,調布南口店,残4席,1,AVAILABLE,4
2026-09-14T04:15:41,2026-09-14T04:10,20895,登戸駅前店,残1席,1,AVAILABLE,1
2026-09-14T04:15:41,2026-09-14T04:10,20391,百合ヶ丘店,残2席,1,AVAILABLE,2
2026-09-14T04:15:41,2026-09-14T04:10,20332,横浜北山田店,残7席,1,AVAILABLE,7
2026-09-14T04:24:26,2026-09-14T04:20,20903,調布南口店,残4席,1,AVAILABLE,4
2026-09-14T04:24:26,2026-09-14T04:20,20895,登戸駅前店,残1席,1,AVAILABLE,1
2026-09-14T04:24:26,2026-09-14T04:20,20391,百合ヶ丘店,残2席,1,AVAILABLE,2
2026-09-14T04:24:26,2026-09-14T04:20,20332,横浜北山田店,残9席,1,AVAILABLE,9
2026-09-14T04:31:03,2026-09-14T04:20,20903,調布南口店,残4席,1,AVAILABLE,4
2026-09-14T04:31:03,2026-09-14T04:20,20895,登戸駅前店,残1席,1,AVAILABLE,1
2026-09-14T04:31:03,2026-09-14T04:20,20391,百合ヶ丘店,残2席,1,AVAILABLE,2
2026-09-14T04:31:03,2026-09-14T04:20,20332,横浜北山田店,残9席,1,AVAILABLE,9
2026-09-14T04:41:47,2026-09-14T04:30,20903,調布南口店,残4席,1,AVAILABLE,4
2026-09-14T04:41:47,2026-09-14T04:30,20895,登戸駅前店,残1席,1,AVAILABLE,1
2026-09-14T04:41:47,2026-09-14T04:30,20391,百合ヶ丘店,残2席,1,AVAILABLE,2
2026-09-14T04:41:47,2026-09-14T04:30,20332,横浜北山田店,残9席,1,AVAILABLE,9
2026-09-14T04:50:55,2026-09-14T04:40,20903,調布南口店,残4席,1,AVAILABLE,4
2026-09-14T04:50:55,2026-09-14T04:40,20895,登戸駅前店,残1席,1,AVAILABLE,1
2026-09-14T04:50:55,2026-09-14T04:40,20391,百合ヶ丘店,残2席,1,AVAILABLE,2
2026-09-14T04:50:55,2026-09-14T04:40,20332,横浜北山田店,残9席,1,AVAILABLE,9
2026-09-14T05:01:15,2026-09-14T04:50,20903,調布南口店,残4席,1,AVAILABLE,4
2026-09-14T05:01:15,2026-09-14T04:50,20895,登戸駅前店,残1席,1,AVAILABLE,1
2026-09-14T05:01:15,2026-09-14T04:50,20391,百合ヶ丘店,残2席,1,AVAILABLE,2
2026-09-14T05:01:15,2026-09-14T04:50,20332,横浜北山田店,残9席,1,AVAILABLE,9
2026-09-14T05:18:19,2026-09-14T05:10,20903,調布南口店,残4席,1,AVAILABLE,4
2026-09-14T05:18:19,2026-09-14T05:10,20895,登戸駅前店,残1席,1,AVAILABLE,1
2026-09-14T05:18:19,2026-09-14T05:10,20391,百合ヶ丘店,残1席,1,AVAILABLE,1
2026-09-14T05:18:19,2026-09-14T05:10,20332,横浜北山田店,残10席以上,1,AVAILABLE,10
2026-09-14T05:28:45,2026-09-14T05:20,20903,調布南口店,残4席,1,AVAILABLE,4
2026-09-14T05:28:45,2026-09-14T05:20,20895,登戸駅前店,残1席,1,AVAILABLE,1
2026-09-14T05:28:45,2026-09-14T05:20,20391,百合ヶ丘店,残1席,1,AVAILABLE,1
2026-09-14T05:28:45,2026-09-14T05:20,20332,横浜北山田店,残10席以上,1,AVAILABLE,10
2026-09-14T05:38:26,2026-09-14T05:30,20903,調布南口店,残4席,1,AVAILABLE,4
2026-09-14T05:38:26,2026-09-14T05:30,20895,登戸駅前店,残1席,1,AVAILABLE,1
2026-09-14T05:38:26,2026-09-14T05:30,20391,百合ヶ丘店,残2席,1,AVAILABLE,2
2026-09-14T05:38:26,2026-09-14T05:30,20332,横浜北山田店,残10席以上,1,AVAILABLE,10
2026-09-14T05:44:48,2026-09-14T05:40,20903,調布南口店,残4席,1,AVAILABLE,4
2026-09-14T05:44:48,2026-09-14T05:40,20895,登戸駅前店,残4席,1,AVAILABLE,4
2026-09-14T05:44:48,2026-09-14T05:40,20391,百合ヶ丘店,残1席,1,AVAILABLE,1
2026-09-14T05:44:48,2026-09-14T05:40,20332,横浜北山田店,残10席以上,1,AVAILABLE,10
2026-09-14T05:51:10,2026-09-14T05:40,20903,調布南口店,残4席,1,AVAILABLE,4
2026-09-14T05:51:10,2026-09-14T05:40,20895,登戸駅前店,残4席,1,AVAILABLE,4
2026-09-14T05:51:10,2026-09-14T05:40,20391,百合ヶ丘店,残1席,1,AVAILABLE,1
2026-09-14T05:51:10,2026-09-14T05:40,20332,横浜北山田店,残10席以上,1,AVAILABLE,10
2026-09-14T06:00:51,2026-09-14T05:50,20903,調布南口店,残4席,1,AVAILABLE,4
2026-09-14T06:00:51,2026-09-14T05:50,20895,登戸駅前店,残4席,1,AVAILABLE,4
2026-09-14T06:00:51,2026-09-14T05:50,20391,百合ヶ丘店,残1席,1,AVAILABLE,1
2026-09-14T06:00:51,2026-09-14T05:50,20332,横浜北山田店,残10席以上,1,AVAILABLE,10
2026-09-14T06:17:15,2026-09-14T06:10,20903,調布南口店,残4席,1,AVAILABLE,4
2026-09-14T06:17:15,2026-09-14T06:10,20895,登戸駅前店,残4席,1,AVAILABLE,4
2026-09-14T06:17:15,2026-09-14T06:10,20391,百合ヶ丘店,満席,4,FULL,0
2026-09-14T06:17:15,2026-09-14T06:10,20332,横浜北山田店,残10席以上,1,AVAILABLE,10
2026-09-14T06:26:51,2026-09-14T06:20,20903,調布南口店,残4席,1,AVAILABLE,4
2026-09-14T06:26:51,2026-09-14T06:20,20895,登戸駅前店,残3席,1,AVAILABLE,3
2026-09-14T06:26:51,2026-09-14T06:20,20391,百合ヶ丘店,満席,4,FULL,0
2026-09-14T06:26:51,2026-09-14T06:20,20332,横浜北山田店,残10席以上,1,AVAILABLE,10
2026-09-14T06:34:47,2026-09-14T06:30,20903,調布南口店,残4席,1,AVAILABLE,4
2026-09-14T06:34:47,2026-09-14T06:30,20895,登戸駅前店,残3席,1,AVAILABLE,3
2026-09-14T06:34:47,2026-09-14T06:30,20391,百合ヶ丘店,残1席,1,AVAILABLE,1
2026-09-14T06:34:47,2026-09-14T06:30,20332,横浜北山田店,残10席以上,1,AVAILABLE,10
2026-09-14T06:43:13,2026-09-14T06:40,20903,調布南口店,残4席,1,AVAILABLE,4
2026-09-14T06:43:13,2026-09-14T06:40,20895,登戸駅前店,残3席,1,AVAILABLE,3
2026-09-14T06:43:13,2026-09-14T06:40,20391,百合ヶ丘店,残1席,1,AVAILABLE,1
2026-09-14T06:43:13,2026-09-14T06:40,20332,横浜北山田店,残10席以上,1,AVAILABLE,10
2026-09-14T06:51:07,2026-09-14T06:40,20903,調布南口店,残4席,1,AVAILABLE,4
2026-09-14T06:51:07,2026-09-14T06:40,20895,登戸駅前店,残3席,1,AVAILABLE,3
2026-09-14T06:51:07,2026-09-14T06:40,20391,百合ヶ丘店,残1席,1,AVAILABLE,1
2026-09-14T06:51:07,2026-09-14T06:40,20332,横浜北山田店,残10席以上,1,AVAILABLE,10
2026-09-14T07:00:56,2026-09-14T06:50,20903,調布南口店,残4席,1,AVAILABLE,4
2026-09-14T07:00:56,2026-09-14T06:50,20895,登戸駅前店,残3席,1,AVAILABLE,3
2026-09-14T07:00:56,2026-09-14T06:50,20391,百合ヶ丘店,残1席,1,AVAILABLE,1
2026-09-14T07:00:56,2026-09-14T06:50,20332,横浜北山田店,残10席以上,1,AVAILABLE,10
2026-09-14T07:17:51,2026-09-14T07:10,20903,調布南口店,残3席,1,AVAILABLE,3
2026-09-14T07:17:51,2026-09-14T07:10,20895,登戸駅前店,残2席,1,AVAILABLE,2
2026-09-14T07:17:51,2026-09-14T07:10,20391,百合ヶ丘店,残2席,1,AVAILABLE,2
2026-09-14T07:17:51,2026-09-14T07:10,20332,横浜北山田店,残10席以上,1,AVAILABLE,10
2026-09-14T07:29:14,2026-09-14T07:20,20903,調布南口店,残3席,1,AVAILABLE,3
2026-09-14T07:29:14,2026-09-14T07:20,20895,登戸駅前店,残2席,1,AVAILABLE,2
2026-09-14T07:29:14,2026-09-14T07:20,20391,百合ヶ丘店,残2席,1,AVAILABLE,2
2026-09-14T07:29:14,2026-09-14T07:20,20332,横浜北山田店,残10席以上,1,AVAILABLE,10
2026-09-14T07:39:05,2026-09-14T07:30,20903,調布南口店,残3席,1,AVAILABLE,3
2026-09-14T07:39:05,2026-09-14T07:30,20895,登戸駅前店,残2席,1,AVAILABLE,2
2026-09-14T07:39:05,2026-09-14T07:30,20391,百合ヶ丘店,残2席,1,AVAILABLE,2
2026-09-14T07:39:05,2026-09-14T07:30,20332,横浜北山田店,残10席以上,1,AVAILABLE,10
2026-09-14T07:45:49,2026-09-14T07:40,20903,調布南口店,残3席,1,AVAILABLE,3
2026-09-14T07:45:49,2026-09-14T07:40,20895,登戸駅前店,残1席,1,AVAILABLE,1
2026-09-14T07:45:49,2026-09-14T07:40,20391,百合ヶ丘店,残1席,1,AVAILABLE,1
2026-09-14T07:45:49,2026-09-14T07:40,20332,横浜北山田店,残10席以上,1,AVAILABLE,10
2026-09-14T07:51:36,2026-09-14T07:40,20903,調布南口店,残3席,1,AVAILABLE,3
2026-09-14T07:51:36,2026-09-14T07:40,20895,登戸駅前店,残1席,1,AVAILABLE,1
2026-09-14T07:51:36,2026-09-14T07:40,20391,百合ヶ丘店,残1席,1,AVAILABLE,1
2026-09-14T07:51:36,2026-09-14T07:40,20332,横浜北山田店,残10席以上,1,AVAILABLE,10
2026-09-14T08:00:50,2026-09-14T07:50,20903,調布南口店,残3席,1,AVAILABLE,3
2026-09-14T08:00:50,2026-09-14T07:50,20895,登戸駅前店,残1席,1,AVAILABLE,1
2026-09-14T08:00:50,2026-09-14T07:50,20391,百合ヶ丘店,残1席,1,AVAILABLE,1
2026-09-14T08:00:50,2026-09-14T07:50,20332,横浜北山田店,残10席以上,1,AVAILABLE,10
2026-09-14T08:16:36,2026-09-14T08:10,20903,調布南口店,残3席,1,AVAILABLE,3
2026-09-14T08:16:36,2026-09-14T08:10,20895,登戸駅前店,満席,4,FULL,0
2026-09-14T08:16:36,2026-09-14T08:10,20391,百合ヶ丘店,残1席,1,AVAILABLE,1
2026-09-14T08:16:36,2026-09-14T08:10,20332,横浜北山田店,残10席以上,1,AVAILABLE,10
2026-09-14T08:25:31,2026-09-14T08:20,20903,調布南口店,残3席,1,AVAILABLE,3
2026-09-14T08:25:31,2026-09-14T08:20,20895,登戸駅前店,満席,4,FULL,0
2026-09-14T08:25:31,2026-09-14T08:20,20391,百合ヶ丘店,残1席,1,AVAILABLE,1
2026-09-14T08:25:31,2026-09-14T08:20,20332,横浜北山田店,残10席以上,1,AVAILABLE,10
2026-09-14T08:32:59,2026-09-14T08:30,20903,調布南口店,残3席,1,AVAILABLE,3
2026-09-14T08:32:59,2026-09-14T08:30,20895,登戸駅前店,満席,4,FULL,0
2026-09-14T08:32:59,2026-09-14T08:30,20391,百合ヶ丘店,残1席,1,AVAILABLE,1
2026-09-14T08:32:59,2026-09-14T08:30,20332,横浜北山田店,残10席以上,1,AVAILABLE,10
2026-09-14T08:42:12,2026-09-14T08:40,20903,調布南口店,残3席,1,AVAILABLE,3
2026-09-14T08:42:12,2026-09-14T08:40,20895,登戸駅前店,満席,4,FULL,0
2026-09-14T08:42:12,2026-09-14T08:40,20391,百合ヶ丘店,残1席,1,AVAILABLE,1
2026-09-14T08:42:12,2026-09-14T08:40,20332,横浜北山田店,残10席以上,1,AVAILABLE,10
2026-09-14T08:50:43,2026-09-14T08:40,20903,調布南口店,残3席,1,AVAILABLE,3
2026-09-14T08:50:43,2026-09-14T08:40,20895,登戸駅前店,満席,4,FULL,0
2026-09-14T08:50:43,2026-09-14T08:40,20391,百合ヶ丘店,残1席,1,AVAILABLE,1
2026-09-14T08:50:43,2026-09-14T08:40,20332,横浜北山田店,残10席以上,1,AVAILABLE,10
2026-09-14T09:01:11,2026-09-14T08:50,20903,調布南口店,残3席,1,AVAILABLE,3
2026-09-14T09:01:11,2026-09-14T08:50,20895,登戸駅前店,残1席,1,AVAILABLE,1
2026-09-14T09:01:11,2026-09-14T08:50,20391,百合ヶ丘店,残2席,1,AVAILABLE,2
2026-09-14T09:01:11,2026-09-14T08:50,20332,横浜北山田店,残10席以上,1,AVAILABLE,10
2026-09-14T09:27:11,2026-09-14T09:20,20903,調布南口店,残4席,1,AVAILABLE,4
2026-09-14T09:27:11,2026-09-14T09:20,20895,登戸駅前店,残1席,1,AVAILABLE,1
2026-09-14T09:27:11,2026-09-14T09:20,20391,百合ヶ丘店,残1席,1,AVAILABLE,1
2026-09-14T09:27:11,2026-09-14T09:20,20332,横浜北山田店,残10席以上,1,AVAILABLE,10
2026-09-14T09:42:42,2026-09-14T09:40,20903,調布南口店,残4席,1,AVAILABLE,4
2026-09-14T09:42:42,2026-09-14T09:40,20895,登戸駅前店,残2席,1,AVAILABLE,2
2026-09-14T09:42:42,2026-09-14T09:40,20391,百合ヶ丘店,残1席,1,AVAILABLE,1
2026-09-14T09:42:42,2026-09-14T09:40,20332,横浜北山田店,残10席以上,1,AVAILABLE,10
2026-09-14T09:56:40,2026-09-14T09:50,20903,調布南口店,残4席,1,AVAILABLE,4
2026-09-14T09:56:40,2026-09-14T09:50,20895,登戸駅前店,残2席,1,AVAILABLE,2
2026-09-14T09:56:40,2026-09-14T09:50,20391,百合ヶ丘店,残1席,1,AVAILABLE,1
2026-09-14T09:56:40,2026-09-14T09:50,20332,横浜北山田店,残9席,1,AVAILABLE,9
2026-09-14T10:04:40,2026-09-14T10:00,20903,調布南口店,残4席,1,AVAILABLE,4
2026-09-14T10:04:40,2026-09-14T10:00,20895,登戸駅前店,残2席,1,AVAILABLE,2
2026-09-14T10:04:40,2026-09-14T10:00,20391,百合ヶ丘店,残1席,1,AVAILABLE,1
2026-09-14T10:04:40,2026-09-14T10:00,20332,横浜北山田店,残9席,1,AVAILABLE,9
2026-09-14T10:19:12,2026-09-14T10:10,20903,調布南口店,残4席,1,AVAILABLE,4
2026-09-14T10:19:12,2026-09-14T10:10,20895,登戸駅前店,残2席,1,AVAILABLE,2
2026-09-14T10:19:12,2026-09-14T10:10,20391,百合ヶ丘店,残1席,1,AVAILABLE,1
2026-09-14T10:19:12,2026-09-14T10:10,20332,横浜北山田店,残9席,1,AVAILABLE,9
2026-09-14T10:29:28,2026-09-14T10:20,20903,調布南口店,残4席,1,AVAILABLE,4
2026-09-14T10:29:28,2026-09-14T10:20,20895,登戸駅前店,残2席,1,AVAILABLE,2
2026-09-14T10:29:28,2026-09-14T10:20,20391,百合ヶ丘店,残1席,1,AVAILABLE,1
2026-09-14T10:29:28,2026-09-14T10:20,20332,横浜北山田店,残9席,1,AVAILABLE,9
2026-09-14T10:39:18,2026-09-14T10:30,20903,調布南口店,残4席,1,AVAILABLE,4
2026-09-14T10:39:18,2026-09-14T10:30,20895,登戸駅前店,残1席,1,AVAILABLE,1
2026-09-14T10:39:18,2026-09-14T10:30,20391,百合ヶ丘店,残1席,1,AVAILABLE,1
2026-09-14T10:39:18,2026-09-14T10:30,20332,横浜北山田店,残9席,1,AVAILABLE,9
2026-09-14T10:48:11,2026-09-14T10:40,20903,調布南口店,残4席,1,AVAILABLE,4
2026-09-14T10:48:11,2026-09-14T10:40,20895,登戸駅前店,残1席,1,AVAILABLE,1
2026-09-14T10:48:11,2026-09-14T10:40,20391,百合ヶ丘店,残1席,1,AVAILABLE,1
2026-09-14T10:48:11,2026-09-14T10:40,20332,横浜北山田店,残8席,1,AVAILABLE,8
2026-09-14T10:56:11,2026-09-14T10:50,20903,調布南口店,残4席,1,AVAILABLE,4
2026-09-14T10:56:11,2026-09-14T10:50,20895,登戸駅前店,残2席,1,AVAILABLE,2
2026-09-14T10:56:11,2026-09-14T10:50,20391,百合ヶ丘店,残1席,1,AVAILABLE,1
2026-09-14T10:56:11,2026-09-14T10:50,20332,横浜北山田店,残9席,1,AVAILABLE,9
2026-09-14T11:03:33,2026-09-14T11:00,20903,調布南口店,残3席,1,AVAILABLE,3
2026-09-14T11:03:33,2026-09-14T11:00,20895,登戸駅前店,残2席,1,AVAILABLE,2
2026-09-14T11:03:33,2026-09-14T11:00,20391,百合ヶ丘店,満席,4,FULL,0
2026-09-14T11:03:33,2026-09-14T11:00,20332,横浜北山田店,残8席,1,AVAILABLE,8
2026-09-14T11:19:20,2026-09-14T11:10,20903,調布南口店,残3席,1,AVAILABLE,3
2026-09-14T11:19:20,2026-09-14T11:10,20895,登戸駅前店,満席,4,FULL,0
2026-09-14T11:19:20,2026-09-14T11:10,20391,百合ヶ丘店,満席,4,FULL,0
2026-09-14T11:19:20,2026-09-14T11:10,20332,横浜北山田店,残8席,1,AVAILABLE,8
2026-09-14T11:31:23,2026-09-14T11:20,20903,調布南口店,残2席,1,AVAILABLE,2
2026-09-14T11:31:23,2026-09-14T11:20,20895,登戸駅前店,満席,4,FULL,0
2026-09-14T11:31:23,2026-09-14T11:20,20391,百合ヶ丘店,満席,4,FULL,0
2026-09-14T11:31:23,2026-09-14T11:20,20332,横浜北山田店,残8席,1,AVAILABLE,8
2026-09-14T11:45:58,2026-09-14T11:40,20903,調布南口店,残2席,1,AVAILABLE,2
2026-09-14T11:45:58,2026-09-14T11:40,20895,登戸駅前店,満席,4,FULL,0
2026-09-14T11:45:58,2026-09-14T11:40,20391,百合ヶ丘店,満席,4,FULL,0
2026-09-14T11:45:58,2026-09-14T11:40,20332,横浜北山田店,残9席,1,AVAILABLE,9
2026-09-14T11:54:03,2026-09-14T11:50,20903,調布南口店,残2席,1,AVAILABLE,2
2026-09-14T11:54:03,2026-09-14T11:50,20895,登戸駅前店,満席,4,FULL,0
2026-09-14T11:54:03,2026-09-14T11:50,20391,百合ヶ丘店,満席,4,FULL,0
2026-09-14T11:54:03,2026-09-14T11:50,20332,横浜北山田店,残10席以上,1,AVAILABLE,10
2026-09-14T12:01:04,2026-09-14T11:50,20903,調布南口店,残2席,1,AVAILABLE,2
2026-09-14T12:01:04,2026-09-14T11:50,20895,登戸駅前店,満席,4,FULL,0
2026-09-14T12:01:04,2026-09-14T11:50,20391,百合ヶ丘店,満席,4,FULL,0
2026-09-14T12:01:04,2026-09-14T11:50,20332,横浜北山田店,残10席以上,1,AVAILABLE,10
2026-09-14T12:19:53,2026-09-14T12:10,20903,調布南口店,残2席,1,AVAILABLE,2
2026-09-14T12:19:53,2026-09-14T12:10,20895,登戸駅前店,満席,4,FULL,0
2026-09-14T12:19:53,2026-09-14T12:10,20391,百合ヶ丘店,残1席,1,AVAILABLE,1
2026-09-14T12:19:53,2026-09-14T12:10,20332,横浜北山田店,残8席,1,AVAILABLE,8
2026-09-14T12:32:53,2026-09-14T12:30,20903,調布南口店,残1席,1,AVAILABLE,1
2026-09-14T12:32:53,2026-09-14T12:30,20895,登戸駅前店,満席,4,FULL,0
2026-09-14T12:32:53,2026-09-14T12:30,20391,百合ヶ丘店,残2席,1,AVAILABLE,2
2026-09-14T12:32:53,2026-09-14T12:30,20332,横浜北山田店,残10席以上,1,AVAILABLE,10
2026-09-14T12:46:58,2026-09-14T12:40,20903,調布南口店,残1席,1,AVAILABLE,1
2026-09-14T12:46:58,2026-09-14T12:40,20895,登戸駅前店,満席,4,FULL,0
2026-09-14T12:46:58,2026-09-14T12:40,20391,百合ヶ丘店,残2席,1,AVAILABLE,2
2026-09-14T12:46:58,2026-09-14T12:40,20332,横浜北山田店,残8席,1,AVAILABLE,8
2026-09-14T12:56:05,2026-09-14T12:50,20903,調布南口店,残1席,1,AVAILABLE,1
2026-09-14T12:56:05,2026-09-14T12:50,20895,登戸駅前店,残2席,1,AVAILABLE,2
2026-09-14T12:56:05,2026-09-14T12:50,20391,百合ヶ丘店,残2席,1,AVAILABLE,2
2026-09-14T12:56:05,2026-09-14T12:50,20332,横浜北山田店,残8席,1,AVAILABLE,8
2026-09-14T13:03:10,2026-09-14T13:00,20903,調布南口店,残1席,1,AVAILABLE,1
2026-09-14T13:03:10,2026-09-14T13:00,20895,登戸駅前店,残2席,1,AVAILABLE,2
2026-09-14T13:03:10,2026-09-14T13:00,20391,百合ヶ丘店,残1席,1,AVAILABLE,1
2026-09-14T13:03:10,2026-09-14T13:00,20332,横浜北山田店,残8席,1,AVAILABLE,8
2026-09-14T13:20:03,2026-09-14T13:10,20903,調布南口店,残1席,1,AVAILABLE,1
2026-09-14T13:20:03,2026-09-14T13:10,20895,登戸駅前店,残1席,1,AVAILABLE,1
2026-09-14T13:20:03,2026-09-14T13:10,20391,百合ヶ丘店,満席,4,FULL,0
2026-09-14T13:20:03,2026-09-14T13:10,20332,横浜北山田店,残7席,1,AVAILABLE,7
2026-09-14T13:33:18,2026-09-14T13:30,20903,調布南口店,残2席,1,AVAILABLE,2
2026-09-14T13:33:18,2026-09-14T13:30,20895,登戸駅前店,残1席,1,AVAILABLE,1
2026-09-14T13:33:18,2026-09-14T13:30,20391,百合ヶ丘店,満席,4,FULL,0
2026-09-14T13:33:18,2026-09-14T13:30,20332,横浜北山田店,残7席,1,AVAILABLE,7
2026-09-14T13:47:01,2026-09-14T13:40,20903,調布南口店,残1席,1,AVAILABLE,1
2026-09-14T13:47:01,2026-09-14T13:40,20895,登戸駅前店,残1席,1,AVAILABLE,1
2026-09-14T13:47:01,2026-09-14T13:40,20391,百合ヶ丘店,残1席,1,AVAILABLE,1
2026-09-14T13:47:01,2026-09-14T13:40,20332,横浜北山田店,残7席,1,AVAILABLE,7
2026-09-14T13:56:02,2026-09-14T13:50,20903,調布南口店,残1席,1,AVAILABLE,1
2026-09-14T13:56:02,2026-09-14T13:50,20895,登戸駅前店,残1席,1,AVAILABLE,1
2026-09-14T13:56:02,2026-09-14T13:50,20391,百合ヶ丘店,満席,4,FULL,0
2026-09-14T13:56:02,2026-09-14T13:50,20332,横浜北山田店,残7席,1,AVAILABLE,7
2026-09-14T14:02:38,2026-09-14T14:00,20903,調布南口店,残1席,1,AVAILABLE,1
2026-09-14T14:02:38,2026-09-14T14:00,20895,登戸駅前店,満席,4,FULL,0
2026-09-14T14:02:38,2026-09-14T14:00,20391,百合ヶ丘店,満席,4,FULL,0
2026-09-14T14:02:38,2026-09-14T14:00,20332,横浜北山田店,残6席,1,AVAILABLE,6
2026-09-14T14:18:37,2026-09-14T14:10,20903,調布南口店,残1席,1,AVAILABLE,1
2026-09-14T14:18:37,2026-09-14T14:10,20895,登戸駅前店,満席,4,FULL,0
2026-09-14T14:18:37,2026-09-14T14:10,20391,百合ヶ丘店,満席,4,FULL,0
2026-09-14T14:18:37,2026-09-14T14:10,20332,横浜北山田店,残6席,1,AVAILABLE,6
2026-09-14T14:29:37,2026-09-14T14:20,20903,調布南口店,満席,4,FULL,0
2026-09-14T14:29:37,2026-09-14T14:20,20895,登戸駅前店,満席,4,FULL,0
2026-09-14T14:29:37,2026-09-14T14:20,20391,百合ヶ丘店,満席,4,FULL,0
2026-09-14T14:29:37,2026-09-14T14:20,20332,横浜北山田店,残4席,1,AVAILABLE,4
2026-09-14T14:39:45,2026-09-14T14:30,20903,調布南口店,満席,4,FULL,0
2026-09-14T14:39:45,2026-09-14T14:30,20895,登戸駅前店,残1席,1,AVAILABLE,1
2026-09-14T14:39:45,2026-09-14T14:30,20391,百合ヶ丘店,満席,4,FULL,0
2026-09-14T14:39:45,2026-09-14T14:30,20332,横浜北山田店,残3席,1,AVAILABLE,3
2026-09-14T14:48:33,2026-09-14T14:40,20903,調布南口店,満席,4,FULL,0
2026-09-14T14:48:33,2026-09-14T14:40,20895,登戸駅前店,満席,4,FULL,0
2026-09-14T14:48:33,2026-09-14T14:40,20391,百合ヶ丘店,満席,4,FULL,0
2026-09-14T14:48:33,2026-09-14T14:40,20332,横浜北山田店,残2席,1,AVAILABLE,2
2026-09-14T14:55:36,2026-09-14T14:50,20903,調布南口店,満席,4,FULL,0
2026-09-14T14:55:36,2026-09-14T14:50,20895,登戸駅前店,満席,4,FULL,0
2026-09-14T14:55:36,2026-09-14T14:50,20391,百合ヶ丘店,満席,4,FULL,0
2026-09-14T14:55:36,2026-09-14T14:50,20332,横浜北山田店,残3席,1,AVAILABLE,3
2026-09-14T15:02:40,2026-09-14T15:00,20903,調布南口店,満席,4,FULL,0
2026-09-14T15:02:40,2026-09-14T15:00,20895,登戸駅前店,満席,4,FULL,0
2026-09-14T15:02:40,2026-09-14T15:00,20391,百合ヶ丘店,満席,4,FULL,0
2026-09-14T15:02:40,2026-09-14T15:00,20332,横浜北山田店,残3席,1,AVAILABLE,3
2026-09-14T15:26:37,2026-09-14T15:20,20903,調布南口店,残1席,1,AVAILABLE,1
2026-09-14T15:26:37,2026-09-14T15:20,20895,登戸駅前店,満席,4,FULL,0
2026-09-14T15:26:37,2026-09-14T15:20,20391,百合ヶ丘店,満席,4,FULL,0
2026-09-14T15:26:37,2026-09-14T15:20,20332,横浜北山田店,残4席,1,AVAILABLE,4
2026-09-14T15:43:28,2026-09-14T15:40,20903,調布南口店,残1席,1,AVAILABLE,1
2026-09-14T15:43:28,2026-09-14T15:40,20895,登戸駅前店,満席,4,FULL,0
2026-09-14T15:43:28,2026-09-14T15:40,20391,百合ヶ丘店,満席,4,FULL,0
2026-09-14T15:43:28,2026-09-14T15:40,20332,横浜北山田店,残5席,1,AVAILABLE,5
2026-09-14T15:57:47,2026-09-14T15:50,20903,調布南口店,満席,4,FULL,0
2026-09-14T15:57:47,2026-09-14T15:50,20895,登戸駅前店,満席,4,FULL,0
2026-09-14T15:57:47,2026-09-14T15:50,20391,百合ヶ丘店,満席,4,FULL,0
2026-09-14T15:57:47,2026-09-14T15:50,20332,横浜北山田店,残4席,1,AVAILABLE,4
2026-09-14T16:07:53,2026-09-14T16:00,20903,調布南口店,残1席,1,AVAILABLE,1
2026-09-14T16:07:53,2026-09-14T16:00,20895,登戸駅前店,満席,4,FULL,0
2026-09-14T16:07:53,2026-09-14T16:00,20391,百合ヶ丘店,残1席,1,AVAILABLE,1
2026-09-14T16:07:53,2026-09-14T16:00,20332,横浜北山田店,残6席,1,AVAILABLE,6
2026-09-14T16:22:52,2026-09-14T16:20,20903,調布南口店,残1席,1,AVAILABLE,1
2026-09-14T16:22:52,2026-09-14T16:20,20895,登戸駅前店,満席,4,FULL,0
2026-09-14T16:22:52,2026-09-14T16:20,20391,百合ヶ丘店,残2席,1,AVAILABLE,2
2026-09-14T16:22:52,2026-09-14T16:20,20332,横浜北山田店,残6席,1,AVAILABLE,6
2026-09-14T16:36:10,2026-09-14T16:30,20903,調布南口店,残1席,1,AVAILABLE,1
2026-09-14T16:36:10,2026-09-14T16:30,20895,登戸駅前店,満席,4,FULL,0
2026-09-14T16:36:10,2026-09-14T16:30,20391,百合ヶ丘店,残2席,1,AVAILABLE,2
2026-09-14T16:36:10,2026-09-14T16:30,20332,横浜北山田店,残5席,1,AVAILABLE,5
2026-09-14T16:47:55,2026-09-14T16:40,20903,調布南口店,残2席,1,AVAILABLE,2
2026-09-14T16:47:55,2026-09-14T16:40,20895,登戸駅前店,満席,4,FULL,0
2026-09-14T16:47:55,2026-09-14T16:40,20391,百合ヶ丘店,残3席,1,AVAILABLE,3
2026-09-14T16:47:55,2026-09-14T16:40,20332,横浜北山田店,残5席,1,AVAILABLE,5
2026-09-14T16:56:39,2026-09-14T16:50,20903,調布南口店,残2席,1,AVAILABLE,2
2026-09-14T16:56:39,2026-09-14T16:50,20895,登戸駅前店,満席,4,FULL,0
2026-09-14T16:56:39,2026-09-14T16:50,20391,百合ヶ丘店,残2席,1,AVAILABLE,2
2026-09-14T16:56:39,2026-09-14T16:50,20332,横浜北山田店,残4席,1,AVAILABLE,4
2026-09-14T17:04:36,2026-09-14T17:00,20903,調布南口店,残2席,1,AVAILABLE,2
2026-09-14T17:04:36,2026-09-14T17:00,20895,登戸駅前店,満席,4,FULL,0
2026-09-14T17:04:36,2026-09-14T17:00,20391,百合ヶ丘店,残2席,1,AVAILABLE,2
2026-09-14T17:04:36,2026-09-14T17:00,20332,横浜北山田店,残3席,1,AVAILABLE,3
2026-09-14T17:21:19,2026-09-14T17:10,20903,調布南口店,残2席,1,AVAILABLE,2
2026-09-14T17:21:19,2026-09-14T17:10,20895,登戸駅前店,満席,4,FULL,0
2026-09-14T17:21:19,2026-09-14T17:10,20391,百合ヶ丘店,残2席,1,AVAILABLE,2
2026-09-14T17:21:19,2026-09-14T17:10,20332,横浜北山田店,残4席,1,AVAILABLE,4
2026-09-14T17:36:58,2026-09-14T17:30,20903,調布南口店,残2席,1,AVAILABLE,2
2026-09-14T17:36:58,2026-09-14T17:30,20895,登戸駅前店,残1席,1,AVAILABLE,1
2026-09-14T17:36:58,2026-09-14T17:30,20391,百合ヶ丘店,満席,4,FULL,0
2026-09-14T17:36:58,2026-09-14T17:30,20332,横浜北山田店,残3席,1,AVAILABLE,3
2026-09-14T17:48:30,2026-09-14T17:40,20903,調布南口店,残3席,1,AVAILABLE,3
2026-09-14T17:48:30,2026-09-14T17:40,20895,登戸駅前店,満席,4,FULL,0
2026-09-14T17:48:30,2026-09-14T17:40,20391,百合ヶ丘店,満席,4,FULL,0
2026-09-14T17:48:30,2026-09-14T17:40,20332,横浜北山田店,残1席,1,AVAILABLE,1
2026-09-14T17:57:30,2026-09-14T17:50,20903,調布南口店,残2席,1,AVAILABLE,2
2026-09-14T17:57:30,2026-09-14T17:50,20895,登戸駅前店,満席,4,FULL,0
2026-09-14T17:57:30,2026-09-14T17:50,20391,百合ヶ丘店,満席,4,FULL,0
2026-09-14T17:57:30,2026-09-14T17:50,20332,横浜北山田店,満席,4,FULL,0
2026-09-14T18:07:32,2026-09-14T18:00,20903,調布南口店,残1席,1,AVAILABLE,1
2026-09-14T18:07:32,2026-09-14T18:00,20895,登戸駅前店,満席,4,FULL,0
2026-09-14T18:07:32,2026-09-14T18:00,20391,百合ヶ丘店,満席,4,FULL,0
2026-09-14T18:07:32,2026-09-14T18:00,20332,横浜北山田店,満席,4,FULL,0
2026-09-14T18:23:25,2026-09-14T18:20,20903,調布南口店,満席,4,FULL,0
2026-09-14T18:23:25,2026-09-14T18:20,20895,登戸駅前店,満席,4,FULL,0
2026-09-14T18:23:25,2026-09-14T18:20,20391,百合ヶ丘店,満席,4,FULL,0
2026-09-14T18:23:25,2026-09-14T18:20,20332,横浜北山田店,満席,4,FULL,0
2026-09-14T18:36:34,2026-09-14T18:30,20903,調布南口店,満席,4,FULL,0
2026-09-14T18:36:34,2026-09-14T18:30,20895,登戸駅前店,満席,4,FULL,0
2026-09-14T18:36:34,2026-09-14T18:30,20391,百合ヶ丘店,満席,4,FULL,0
2026-09-14T18:36:34,2026-09-14T18:30,20332,横浜北山田店,満席,4,FULL,0
2026-09-14T18:48:03,2026-09-14T18:40,20903,調布南口店,満席,4,FULL,0
2026-09-14T18:48:03,2026-09-14T18:40,20895,登戸駅前店,満席,4,FULL,0
2026-09-14T18:48:03,2026-09-14T18:40,20391,百合ヶ丘店,満席,4,FULL,0
2026-09-14T18:48:03,2026-09-14T18:40,20332,横浜北山田店,満席,4,FULL,0
2026-09-14T18:57:12,2026-09-14T18:50,20903,調布南口店,満席,4,FULL,0
2026-09-14T18:57:12,2026-09-14T18:50,20895,登戸駅前店,満席,4,FULL,0
2026-09-14T18:57:12,2026-09-14T18:50,20391,百合ヶ丘店,満席,4,FULL,0
2026-09-14T18:57:12,2026-09-14T18:50,20332,横浜北山田店,残2席,1,AVAILABLE,2
2026-09-14T19:05:37,2026-09-14T19:00,20903,調布南口店,満席,4,FULL,0
2026-09-14T19:05:37,2026-09-14T19:00,20895,登戸駅前店,満席,4,FULL,0
2026-09-14T19:05:37,2026-09-14T19:00,20391,百合ヶ丘店,残1席,1,AVAILABLE,1
2026-09-14T19:05:37,2026-09-14T19:00,20332,横浜北山田店,満席,4,FULL,0
2026-09-14T19:20:08,2026-09-14T19:10,20903,調布南口店,満席,4,FULL,0
2026-09-14T19:20:08,2026-09-14T19:10,20895,登戸駅前店,満席,4,FULL,0
2026-09-14T19:20:08,2026-09-14T19:10,20391,百合ヶ丘店,満席,4,FULL,0
2026-09-14T19:20:08,2026-09-14T19:10,20332,横浜北山田店,満席,4,FULL,0
2026-09-14T19:35:04,2026-09-14T19:30,20903,調布南口店,満席,4,FULL,0
2026-09-14T19:35:04,2026-09-14T19:30,20895,登戸駅前店,満席,4,FULL,0
2026-09-14T19:35:04,2026-09-14T19:30,20391,百合ヶ丘店,満席,4,FULL,0
2026-09-14T19:35:04,2026-09-14T19:30,20332,横浜北山田店,残1席,1,AVAILABLE,1
2026-09-14T19:46:33,2026-09-14T19:40,20903,調布南口店,満席,4,FULL,0
2026-09-14T19:46:33,2026-09-14T19:40,20895,登戸駅前店,満席,4,FULL,0
2026-09-14T19:46:33,2026-09-14T19:40,20391,百合ヶ丘店,満席,4,FULL,0
2026-09-14T19:46:33,2026-09-14T19:40,20332,横浜北山田店,満席,4,FULL,0
2026-09-14T19:54:40,2026-09-14T19:50,20903,調布南口店,残1席,1,AVAILABLE,1
2026-09-14T19:54:40,2026-09-14T19:50,20895,登戸駅前店,満席,4,FULL,0
2026-09-14T19:54:40,2026-09-14T19:50,20391,百合ヶ丘店,満席,4,FULL,0
2026-09-14T19:54:40,2026-09-14T19:50,20332,横浜北山田店,満席,4,FULL,0
2026-09-14T20:01:14,2026-09-14T19:50,20903,調布南口店,残1席,1,AVAILABLE,1
2026-09-14T20:01:14,2026-09-14T19:50,20895,登戸駅前店,満席,4,FULL,0
2026-09-14T20:01:14,2026-09-14T19:50,20391,百合ヶ丘店,満席,4,FULL,0
2026-09-14T20:01:14,2026-09-14T19:50,20332,横浜北山田店,満席,4,FULL,0
2026-09-14T20:19:38,2026-09-14T20:10,20903,調布南口店,残1席,1,AVAILABLE,1
2026-09-14T20:19:38,2026-09-14T20:10,20895,登戸駅前店,満席,4,FULL,0
2026-09-14T20:19:38,2026-09-14T20:10,20391,百合ヶ丘店,満席,4,FULL,0
2026-09-14T20:19:38,2026-09-14T20:10,20332,横浜北山田店,満席,4,FULL,0
2026-09-14T20:32:28,2026-09-14T20:30,20903,調布南口店,残1席,1,AVAILABLE,1
2026-09-14T20:32:28,2026-09-14T20:30,20895,登戸駅前店,満席,4,FULL,0
2026-09-14T20:32:28,2026-09-14T20:30,20391,百合ヶ丘店,満席,4,FULL,0
2026-09-14T20:32:28,2026-09-14T20:30,20332,横浜北山田店,残1席,1,AVAILABLE,1
2026-09-14T20:46:46,2026-09-14T20:40,20903,調布南口店,残1席,1,AVAILABLE,1
2026-09-14T20:46:46,2026-09-14T20:40,20895,登戸駅前店,満席,4,FULL,0
2026-09-14T20:46:46,2026-09-14T20:40,20391,百合ヶ丘店,満席,4,FULL,0
2026-09-14T20:46:46,2026-09-14T20:40,20332,横浜北山田店,残2席,1,AVAILABLE,2
2026-09-14T20:55:42,2026-09-14T20:50,20903,調布南口店,残1席,1,AVAILABLE,1
2026-09-14T20:55:42,2026-09-14T20:50,20895,登戸駅前店,満席,4,FULL,0
2026-09-14T20:55:42,2026-09-14T20:50,20391,百合ヶ丘店,満席,4,FULL,0
2026-09-14T20:55:42,2026-09-14T20:50,20332,横浜北山田店,満席,4,FULL,0
2026-09-14T21:02:58,2026-09-14T21:00,20903,調布南口店,残1席,1,AVAILABLE,1
2026-09-14T21:02:58,2026-09-14T21:00,20895,登戸駅前店,満席,4,FULL,0
2026-09-14T21:02:58,2026-09-14T21:00,20391,百合ヶ丘店,満席,4,FULL,0
2026-09-14T21:02:58,2026-09-14T21:00,20332,横浜北山田店,残2席,1,AVAILABLE,2
2026-09-14T21:25:25,2026-09-14T21:20,20903,調布南口店,残1席,1,AVAILABLE,1
2026-09-14T21:25:25,2026-09-14T21:20,20895,登戸駅前店,満席,4,FULL,0
2026-09-14T21:25:25,2026-09-14T21:20,20391,百合ヶ丘店,満席,4,FULL,0
2026-09-14T21:25:25,2026-09-14T21:20,20332,横浜北山田店,残2席,1,AVAILABLE,2
2026-09-14T21:41:11,2026-09-14T21:30,20903,調布南口店,残2席,1,AVAILABLE,2
2026-09-14T21:41:11,2026-09-14T21:30,20895,登戸駅前店,満席,4,FULL,0
2026-09-14T21:41:11,2026-09-14T21:30,20391,百合ヶ丘店,満席,4,FULL,0
2026-09-14T21:41:11,2026-09-14T21:30,20332,横浜北山田店,残1席,1,AVAILABLE,1
2026-09-14T21:58:23,2026-09-14T21:50,20903,調布南口店,残2席,1,AVAILABLE,2
2026-09-14T21:58:23,2026-09-14T21:50,20895,登戸駅前店,満席,4,FULL,0
2026-09-14T21:58:23,2026-09-14T21:50,20391,百合ヶ丘店,満席,4,FULL,0
2026-09-14T21:58:23,2026-09-14T21:50,20332,横浜北山田店,残5席,1,AVAILABLE,5
2026-09-14T22:13:27,2026-09-14T22:10,20903,調布南口店,満席,4,FULL,0
2026-09-14T22:13:27,2026-09-14T22:10,20895,登戸駅前店,満席,4,FULL,0
2026-09-14T22:13:27,2026-09-14T22:10,20391,百合ヶ丘店,満席,4,FULL,0
2026-09-14T22:13:27,2026-09-14T22:10,20332,横浜北山田店,残4席,1,AVAILABLE,4
2026-09-14T22:30:15,2026-09-14T22:20,20903,調布南口店,満席,4,FULL,0
2026-09-14T22:30:15,2026-09-14T22:20,20895,登戸駅前店,満席,4,FULL,0
2026-09-14T22:30:15,2026-09-14T22:20,20391,百合ヶ丘店,満席,4,FULL,0
2026-09-14T22:30:15,2026-09-14T22:20,20332,横浜北山田店,残3席,1,AVAILABLE,3
2026-09-14T22:47:47,2026-09-14T22:40,20903,調布南口店,満席,4,FULL,0
2026-09-14T22:47:47,2026-09-14T22:40,20895,登戸駅前店,満席,4,FULL,0
2026-09-14T22:47:47,2026-09-14T22:40,20391,百合ヶ丘店,満席,4,FULL,0
2026-09-14T22:47:47,2026-09-14T22:40,20332,横浜北山田店,残3席,1,AVAILABLE,3
2026-09-14T22:56:09,2026-09-14T22:50,20903,調布南口店,満席,4,FULL,0
2026-09-14T22:56:09,2026-09-14T22:50,20895,登戸駅前店,満席,4,FULL,0
2026-09-14T22:56:09,2026-09-14T22:50,20391,百合ヶ丘店,満席,4,FULL,0
2026-09-14T22:56:09,2026-09-14T22:50,20332,横浜北山田店,残4席,1,AVAILABLE,4
2026-09-14T23:03:18,2026-09-14T23:00,20903,調布南口店,満席,4,FULL,0
2026-09-14T23:03:18,2026-09-14T23:00,20895,登戸駅前店,満席,4,FULL,0
2026-09-14T23:03:18,2026-09-14T23:00,20391,百合ヶ丘店,残1席,1,AVAILABLE,1
2026-09-14T23:03:18,2026-09-14T23:00,20332,横浜北山田店,残1席,1,AVAILABLE,1
2026-09-14T23:21:29,2026-09-14T23:10,20903,調布南口店,満席,4,FULL,0
2026-09-14T23:21:29,2026-09-14T23:10,20895,登戸駅前店,満席,4,FULL,0
2026-09-14T23:21:29,2026-09-14T23:10,20391,百合ヶ丘店,残1席,1,AVAILABLE,1
2026-09-14T23:21:29,2026-09-14T23:10,20332,横浜北山田店,残1席,1,AVAILABLE,1
2026-09-14T23:37:32,2026-09-14T23:30,20903,調布南口店,満席,4,FULL,0
2026-09-14T23:37:32,2026-09-14T23:30,20895,登戸駅前店,満席,4,FULL,0
2026-09-14T23:37:32,2026-09-14T23:30,20391,百合ヶ丘店,残1席,1,AVAILABLE,1
2026-09-14T23:37:32,2026-09-14T23:30,20332,横浜北山田店,残2席,1,AVAILABLE,2
2026-09-14T23:50:35,2026-09-14T23:40,20903,調布南口店,満席,4,FULL,0
2026-09-14T23:50:35,2026-09-14T23:40,20895,登戸駅前店,満席,4,FULL,0
2026-09-14T23:50:35,2026-09-14T23:40,20391,百合ヶ丘店,残1席,1,AVAILABLE,1
2026-09-14T23:50:35,2026-09-14T23:40,20332,横浜北山田店,残3席,1,AVAILABLE,3
2026-09-15T00:03:28,2026-09-15T00:00,20903,調布南口店,満席,4,FULL,0
2026-09-15T00:03:28,2026-09-15T00:00,20895,登戸駅前店,満席,4,FULL,0
2026-09-15T00:03:28,2026-09-15T00:00,20391,百合ヶ丘店,残1席,1,AVAILABLE,1
2026-09-15T00:03:28,2026-09-15T00:00,20332,横浜北山田店,残3席,1,AVAILABLE,3
2026-09-15T00:21:49,2026-09-15T00:10,20903,調布南口店,満席,4,FULL,0
2026-09-15T00:21:49,2026-09-15T00:10,20895,登戸駅前店,満席,4,FULL,0
2026-09-15T00:21:49,2026-09-15T00:10,20391,百合ヶ丘店,残1席,1,AVAILABLE,1
2026-09-15T00:21:49,2026-09-15T00:10,20332,横浜北山田店,残2席,1,AVAILABLE,2
2026-09-15T00:36:54,2026-09-15T00:30,20903,調布南口店,満席,4,FULL,0
2026-09-15T00:36:54,2026-09-15T00:30,20895,登戸駅前店,満席,4,FULL,0
2026-09-15T00:36:54,2026-09-15T00:30,20391,百合ヶ丘店,満席,4,FULL,0
2026-09-15T00:36:54,2026-09-15T00:30,20332,横浜北山田店,残2席,1,AVAILABLE,2
2026-09-15T00:49:08,2026-09-15T00:40,20903,調布南口店,残1席,1,AVAILABLE,1
2026-09-15T00:49:08,2026-09-15T00:40,20895,登戸駅前店,満席,4,FULL,0
2026-09-15T00:49:08,2026-09-15T00:40,20391,百合ヶ丘店,満席,4,FULL,0
2026-09-15T00:49:08,2026-09-15T00:40,20332,横浜北山田店,残3席,1,AVAILABLE,3
2026-09-15T00:57:04,2026-09-15T00:50,20903,調布南口店,残1席,1,AVAILABLE,1
2026-09-15T00:57:04,2026-09-15T00:50,20895,登戸駅前店,満席,4,FULL,0
2026-09-15T00:57:04,2026-09-15T00:50,20391,百合ヶ丘店,満席,4,FULL,0
2026-09-15T00:57:04,2026-09-15T00:50,20332,横浜北山田店,残2席,1,AVAILABLE,2
2026-09-15T01:05:02,2026-09-15T01:00,20903,調布南口店,満席,4,FULL,0
2026-09-15T01:05:02,2026-09-15T01:00,20895,登戸駅前店,満席,4,FULL,0
2026-09-15T01:05:02,2026-09-15T01:00,20391,百合ヶ丘店,満席,4,FULL,0
2026-09-15T01:05:02,2026-09-15T01:00,20332,横浜北山田店,残3席,1,AVAILABLE,3
2026-09-15T01:19:52,2026-09-15T01:10,20903,調布南口店,満席,4,FULL,0
2026-09-15T01:19:52,2026-09-15T01:10,20895,登戸駅前店,満席,4,FULL,0
2026-09-15T01:19:52,2026-09-15T01:10,20391,百合ヶ丘店,満席,4,FULL,0
2026-09-15T01:19:52,2026-09-15T01:10,20332,横浜北山田店,残5席,1,AVAILABLE,5
2026-09-15T01:32:26,2026-09-15T01:30,20903,調布南口店,満席,4,FULL,0
2026-09-15T01:32:26,2026-09-15T01:30,20895,登戸駅前店,満席,4,FULL,0
2026-09-15T01:32:26,2026-09-15T01:30,20391,百合ヶ丘店,残1席,1,AVAILABLE,1
2026-09-15T01:32:26,2026-09-15T01:30,20332,横浜北山田店,残5席,1,AVAILABLE,5
2026-09-15T01:48:17,2026-09-15T01:40,20903,調布南口店,満席,4,FULL,0
2026-09-15T01:48:17,2026-09-15T01:40,20895,登戸駅前店,満席,4,FULL,0
2026-09-15T01:48:17,2026-09-15T01:40,20391,百合ヶ丘店,残3席,1,AVAILABLE,3
2026-09-15T01:48:17,2026-09-15T01:40,20332,横浜北山田店,残6席,1,AVAILABLE,6
2026-09-15T01:57:16,2026-09-15T01:50,20903,調布南口店,残1席,1,AVAILABLE,1
2026-09-15T01:57:16,2026-09-15T01:50,20895,登戸駅前店,満席,4,FULL,0
2026-09-15T01:57:16,2026-09-15T01:50,20391,百合ヶ丘店,残2席,1,AVAILABLE,2
2026-09-15T01:57:16,2026-09-15T01:50,20332,横浜北山田店,残6席,1,AVAILABLE,6
2026-09-15T02:04:36,2026-09-15T02:00,20903,調布南口店,残1席,1,AVAILABLE,1
2026-09-15T02:04:36,2026-09-15T02:00,20895,登戸駅前店,満席,4,FULL,0
2026-09-15T02:04:36,2026-09-15T02:00,20391,百合ヶ丘店,残2席,1,AVAILABLE,2
2026-09-15T02:04:36,2026-09-15T02:00,20332,横浜北山田店,残7席,1,AVAILABLE,7
2026-09-15T02:17:25,2026-09-15T02:10,20903,調布南口店,残1席,1,AVAILABLE,1
2026-09-15T02:17:25,2026-09-15T02:10,20895,登戸駅前店,満席,4,FULL,0
2026-09-15T02:17:25,2026-09-15T02:10,20391,百合ヶ丘店,残2席,1,AVAILABLE,2
2026-09-15T02:17:25,2026-09-15T02:10,20332,横浜北山田店,残7席,1,AVAILABLE,7
2026-09-15T02:28:04,2026-09-15T02:20,20903,調布南口店,残1席,1,AVAILABLE,1
2026-09-15T02:28:04,2026-09-15T02:20,20895,登戸駅前店,満席,4,FULL,0
2026-09-15T02:28:04,2026-09-15T02:20,20391,百合ヶ丘店,残2席,1,AVAILABLE,2
2026-09-15T02:28:04,2026-09-15T02:20,20332,横浜北山田店,残7席,1,AVAILABLE,7
2026-09-15T02:38:36,2026-09-15T02:30,20903,調布南口店,満席,4,FULL,0
2026-09-15T02:38:36,2026-09-15T02:30,20895,登戸駅前店,満席,4,FULL,0
2026-09-15T02:38:36,2026-09-15T02:30,20391,百合ヶ丘店,残2席,1,AVAILABLE,2
2026-09-15T02:38:36,2026-09-15T02:30,20332,横浜北山田店,残7席,1,AVAILABLE,7
2026-09-15T02:48:07,2026-09-15T02:40,20903,調布南口店,満席,4,FULL,0
2026-09-15T02:48:07,2026-09-15T02:40,20895,登戸駅前店,満席,4,FULL,0
2026-09-15T02:48:07,2026-09-15T02:40,20391,百合ヶ丘店,残2席,1,AVAILABLE,2
2026-09-15T02:48:07,2026-09-15T02:40,20332,横浜北山田店,残7席,1,AVAILABLE,7
2026-09-15T02:55:49,2026-09-15T02:50,20903,調布南口店,満席,4,FULL,0
2026-09-15T02:55:49,2026-09-15T02:50,20895,登戸駅前店,満席,4,FULL,0
2026-09-15T02:55:49,2026-09-15T02:50,20391,百合ヶ丘店,残2席,1,AVAILABLE,2
2026-09-15T02:55:49,2026-09-15T02:50,20332,横浜北山田店,残7席,1,AVAILABLE,7
2026-09-15T03:02:33,2026-09-15T03:00,20903,調布南口店,満席,4,FULL,0
2026-09-15T03:02:33,2026-09-15T03:00,20895,登戸駅前店,満席,4,FULL,0
2026-09-15T03:02:33,2026-09-15T03:00,20391,百合ヶ丘店,残2席,1,AVAILABLE,2
2026-09-15T03:02:33,2026-09-15T03:00,20332,横浜北山田店,残7席,1,AVAILABLE,7
2026-09-15T03:22:05,2026-09-15T03:20,20903,調布南口店,残1席,1,AVAILABLE,1
2026-09-15T03:22:05,2026-09-15T03:20,20895,登戸駅前店,満席,4,FULL,0
2026-09-15T03:22:05,2026-09-15T03:20,20391,百合ヶ丘店,残2席,1,AVAILABLE,2
2026-09-15T03:22:05,2026-09-15T03:20,20332,横浜北山田店,残5席,1,AVAILABLE,5
2026-09-15T03:39:00,2026-09-15T03:30,20903,調布南口店,残1席,1,AVAILABLE,1
2026-09-15T03:39:00,2026-09-15T03:30,20895,登戸駅前店,満席,4,FULL,0
2026-09-15T03:39:00,2026-09-15T03:30,20391,百合ヶ丘店,残1席,1,AVAILABLE,1
2026-09-15T03:39:00,2026-09-15T03:30,20332,横浜北山田店,残5席,1,AVAILABLE,5
2026-09-15T03:52:01,2026-09-15T03:50,20903,調布南口店,満席,4,FULL,0
2026-09-15T03:52:01,2026-09-15T03:50,20895,登戸駅前店,満席,4,FULL,0
2026-09-15T03:52:01,2026-09-15T03:50,20391,百合ヶ丘店,残1席,1,AVAILABLE,1
2026-09-15T03:52:01,2026-09-15T03:50,20332,横浜北山田店,残5席,1,AVAILABLE,5
2026-09-15T04:02:30,2026-09-15T04:00,20903,調布南口店,残1席,1,AVAILABLE,1
2026-09-15T04:02:30,2026-09-15T04:00,20895,登戸駅前店,満席,4,FULL,0
2026-09-15T04:02:30,2026-09-15T04:00,20391,百合ヶ丘店,残2席,1,AVAILABLE,2
2026-09-15T04:02:30,2026-09-15T04:00,20332,横浜北山田店,残5席,1,AVAILABLE,5
2026-09-15T04:19:36,2026-09-15T04:10,20903,調布南口店,残1席,1,AVAILABLE,1
2026-09-15T04:19:36,2026-09-15T04:10,20895,登戸駅前店,満席,4,FULL,0
2026-09-15T04:19:36,2026-09-15T04:10,20391,百合ヶ丘店,残2席,1,AVAILABLE,2
2026-09-15T04:19:36,2026-09-15T04:10,20332,横浜北山田店,残5席,1,AVAILABLE,5
2026-09-15T04:31:12,2026-09-15T04:20,20903,調布南口店,残1席,1,AVAILABLE,1
2026-09-15T04:31:12,2026-09-15T04:20,20895,登戸駅前店,満席,4,FULL,0
2026-09-15T04:31:12,2026-09-15T04:20,20391,百合ヶ丘店,残2席,1,AVAILABLE,2
2026-09-15T04:31:12,2026-09-15T04:20,20332,横浜北山田店,残8席,1,AVAILABLE,8
2026-09-15T04:44:43,2026-09-15T04:40,20903,調布南口店,満席,4,FULL,0
2026-09-15T04:44:43,2026-09-15T04:40,20895,登戸駅前店,残1席,1,AVAILABLE,1
2026-09-15T04:44:43,2026-09-15T04:40,20391,百合ヶ丘店,残2席,1,AVAILABLE,2
2026-09-15T04:44:43,2026-09-15T04:40,20332,横浜北山田店,残10席以上,1,AVAILABLE,10
2026-09-15T04:52:20,2026-09-15T04:50,20903,調布南口店,満席,4,FULL,0
2026-09-15T04:52:20,2026-09-15T04:50,20895,登戸駅前店,残1席,1,AVAILABLE,1
2026-09-15T04:52:20,2026-09-15T04:50,20391,百合ヶ丘店,残2席,1,AVAILABLE,2
2026-09-15T04:52:20,2026-09-15T04:50,20332,横浜北山田店,残10席以上,1,AVAILABLE,10
2026-09-15T05:01:14,2026-09-15T04:50,20903,調布南口店,満席,4,FULL,0
2026-09-15T05:01:14,2026-09-15T04:50,20895,登戸駅前店,残1席,1,AVAILABLE,1
2026-09-15T05:01:14,2026-09-15T04:50,20391,百合ヶ丘店,残2席,1,AVAILABLE,2
2026-09-15T05:01:14,2026-09-15T04:50,20332,横浜北山田店,残10席以上,1,AVAILABLE,10
2026-09-15T05:18:54,2026-09-15T05:10,20903,調布南口店,満席,4,FULL,0
2026-09-15T05:18:54,2026-09-15T05:10,20895,登戸駅前店,満席,4,FULL,0
2026-09-15T05:18:54,2026-09-15T05:10,20391,百合ヶ丘店,残2席,1,AVAILABLE,2
2026-09-15T05:18:54,2026-09-15T05:10,20332,横浜北山田店,残10席以上,1,AVAILABLE,10
2026-09-15T05:29:50,2026-09-15T05:20,20903,調布南口店,満席,4,FULL,0
2026-09-15T05:29:50,2026-09-15T05:20,20895,登戸駅前店,残1席,1,AVAILABLE,1
2026-09-15T05:29:50,2026-09-15T05:20,20391,百合ヶ丘店,残1席,1,AVAILABLE,1
2026-09-15T05:29:50,2026-09-15T05:20,20332,横浜北山田店,残10席以上,1,AVAILABLE,10
2026-09-15T05:40:18,2026-09-15T05:30,20903,調布南口店,残3席,1,AVAILABLE,3
2026-09-15T05:40:18,2026-09-15T05:30,20895,登戸駅前店,満席,4,FULL,0
2026-09-15T05:40:18,2026-09-15T05:30,20391,百合ヶ丘店,残1席,1,AVAILABLE,1
2026-09-15T05:40:18,2026-09-15T05:30,20332,横浜北山田店,残10席以上,1,AVAILABLE,10
2026-09-15T05:53:25,2026-09-15T05:50,20903,調布南口店,残3席,1,AVAILABLE,3
2026-09-15T05:53:25,2026-09-15T05:50,20895,登戸駅前店,残2席,1,AVAILABLE,2
2026-09-15T05:53:25,2026-09-15T05:50,20391,百合ヶ丘店,残1席,1,AVAILABLE,1
2026-09-15T05:53:25,2026-09-15T05:50,20332,横浜北山田店,残10席以上,1,AVAILABLE,10
2026-09-15T06:00:53,2026-09-15T05:50,20903,調布南口店,残3席,1,AVAILABLE,3
2026-09-15T06:00:53,2026-09-15T05:50,20895,登戸駅前店,残2席,1,AVAILABLE,2
2026-09-15T06:00:53,2026-09-15T05:50,20391,百合ヶ丘店,残1席,1,AVAILABLE,1
2026-09-15T06:00:53,2026-09-15T05:50,20332,横浜北山田店,残10席以上,1,AVAILABLE,10
2026-09-15T06:18:11,2026-09-15T06:10,20903,調布南口店,残3席,1,AVAILABLE,3
2026-09-15T06:18:11,2026-09-15T06:10,20895,登戸駅前店,残2席,1,AVAILABLE,2
2026-09-15T06:18:11,2026-09-15T06:10,20391,百合ヶ丘店,残1席,1,AVAILABLE,1
2026-09-15T06:18:11,2026-09-15T06:10,20332,横浜北山田店,残10席以上,1,AVAILABLE,10
2026-09-15T06:29:10,2026-09-15T06:20,20903,調布南口店,残3席,1,AVAILABLE,3
2026-09-15T06:29:10,2026-09-15T06:20,20895,登戸駅前店,残2席,1,AVAILABLE,2
2026-09-15T06:29:10,2026-09-15T06:20,20391,百合ヶ丘店,残2席,1,AVAILABLE,2
2026-09-15T06:29:10,2026-09-15T06:20,20332,横浜北山田店,残10席以上,1,AVAILABLE,10
2026-09-15T06:39:59,2026-09-15T06:30,20903,調布南口店,残3席,1,AVAILABLE,3
2026-09-15T06:39:59,2026-09-15T06:30,20895,登戸駅前店,残1席,1,AVAILABLE,1
2026-09-15T06:39:59,2026-09-15T06:30,20391,百合ヶ丘店,残2席,1,AVAILABLE,2
2026-09-15T06:39:59,2026-09-15T06:30,20332,横浜北山田店,残10席以上,1,AVAILABLE,10
2026-09-15T06:48:45,2026-09-15T06:40,20903,調布南口店,残3席,1,AVAILABLE,3
2026-09-15T06:48:45,2026-09-15T06:40,20895,登戸駅前店,残1席,1,AVAILABLE,1
2026-09-15T06:48:45,2026-09-15T06:40,20391,百合ヶ丘店,残2席,1,AVAILABLE,2
2026-09-15T06:48:45,2026-09-15T06:40,20332,横浜北山田店,残10席以上,1,AVAILABLE,10
2026-09-15T06:55:53,2026-09-15T06:50,20903,調布南口店,残3席,1,AVAILABLE,3
2026-09-15T06:55:53,2026-09-15T06:50,20895,登戸駅前店,残1席,1,AVAILABLE,1
2026-09-15T06:55:53,2026-09-15T06:50,20391,百合ヶ丘店,残2席,1,AVAILABLE,2
2026-09-15T06:55:53,2026-09-15T06:50,20332,横浜北山田店,残10席以上,1,AVAILABLE,10
2026-09-15T07:02:33,2026-09-15T07:00,20903,調布南口店,残3席,1,AVAILABLE,3
2026-09-15T07:02:33,2026-09-15T07:00,20895,登戸駅前店,残1席,1,AVAILABLE,1
2026-09-15T07:02:33,2026-09-15T07:00,20391,百合ヶ丘店,残2席,1,AVAILABLE,2
2026-09-15T07:02:33,2026-09-15T07:00,20332,横浜北山田店,残10席以上,1,AVAILABLE,10
2026-09-15T07:19:31,2026-09-15T07:10,20903,調布南口店,残3席,1,AVAILABLE,3
2026-09-15T07:19:31,2026-09-15T07:10,20895,登戸駅前店,残2席,1,AVAILABLE,2
2026-09-15T07:19:31,2026-09-15T07:10,20391,百合ヶ丘店,残2席,1,AVAILABLE,2
2026-09-15T07:19:31,2026-09-15T07:10,20332,横浜北山田店,残10席以上,1,AVAILABLE,10
2026-09-15T07:31:27,2026-09-15T07:20,20903,調布南口店,残3席,1,AVAILABLE,3
2026-09-15T07:31:27,2026-09-15T07:20,20895,登戸駅前店,残2席,1,AVAILABLE,2
2026-09-15T07:31:27,2026-09-15T07:20,20391,百合ヶ丘店,残2席,1,AVAILABLE,2
2026-09-15T07:31:27,2026-09-15T07:20,20332,横浜北山田店,残10席以上,1,AVAILABLE,10
2026-09-15T07:45:53,2026-09-15T07:40,20903,調布南口店,残3席,1,AVAILABLE,3
2026-09-15T07:45:53,2026-09-15T07:40,20895,登戸駅前店,残2席,1,AVAILABLE,2
2026-09-15T07:45:53,2026-09-15T07:40,20391,百合ヶ丘店,残2席,1,AVAILABLE,2
2026-09-15T07:45:53,2026-09-15T07:40,20332,横浜北山田店,残10席以上,1,AVAILABLE,10
2026-09-15T07:54:00,2026-09-15T07:50,20903,調布南口店,残3席,1,AVAILABLE,3
2026-09-15T07:54:00,2026-09-15T07:50,20895,登戸駅前店,残2席,1,AVAILABLE,2
2026-09-15T07:54:00,2026-09-15T07:50,20391,百合ヶ丘店,残2席,1,AVAILABLE,2
2026-09-15T07:54:00,2026-09-15T07:50,20332,横浜北山田店,残10席以上,1,AVAILABLE,10
2026-09-15T08:00:54,2026-09-15T07:50,20903,調布南口店,残3席,1,AVAILABLE,3
2026-09-15T08:00:54,2026-09-15T07:50,20895,登戸駅前店,残2席,1,AVAILABLE,2
2026-09-15T08:00:54,2026-09-15T07:50,20391,百合ヶ丘店,残2席,1,AVAILABLE,2
2026-09-15T08:00:54,2026-09-15T07:50,20332,横浜北山田店,残10席以上,1,AVAILABLE,10
2026-09-15T08:16:55,2026-09-15T08:10,20903,調布南口店,残2席,1,AVAILABLE,2
2026-09-15T08:16:55,2026-09-15T08:10,20895,登戸駅前店,残2席,1,AVAILABLE,2
2026-09-15T08:16:55,2026-09-15T08:10,20391,百合ヶ丘店,残2席,1,AVAILABLE,2
2026-09-15T08:16:55,2026-09-15T08:10,20332,横浜北山田店,残10席以上,1,AVAILABLE,10
2026-09-15T08:25:42,2026-09-15T08:20,20903,調布南口店,残2席,1,AVAILABLE,2
2026-09-15T08:25:42,2026-09-15T08:20,20895,登戸駅前店,残2席,1,AVAILABLE,2
2026-09-15T08:25:42,2026-09-15T08:20,20391,百合ヶ丘店,残2席,1,AVAILABLE,2
2026-09-15T08:25:42,2026-09-15T08:20,20332,横浜北山田店,残10席以上,1,AVAILABLE,10
2026-09-15T08:32:12,2026-09-15T08:30,20903,調布南口店,残2席,1,AVAILABLE,2
2026-09-15T08:32:12,2026-09-15T08:30,20895,登戸駅前店,残2席,1,AVAILABLE,2
2026-09-15T08:32:12,2026-09-15T08:30,20391,百合ヶ丘店,残2席,1,AVAILABLE,2
2026-09-15T08:32:12,2026-09-15T08:30,20332,横浜北山田店,残10席以上,1,AVAILABLE,10
2026-09-15T08:43:11,2026-09-15T08:40,20903,調布南口店,残2席,1,AVAILABLE,2
2026-09-15T08:43:11,2026-09-15T08:40,20895,登戸駅前店,残2席,1,AVAILABLE,2
2026-09-15T08:43:11,2026-09-15T08:40,20391,百合ヶ丘店,残3席,1,AVAILABLE,3
2026-09-15T08:43:11,2026-09-15T08:40,20332,横浜北山田店,残9席,1,AVAILABLE,9
2026-09-15T08:51:52,2026-09-15T08:40,20903,調布南口店,残2席,1,AVAILABLE,2
2026-09-15T08:51:52,2026-09-15T08:40,20895,登戸駅前店,残2席,1,AVAILABLE,2
2026-09-15T08:51:52,2026-09-15T08:40,20391,百合ヶ丘店,残3席,1,AVAILABLE,3
2026-09-15T08:51:52,2026-09-15T08:40,20332,横浜北山田店,残9席,1,AVAILABLE,9
2026-09-15T09:00:57,2026-09-15T08:50,20903,調布南口店,残3席,1,AVAILABLE,3
2026-09-15T09:00:57,2026-09-15T08:50,20895,登戸駅前店,残2席,1,AVAILABLE,2
2026-09-15T09:00:57,2026-09-15T08:50,20391,百合ヶ丘店,残3席,1,AVAILABLE,3
2026-09-15T09:00:57,2026-09-15T08:50,20332,横浜北山田店,残10席以上,1,AVAILABLE,10
2026-09-15T09:27:17,2026-09-15T09:20,20903,調布南口店,残4席,1,AVAILABLE,4
2026-09-15T09:27:17,2026-09-15T09:20,20895,登戸駅前店,残4席,1,AVAILABLE,4
2026-09-15T09:27:17,2026-09-15T09:20,20391,百合ヶ丘店,残3席,1,AVAILABLE,3
2026-09-15T09:27:17,2026-09-15T09:20,20332,横浜北山田店,残10席以上,1,AVAILABLE,10
2026-09-15T09:43:24,2026-09-15T09:40,20903,調布南口店,残4席,1,AVAILABLE,4
2026-09-15T09:43:24,2026-09-15T09:40,20895,登戸駅前店,残4席,1,AVAILABLE,4
2026-09-15T09:43:24,2026-09-15T09:40,20391,百合ヶ丘店,残3席,1,AVAILABLE,3
2026-09-15T09:43:24,2026-09-15T09:40,20332,横浜北山田店,残8席,1,AVAILABLE,8
2026-09-15T09:56:59,2026-09-15T09:50,20903,調布南口店,残4席,1,AVAILABLE,4
2026-09-15T09:56:59,2026-09-15T09:50,20895,登戸駅前店,残3席,1,AVAILABLE,3
2026-09-15T09:56:59,2026-09-15T09:50,20391,百合ヶ丘店,残3席,1,AVAILABLE,3
2026-09-15T09:56:59,2026-09-15T09:50,20332,横浜北山田店,残7席,1,AVAILABLE,7
2026-09-15T10:05:48,2026-09-15T10:00,20903,調布南口店,残3席,1,AVAILABLE,3
2026-09-15T10:05:48,2026-09-15T10:00,20895,登戸駅前店,残3席,1,AVAILABLE,3
2026-09-15T10:05:48,2026-09-15T10:00,20391,百合ヶ丘店,残3席,1,AVAILABLE,3
2026-09-15T10:05:48,2026-09-15T10:00,20332,横浜北山田店,残6席,1,AVAILABLE,6
2026-09-15T10:22:04,2026-09-15T10:20,20903,調布南口店,残3席,1,AVAILABLE,3
2026-09-15T10:22:04,2026-09-15T10:20,20895,登戸駅前店,残3席,1,AVAILABLE,3
2026-09-15T10:22:04,2026-09-15T10:20,20391,百合ヶ丘店,残3席,1,AVAILABLE,3
2026-09-15T10:22:04,2026-09-15T10:20,20332,横浜北山田店,残6席,1,AVAILABLE,6
2026-09-15T10:35:45,2026-09-15T10:30,20903,調布南口店,残3席,1,AVAILABLE,3
2026-09-15T10:35:45,2026-09-15T10:30,20895,登戸駅前店,残2席,1,AVAILABLE,2
2026-09-15T10:35:45,2026-09-15T10:30,20391,百合ヶ丘店,残3席,1,AVAILABLE,3
2026-09-15T10:35:45,2026-09-15T10:30,20332,横浜北山田店,残5席,1,AVAILABLE,5
2026-09-15T10:47:35,2026-09-15T10:40,20903,調布南口店,残3席,1,AVAILABLE,3
2026-09-15T10:47:35,2026-09-15T10:40,20895,登戸駅前店,残2席,1,AVAILABLE,2
2026-09-15T10:47:35,2026-09-15T10:40,20391,百合ヶ丘店,残2席,1,AVAILABLE,2
2026-09-15T10:47:35,2026-09-15T10:40,20332,横浜北山田店,残5席,1,AVAILABLE,5
2026-09-15T10:56:39,2026-09-15T10:50,20903,調布南口店,残3席,1,AVAILABLE,3
2026-09-15T10:56:39,2026-09-15T10:50,20895,登戸駅前店,残2席,1,AVAILABLE,2
2026-09-15T10:56:39,2026-09-15T10:50,20391,百合ヶ丘店,残2席,1,AVAILABLE,2
2026-09-15T10:56:39,2026-09-15T10:50,20332,横浜北山田店,残5席,1,AVAILABLE,5
2026-09-15T11:05:53,2026-09-15T11:00,20903,調布南口店,残3席,1,AVAILABLE,3
2026-09-15T11:05:53,2026-09-15T11:00,20895,登戸駅前店,残1席,1,AVAILABLE,1
2026-09-15T11:05:53,2026-09-15T11:00,20391,百合ヶ丘店,残2席,1,AVAILABLE,2
2026-09-15T11:05:53,2026-09-15T11:00,20332,横浜北山田店,残5席,1,AVAILABLE,5
2026-09-15T11:21:28,2026-09-15T11:10,20903,調布南口店,残3席,1,AVAILABLE,3
2026-09-15T11:21:28,2026-09-15T11:10,20895,登戸駅前店,満席,4,FULL,0
2026-09-15T11:21:28,2026-09-15T11:10,20391,百合ヶ丘店,残2席,1,AVAILABLE,2
2026-09-15T11:21:28,2026-09-15T11:10,20332,横浜北山田店,残6席,1,AVAILABLE,6
2026-09-15T11:36:29,2026-09-15T11:30,20903,調布南口店,残3席,1,AVAILABLE,3
2026-09-15T11:36:29,2026-09-15T11:30,20895,登戸駅前店,満席,4,FULL,0
2026-09-15T11:36:29,2026-09-15T11:30,20391,百合ヶ丘店,残1席,1,AVAILABLE,1
2026-09-15T11:36:29,2026-09-15T11:30,20332,横浜北山田店,残6席,1,AVAILABLE,6
2026-09-15T11:48:28,2026-09-15T11:40,20903,調布南口店,残2席,1,AVAILABLE,2
2026-09-15T11:48:28,2026-09-15T11:40,20895,登戸駅前店,満席,4,FULL,0
2026-09-15T11:48:28,2026-09-15T11:40,20391,百合ヶ丘店,満席,4,FULL,0
2026-09-15T11:48:28,2026-09-15T11:40,20332,横浜北山田店,残6席,1,AVAILABLE,6
2026-09-15T11:57:19,2026-09-15T11:50,20903,調布南口店,残1席,1,AVAILABLE,1
2026-09-15T11:57:19,2026-09-15T11:50,20895,登戸駅前店,満席,4,FULL,0
2026-09-15T11:57:19,2026-09-15T11:50,20391,百合ヶ丘店,満席,4,FULL,0
2026-09-15T11:57:19,2026-09-15T11:50,20332,横浜北山田店,残6席,1,AVAILABLE,6
2026-09-15T12:06:13,2026-09-15T12:00,20903,調布南口店,満席,4,FULL,0
2026-09-15T12:06:13,2026-09-15T12:00,20895,登戸駅前店,満席,4,FULL,0
2026-09-15T12:06:13,2026-09-15T12:00,20391,百合ヶ丘店,満席,4,FULL,0
2026-09-15T12:06:13,2026-09-15T12:00,20332,横浜北山田店,残6席,1,AVAILABLE,6
2026-09-15T12:21:59,2026-09-15T12:10,20903,調布南口店,満席,4,FULL,0
2026-09-15T12:21:59,2026-09-15T12:10,20895,登戸駅前店,満席,4,FULL,0
2026-09-15T12:21:59,2026-09-15T12:10,20391,百合ヶ丘店,満席,4,FULL,0
2026-09-15T12:21:59,2026-09-15T12:10,20332,横浜北山田店,残10席以上,1,AVAILABLE,10
2026-09-15T12:36:39,2026-09-15T12:30,20903,調布南口店,残1席,1,AVAILABLE,1
2026-09-15T12:36:39,2026-09-15T12:30,20895,登戸駅前店,満席,4,FULL,0
2026-09-15T12:36:39,2026-09-15T12:30,20391,百合ヶ丘店,満席,4,FULL,0
2026-09-15T12:36:39,2026-09-15T12:30,20332,横浜北山田店,残9席,1,AVAILABLE,9
2026-09-15T12:48:31,2026-09-15T12:40,20903,調布南口店,残1席,1,AVAILABLE,1
2026-09-15T12:48:31,2026-09-15T12:40,20895,登戸駅前店,満席,4,FULL,0
2026-09-15T12:48:31,2026-09-15T12:40,20391,百合ヶ丘店,満席,4,FULL,0
2026-09-15T12:48:31,2026-09-15T12:40,20332,横浜北山田店,残9席,1,AVAILABLE,9
2026-09-15T12:57:13,2026-09-15T12:50,20903,調布南口店,残2席,1,AVAILABLE,2
2026-09-15T12:57:13,2026-09-15T12:50,20895,登戸駅前店,満席,4,FULL,0
2026-09-15T12:57:13,2026-09-15T12:50,20391,百合ヶ丘店,満席,4,FULL,0
2026-09-15T12:57:13,2026-09-15T12:50,20332,横浜北山田店,残9席,1,AVAILABLE,9
2026-09-15T13:05:54,2026-09-15T13:00,20903,調布南口店,残2席,1,AVAILABLE,2
2026-09-15T13:05:54,2026-09-15T13:00,20895,登戸駅前店,満席,4,FULL,0
2026-09-15T13:05:54,2026-09-15T13:00,20391,百合ヶ丘店,満席,4,FULL,0
2026-09-15T13:05:54,2026-09-15T13:00,20332,横浜北山田店,残9席,1,AVAILABLE,9
2026-09-15T13:21:28,2026-09-15T13:10,20903,調布南口店,残1席,1,AVAILABLE,1
2026-09-15T13:21:28,2026-09-15T13:10,20895,登戸駅前店,満席,4,FULL,0
2026-09-15T13:21:28,2026-09-15T13:10,20391,百合ヶ丘店,残1席,1,AVAILABLE,1
2026-09-15T13:21:28,2026-09-15T13:10,20332,横浜北山田店,残7席,1,AVAILABLE,7
2026-09-15T13:36:31,2026-09-15T13:30,20903,調布南口店,満席,4,FULL,0
2026-09-15T13:36:31,2026-09-15T13:30,20895,登戸駅前店,満席,4,FULL,0
2026-09-15T13:36:31,2026-09-15T13:30,20391,百合ヶ丘店,残1席,1,AVAILABLE,1
2026-09-15T13:36:31,2026-09-15T13:30,20332,横浜北山田店,残9席,1,AVAILABLE,9
2026-09-15T13:48:32,2026-09-15T13:40,20903,調布南口店,満席,4,FULL,0
2026-09-15T13:48:32,2026-09-15T13:40,20895,登戸駅前店,満席,4,FULL,0
2026-09-15T13:48:32,2026-09-15T13:40,20391,百合ヶ丘店,残1席,1,AVAILABLE,1
2026-09-15T13:48:32,2026-09-15T13:40,20332,横浜北山田店,残8席,1,AVAILABLE,8
2026-09-15T13:56:57,2026-09-15T13:50,20903,調布南口店,満席,4,FULL,0
2026-09-15T13:56:57,2026-09-15T13:50,20895,登戸駅前店,満席,4,FULL,0
2026-09-15T13:56:57,2026-09-15T13:50,20391,百合ヶ丘店,満席,4,FULL,0
2026-09-15T13:56:57,2026-09-15T13:50,20332,横浜北山田店,残8席,1,AVAILABLE,8
2026-09-15T14:05:07,2026-09-15T14:00,20903,調布南口店,満席,4,FULL,0
2026-09-15T14:05:07,2026-09-15T14:00,20895,登戸駅前店,満席,4,FULL,0
2026-09-15T14:05:07,2026-09-15T14:00,20391,百合ヶ丘店,満席,4,FULL,0
2026-09-15T14:05:07,2026-09-15T14:00,20332,横浜北山田店,残8席,1,AVAILABLE,8
2026-09-15T14:19:25,2026-09-15T14:10,20903,調布南口店,満席,4,FULL,0
2026-09-15T14:19:25,2026-09-15T14:10,20895,登戸駅前店,満席,4,FULL,0
2026-09-15T14:19:25,2026-09-15T14:10,20391,百合ヶ丘店,満席,4,FULL,0
2026-09-15T14:19:25,2026-09-15T14:10,20332,横浜北山田店,残8席,1,AVAILABLE,8
2026-09-15T14:31:45,2026-09-15T14:20,20903,調布南口店,満席,4,FULL,0
2026-09-15T14:31:45,2026-09-15T14:20,20895,登戸駅前店,満席,4,FULL,0
2026-09-15T14:31:45,2026-09-15T14:20,20391,百合ヶ丘店,満席,4,FULL,0
2026-09-15T14:31:45,2026-09-15T14:20,20332,横浜北山田店,残8席,1,AVAILABLE,8
2026-09-15T14:47:03,2026-09-15T14:40,20903,調布南口店,満席,4,FULL,0
2026-09-15T14:47:03,2026-09-15T14:40,20895,登戸駅前店,残1席,1,AVAILABLE,1
2026-09-15T14:47:03,2026-09-15T14:40,20391,百合ヶ丘店,満席,4,FULL,0
2026-09-15T14:47:03,2026-09-15T14:40,20332,横浜北山田店,残7席,1,AVAILABLE,7
2026-09-15T14:55:52,2026-09-15T14:50,20903,調布南口店,満席,4,FULL,0
2026-09-15T14:55:52,2026-09-15T14:50,20895,登戸駅前店,残1席,1,AVAILABLE,1
2026-09-15T14:55:52,2026-09-15T14:50,20391,百合ヶ丘店,満席,4,FULL,0
2026-09-15T14:55:52,2026-09-15T14:50,20332,横浜北山田店,残7席,1,AVAILABLE,7
2026-09-15T15:03:22,2026-09-15T15:00,20903,調布南口店,満席,4,FULL,0
2026-09-15T15:03:22,2026-09-15T15:00,20895,登戸駅前店,満席,4,FULL,0
2026-09-15T15:03:22,2026-09-15T15:00,20391,百合ヶ丘店,満席,4,FULL,0
2026-09-15T15:03:22,2026-09-15T15:00,20332,横浜北山田店,残6席,1,AVAILABLE,6
2026-09-15T15:25:59,2026-09-15T15:20,20903,調布南口店,残1席,1,AVAILABLE,1
2026-09-15T15:25:59,2026-09-15T15:20,20895,登戸駅前店,満席,4,FULL,0
2026-09-15T15:25:59,2026-09-15T15:20,20391,百合ヶ丘店,残2席,1,AVAILABLE,2
2026-09-15T15:25:59,2026-09-15T15:20,20332,横浜北山田店,残6席,1,AVAILABLE,6
2026-09-15T15:42:27,2026-09-15T15:40,20903,調布南口店,満席,4,FULL,0
2026-09-15T15:42:27,2026-09-15T15:40,20895,登戸駅前店,満席,4,FULL,0
2026-09-15T15:42:27,2026-09-15T15:40,20391,百合ヶ丘店,残3席,1,AVAILABLE,3
2026-09-15T15:42:27,2026-09-15T15:40,20332,横浜北山田店,残7席,1,AVAILABLE,7
2026-09-15T15:57:52,2026-09-15T15:50,20903,調布南口店,残1席,1,AVAILABLE,1
2026-09-15T15:57:52,2026-09-15T15:50,20895,登戸駅前店,残1席,1,AVAILABLE,1
2026-09-15T15:57:52,2026-09-15T15:50,20391,百合ヶ丘店,残1席,1,AVAILABLE,1
2026-09-15T15:57:52,2026-09-15T15:50,20332,横浜北山田店,残7席,1,AVAILABLE,7
2026-09-15T16:09:24,2026-09-15T16:00,20903,調布南口店,残2席,1,AVAILABLE,2
2026-09-15T16:09:24,2026-09-15T16:00,20895,登戸駅前店,残1席,1,AVAILABLE,1
2026-09-15T16:09:24,2026-09-15T16:00,20391,百合ヶ丘店,残1席,1,AVAILABLE,1
2026-09-15T16:09:24,2026-09-15T16:00,20332,横浜北山田店,残5席,1,AVAILABLE,5
2026-09-15T16:24:53,2026-09-15T16:20,20903,調布南口店,残1席,1,AVAILABLE,1
2026-09-15T16:24:53,2026-09-15T16:20,20895,登戸駅前店,満席,4,FULL,0
2026-09-15T16:24:53,2026-09-15T16:20,20391,百合ヶ丘店,満席,4,FULL,0
2026-09-15T16:24:53,2026-09-15T16:20,20332,横浜北山田店,残5席,1,AVAILABLE,5
2026-09-15T16:36:37,2026-09-15T16:30,20903,調布南口店,残1席,1,AVAILABLE,1
2026-09-15T16:36:37,2026-09-15T16:30,20895,登戸駅前店,満席,4,FULL,0
2026-09-15T16:36:37,2026-09-15T16:30,20391,百合ヶ丘店,満席,4,FULL,0
2026-09-15T16:36:37,2026-09-15T16:30,20332,横浜北山田店,残3席,1,AVAILABLE,3
2026-09-15T16:49:07,2026-09-15T16:40,20903,調布南口店,残1席,1,AVAILABLE,1
2026-09-15T16:49:07,2026-09-15T16:40,20895,登戸駅前店,満席,4,FULL,0
2026-09-15T16:49:07,2026-09-15T16:40,20391,百合ヶ丘店,満席,4,FULL,0
2026-09-15T16:49:07,2026-09-15T16:40,20332,横浜北山田店,残3席,1,AVAILABLE,3
2026-09-15T16:57:45,2026-09-15T16:50,20903,調布南口店,残1席,1,AVAILABLE,1
2026-09-15T16:57:45,2026-09-15T16:50,20895,登戸駅前店,満席,4,FULL,0
2026-09-15T16:57:45,2026-09-15T16:50,20391,百合ヶ丘店,満席,4,FULL,0
2026-09-15T16:57:45,2026-09-15T16:50,20332,横浜北山田店,残4席,1,AVAILABLE,4
2026-09-15T17:07:54,2026-09-15T17:00,20903,調布南口店,残1席,1,AVAILABLE,1
2026-09-15T17:07:54,2026-09-15T17:00,20895,登戸駅前店,満席,4,FULL,0
2026-09-15T17:07:54,2026-09-15T17:00,20391,百合ヶ丘店,満席,4,FULL,0
2026-09-15T17:07:54,2026-09-15T17:00,20332,横浜北山田店,残3席,1,AVAILABLE,3
2026-09-15T17:24:35,2026-09-15T17:20,20903,調布南口店,残1席,1,AVAILABLE,1
2026-09-15T17:24:35,2026-09-15T17:20,20895,登戸駅前店,残1席,1,AVAILABLE,1
2026-09-15T17:24:35,2026-09-15T17:20,20391,百合ヶ丘店,残1席,1,AVAILABLE,1
2026-09-15T17:24:35,2026-09-15T17:20,20332,横浜北山田店,残4席,1,AVAILABLE,4
2026-09-15T17:37:46,2026-09-15T17:30,20903,調布南口店,残1席,1,AVAILABLE,1
2026-09-15T17:37:46,2026-09-15T17:30,20895,登戸駅前店,満席,4,FULL,0
2026-09-15T17:37:46,2026-09-15T17:30,20391,百合ヶ丘店,満席,4,FULL,0
2026-09-15T17:37:46,2026-09-15T17:30,20332,横浜北山田店,残4席,1,AVAILABLE,4
2026-09-15T17:51:36,2026-09-15T17:40,20903,調布南口店,満席,4,FULL,0
2026-09-15T17:51:36,2026-09-15T17:40,20895,登戸駅前店,満席,4,FULL,0
2026-09-15T17:51:36,2026-09-15T17:40,20391,百合ヶ丘店,残1席,1,AVAILABLE,1
2026-09-15T17:51:36,2026-09-15T17:40,20332,横浜北山田店,残6席,1,AVAILABLE,6
2026-09-15T18:03:10,2026-09-15T18:00,20903,調布南口店,残1席,1,AVAILABLE,1
2026-09-15T18:03:10,2026-09-15T18:00,20895,登戸駅前店,満席,4,FULL,0
2026-09-15T18:03:10,2026-09-15T18:00,20391,百合ヶ丘店,満席,4,FULL,0
2026-09-15T18:03:10,2026-09-15T18:00,20332,横浜北山田店,残5席,1,AVAILABLE,5
2026-09-15T18:21:47,2026-09-15T18:10,20903,調布南口店,満席,4,FULL,0
2026-09-15T18:21:47,2026-09-15T18:10,20895,登戸駅前店,満席,4,FULL,0
2026-09-15T18:21:47,2026-09-15T18:10,20391,百合ヶ丘店,満席,4,FULL,0
2026-09-15T18:21:47,2026-09-15T18:10,20332,横浜北山田店,残5席,1,AVAILABLE,5
2026-09-15T18:39:19,2026-09-15T18:30,20903,調布南口店,満席,4,FULL,0
2026-09-15T18:39:19,2026-09-15T18:30,20895,登戸駅前店,満席,4,FULL,0
2026-09-15T18:39:19,2026-09-15T18:30,20391,百合ヶ丘店,満席,4,FULL,0
2026-09-15T18:39:19,2026-09-15T18:30,20332,横浜北山田店,残3席,1,AVAILABLE,3
2026-09-15T18:50:42,2026-09-15T18:40,20903,調布南口店,満席,4,FULL,0
2026-09-15T18:50:42,2026-09-15T18:40,20895,登戸駅前店,満席,4,FULL,0
2026-09-15T18:50:42,2026-09-15T18:40,20391,百合ヶ丘店,満席,4,FULL,0
2026-09-15T18:50:42,2026-09-15T18:40,20332,横浜北山田店,残4席,1,AVAILABLE,4
2026-09-15T19:02:27,2026-09-15T19:00,20903,調布南口店,満席,4,FULL,0
2026-09-15T19:02:27,2026-09-15T19:00,20895,登戸駅前店,満席,4,FULL,0
2026-09-15T19:02:27,2026-09-15T19:00,20391,百合ヶ丘店,満席,4,FULL,0
2026-09-15T19:02:27,2026-09-15T19:00,20332,横浜北山田店,満席,4,FULL,0
2026-09-15T19:20:03,2026-09-15T19:10,20903,調布南口店,満席,4,FULL,0
2026-09-15T19:20:03,2026-09-15T19:10,20895,登戸駅前店,満席,4,FULL,0
2026-09-15T19:20:03,2026-09-15T19:10,20391,百合ヶ丘店,満席,4,FULL,0
2026-09-15T19:20:03,2026-09-15T19:10,20332,横浜北山田店,満席,4,FULL,0
2026-09-15T19:31:51,2026-09-15T19:20,20903,調布南口店,満席,4,FULL,0
2026-09-15T19:31:51,2026-09-15T19:20,20895,登戸駅前店,満席,4,FULL,0
2026-09-15T19:31:51,2026-09-15T19:20,20391,百合ヶ丘店,満席,4,FULL,0
2026-09-15T19:31:51,2026-09-15T19:20,20332,横浜北山田店,満席,4,FULL,0
2026-09-15T19:46:09,2026-09-15T19:40,20903,調布南口店,残1席,1,AVAILABLE,1
2026-09-15T19:46:09,2026-09-15T19:40,20895,登戸駅前店,満席,4,FULL,0
2026-09-15T19:46:09,2026-09-15T19:40,20391,百合ヶ丘店,満席,4,FULL,0
2026-09-15T19:46:09,2026-09-15T19:40,20332,横浜北山田店,満席,4,FULL,0
2026-09-15T19:53:52,2026-09-15T19:50,20903,調布南口店,満席,4,FULL,0
2026-09-15T19:53:52,2026-09-15T19:50,20895,登戸駅前店,満席,4,FULL,0
2026-09-15T19:53:52,2026-09-15T19:50,20391,百合ヶ丘店,満席,4,FULL,0
2026-09-15T19:53:52,2026-09-15T19:50,20332,横浜北山田店,残1席,1,AVAILABLE,1
2026-09-15T20:01:24,2026-09-15T19:50,20903,調布南口店,満席,4,FULL,0
2026-09-15T20:01:24,2026-09-15T19:50,20895,登戸駅前店,満席,4,FULL,0
2026-09-15T20:01:24,2026-09-15T19:50,20391,百合ヶ丘店,満席,4,FULL,0
2026-09-15T20:01:24,2026-09-15T19:50,20332,横浜北山田店,残1席,1,AVAILABLE,1
2026-09-15T20:18:30,2026-09-15T20:10,20903,調布南口店,残1席,1,AVAILABLE,1
2026-09-15T20:18:30,2026-09-15T20:10,20895,登戸駅前店,満席,4,FULL,0
2026-09-15T20:18:30,2026-09-15T20:10,20391,百合ヶ丘店,残2席,1,AVAILABLE,2
2026-09-15T20:18:30,2026-09-15T20:10,20332,横浜北山田店,満席,4,FULL,0
2026-09-15T20:29:32,2026-09-15T20:20,20903,調布南口店,満席,4,FULL,0
2026-09-15T20:29:32,2026-09-15T20:20,20895,登戸駅前店,満席,4,FULL,0
2026-09-15T20:29:32,2026-09-15T20:20,20391,百合ヶ丘店,残2席,1,AVAILABLE,2
2026-09-15T20:29:32,2026-09-15T20:20,20332,横浜北山田店,満席,4,FULL,0
2026-09-15T20:39:48,2026-09-15T20:30,20903,調布南口店,満席,4,FULL,0
2026-09-15T20:39:48,2026-09-15T20:30,20895,登戸駅前店,満席,4,FULL,0
2026-09-15T20:39:48,2026-09-15T20:30,20391,百合ヶ丘店,残2席,1,AVAILABLE,2
2026-09-15T20:39:48,2026-09-15T20:30,20332,横浜北山田店,残1席,1,AVAILABLE,1
2026-09-15T20:47:09,2026-09-15T20:40,20903,調布南口店,満席,4,FULL,0
2026-09-15T20:47:09,2026-09-15T20:40,20895,登戸駅前店,満席,4,FULL,0
2026-09-15T20:47:09,2026-09-15T20:40,20391,百合ヶ丘店,残2席,1,AVAILABLE,2
2026-09-15T20:47:09,2026-09-15T20:40,20332,横浜北山田店,残1席,1,AVAILABLE,1
2026-09-15T20:52:57,2026-09-15T20:50,20903,調布南口店,満席,4,FULL,0
2026-09-15T20:52:57,2026-09-15T20:50,20895,登戸駅前店,満席,4,FULL,0
2026-09-15T20:52:57,2026-09-15T20:50,20391,百合ヶ丘店,満席,4,FULL,0
2026-09-15T20:52:57,2026-09-15T20:50,20332,横浜北山田店,満席,4,FULL,0
2026-09-15T21:01:20,2026-09-15T20:50,20903,調布南口店,満席,4,FULL,0
2026-09-15T21:01:20,2026-09-15T20:50,20895,登戸駅前店,満席,4,FULL,0
2026-09-15T21:01:20,2026-09-15T20:50,20391,百合ヶ丘店,満席,4,FULL,0
2026-09-15T21:01:20,2026-09-15T20:50,20332,横浜北山田店,満席,4,FULL,0
2026-09-15T21:23:45,2026-09-15T21:20,20903,調布南口店,満席,4,FULL,0
2026-09-15T21:23:45,2026-09-15T21:20,20895,登戸駅前店,満席,4,FULL,0
2026-09-15T21:23:45,2026-09-15T21:20,20391,百合ヶ丘店,満席,4,FULL,0
2026-09-15T21:23:45,2026-09-15T21:20,20332,横浜北山田店,残1席,1,AVAILABLE,1
2026-09-15T21:39:29,2026-09-15T21:30,20903,調布南口店,満席,4,FULL,0
2026-09-15T21:39:29,2026-09-15T21:30,20895,登戸駅前店,満席,4,FULL,0
2026-09-15T21:39:29,2026-09-15T21:30,20391,百合ヶ丘店,満席,4,FULL,0
2026-09-15T21:39:29,2026-09-15T21:30,20332,横浜北山田店,満席,4,FULL,0
2026-09-15T21:52:09,2026-09-15T21:50,20903,調布南口店,残1席,1,AVAILABLE,1
2026-09-15T21:52:09,2026-09-15T21:50,20895,登戸駅前店,満席,4,FULL,0
2026-09-15T21:52:09,2026-09-15T21:50,20391,百合ヶ丘店,満席,4,FULL,0
2026-09-15T21:52:09,2026-09-15T21:50,20332,横浜北山田店,残1席,1,AVAILABLE,1
2026-09-15T22:02:15,2026-09-15T22:00,20903,調布南口店,残1席,1,AVAILABLE,1
2026-09-15T22:02:15,2026-09-15T22:00,20895,登戸駅前店,満席,4,FULL,0
2026-09-15T22:02:15,2026-09-15T22:00,20391,百合ヶ丘店,満席,4,FULL,0
2026-09-15T22:02:15,2026-09-15T22:00,20332,横浜北山田店,残1席,1,AVAILABLE,1
2026-09-15T22:20:51,2026-09-15T22:10,20903,調布南口店,満席,4,FULL,0
2026-09-15T22:20:51,2026-09-15T22:10,20895,登戸駅前店,満席,4,FULL,0
2026-09-15T22:20:51,2026-09-15T22:10,20391,百合ヶ丘店,残1席,1,AVAILABLE,1
2026-09-15T22:20:51,2026-09-15T22:10,20332,横浜北山田店,残1席,1,AVAILABLE,1
2026-09-15T22:35:27,2026-09-15T22:30,20903,調布南口店,満席,4,FULL,0
2026-09-15T22:35:27,2026-09-15T22:30,20895,登戸駅前店,満席,4,FULL,0
2026-09-15T22:35:27,2026-09-15T22:30,20391,百合ヶ丘店,満席,4,FULL,0
2026-09-15T22:35:27,2026-09-15T22:30,20332,横浜北山田店,残1席,1,AVAILABLE,1
2026-09-15T22:47:12,2026-09-15T22:40,20903,調布南口店,満席,4,FULL,0
2026-09-15T22:47:12,2026-09-15T22:40,20895,登戸駅前店,満席,4,FULL,0
2026-09-15T22:47:12,2026-09-15T22:40,20391,百合ヶ丘店,満席,4,FULL,0
2026-09-15T22:47:12,2026-09-15T22:40,20332,横浜北山田店,残1席,1,AVAILABLE,1
2026-09-15T22:55:55,2026-09-15T22:50,20903,調布南口店,満席,4,FULL,0
2026-09-15T22:55:55,2026-09-15T22:50,20895,登戸駅前店,満席,4,FULL,0
2026-09-15T22:55:55,2026-09-15T22:50,20391,百合ヶ丘店,満席,4,FULL,0
2026-09-15T22:55:55,2026-09-15T22:50,20332,横浜北山田店,満席,4,FULL,0
2026-09-15T23:02:47,2026-09-15T23:00,20903,調布南口店,満席,4,FULL,0
2026-09-15T23:02:47,2026-09-15T23:00,20895,登戸駅前店,満席,4,FULL,0
2026-09-15T23:02:47,2026-09-15T23:00,20391,百合ヶ丘店,満席,4,FULL,0
2026-09-15T23:02:47,2026-09-15T23:00,20332,横浜北山田店,残2席,1,AVAILABLE,2
2026-09-15T23:14:46,2026-09-15T23:10,20903,調布南口店,残1席,1,AVAILABLE,1
2026-09-15T23:14:46,2026-09-15T23:10,20895,登戸駅前店,残1席,1,AVAILABLE,1
2026-09-15T23:14:46,2026-09-15T23:10,20391,百合ヶ丘店,満席,4,FULL,0
2026-09-15T23:14:46,2026-09-15T23:10,20332,横浜北山田店,残1席,1,AVAILABLE,1
2026-09-15T23:20:27,2026-09-15T23:10,20903,調布南口店,残1席,1,AVAILABLE,1
2026-09-15T23:20:27,2026-09-15T23:10,20895,登戸駅前店,残1席,1,AVAILABLE,1
2026-09-15T23:20:27,2026-09-15T23:10,20391,百合ヶ丘店,満席,4,FULL,0
2026-09-15T23:20:27,2026-09-15T23:10,20332,横浜北山田店,残1席,1,AVAILABLE,1
2026-09-15T23:35:15,2026-09-15T23:30,20903,調布南口店,残1席,1,AVAILABLE,1
2026-09-15T23:35:15,2026-09-15T23:30,20895,登戸駅前店,満席,4,FULL,0
2026-09-15T23:35:15,2026-09-15T23:30,20391,百合ヶ丘店,満席,4,FULL,0
2026-09-15T23:35:15,2026-09-15T23:30,20332,横浜北山田店,満席,4,FULL,0
2026-09-15T23:46:37,2026-09-15T23:40,20903,調布南口店,満席,4,FULL,0
2026-09-15T23:46:37,2026-09-15T23:40,20895,登戸駅前店,満席,4,FULL,0
2026-09-15T23:46:37,2026-09-15T23:40,20391,百合ヶ丘店,満席,4,FULL,0
2026-09-15T23:46:37,2026-09-15T23:40,20332,横浜北山田店,満席,4,FULL,0
2026-09-15T23:55:43,2026-09-15T23:50,20903,調布南口店,満席,4,FULL,0
2026-09-15T23:55:43,2026-09-15T23:50,20895,登戸駅前店,満席,4,FULL,0
2026-09-15T23:55:43,2026-09-15T23:50,20391,百合ヶ丘店,満席,4,FULL,0
2026-09-15T23:55:43,2026-09-15T23:50,20332,横浜北山田店,残2席,1,AVAILABLE,2
2026-09-16T00:02:59,2026-09-16T00:00,20903,調布南口店,満席,4,FULL,0
2026-09-16T00:02:59,2026-09-16T00:00,20895,登戸駅前店,満席,4,FULL,0
2026-09-16T00:02:59,2026-09-16T00:00,20391,百合ヶ丘店,満席,4,FULL,0
2026-09-16T00:02:59,2026-09-16T00:00,20332,横浜北山田店,残1席,1,AVAILABLE,1
2026-09-16T00:18:30,2026-09-16T00:10,20903,調布南口店,満席,4,FULL,0
2026-09-16T00:18:30,2026-09-16T00:10,20895,登戸駅前店,満席,4,FULL,0
2026-09-16T00:18:30,2026-09-16T00:10,20391,百合ヶ丘店,満席,4,FULL,0
2026-09-16T00:18:30,2026-09-16T00:10,20332,横浜北山田店,残1席,1,AVAILABLE,1
2026-09-16T00:29:55,2026-09-16T00:20,20903,調布南口店,満席,4,FULL,0
2026-09-16T00:29:55,2026-09-16T00:20,20895,登戸駅前店,満席,4,FULL,0
2026-09-16T00:29:55,2026-09-16T00:20,20391,百合ヶ丘店,満席,4,FULL,0
2026-09-16T00:29:55,2026-09-16T00:20,20332,横浜北山田店,残1席,1,AVAILABLE,1
2026-09-16T00:40:33,2026-09-16T00:30,20903,調布南口店,満席,4,FULL,0
2026-09-16T00:40:33,2026-09-16T00:30,20895,登戸駅前店,満席,4,FULL,0
2026-09-16T00:40:33,2026-09-16T00:30,20391,百合ヶ丘店,残1席,1,AVAILABLE,1
2026-09-16T00:40:33,2026-09-16T00:30,20332,横浜北山田店,残3席,1,AVAILABLE,3
2026-09-16T00:53:52,2026-09-16T00:50,20903,調布南口店,満席,4,FULL,0
2026-09-16T00:53:52,2026-09-16T00:50,20895,登戸駅前店,満席,4,FULL,0
2026-09-16T00:53:52,2026-09-16T00:50,20391,百合ヶ丘店,残1席,1,AVAILABLE,1
2026-09-16T00:53:52,2026-09-16T00:50,20332,横浜北山田店,残2席,1,AVAILABLE,2
2026-09-16T01:00:59,2026-09-16T00:50,20903,調布南口店,満席,4,FULL,0
2026-09-16T01:00:59,2026-09-16T00:50,20895,登戸駅前店,満席,4,FULL,0
2026-09-16T01:00:59,2026-09-16T00:50,20391,百合ヶ丘店,残1席,1,AVAILABLE,1
2026-09-16T01:00:59,2026-09-16T00:50,20332,横浜北山田店,残2席,1,AVAILABLE,2
2026-09-16T01:19:22,2026-09-16T01:10,20903,調布南口店,満席,4,FULL,0
2026-09-16T01:19:22,2026-09-16T01:10,20895,登戸駅前店,満席,4,FULL,0
2026-09-16T01:19:22,2026-09-16T01:10,20391,百合ヶ丘店,残1席,1,AVAILABLE,1
2026-09-16T01:19:22,2026-09-16T01:10,20332,横浜北山田店,満席,4,FULL,0
2026-09-16T01:31:38,2026-09-16T01:20,20903,調布南口店,満席,4,FULL,0
2026-09-16T01:31:38,2026-09-16T01:20,20895,登戸駅前店,満席,4,FULL,0
2026-09-16T01:31:38,2026-09-16T01:20,20391,百合ヶ丘店,残1席,1,AVAILABLE,1
2026-09-16T01:31:38,2026-09-16T01:20,20332,横浜北山田店,残1席,1,AVAILABLE,1
2026-09-16T01:46:11,2026-09-16T01:40,20903,調布南口店,満席,4,FULL,0
2026-09-16T01:46:11,2026-09-16T01:40,20895,登戸駅前店,残1席,1,AVAILABLE,1
2026-09-16T01:46:11,2026-09-16T01:40,20391,百合ヶ丘店,残1席,1,AVAILABLE,1
2026-09-16T01:46:11,2026-09-16T01:40,20332,横浜北山田店,残4席,1,AVAILABLE,4
2026-09-16T01:54:45,2026-09-16T01:50,20903,調布南口店,満席,4,FULL,0
2026-09-16T01:54:45,2026-09-16T01:50,20895,登戸駅前店,残1席,1,AVAILABLE,1
2026-09-16T01:54:45,2026-09-16T01:50,20391,百合ヶ丘店,残1席,1,AVAILABLE,1
2026-09-16T01:54:45,2026-09-16T01:50,20332,横浜北山田店,残3席,1,AVAILABLE,3
2026-09-16T02:00:50,2026-09-16T01:50,20903,調布南口店,満席,4,FULL,0
2026-09-16T02:00:50,2026-09-16T01:50,20895,登戸駅前店,残1席,1,AVAILABLE,1
2026-09-16T02:00:50,2026-09-16T01:50,20391,百合ヶ丘店,残1席,1,AVAILABLE,1
2026-09-16T02:00:50,2026-09-16T01:50,20332,横浜北山田店,残3席,1,AVAILABLE,3
2026-09-16T02:17:16,2026-09-16T02:10,20903,調布南口店,残1席,1,AVAILABLE,1
2026-09-16T02:17:16,2026-09-16T02:10,20895,登戸駅前店,残1席,1,AVAILABLE,1
2026-09-16T02:17:16,2026-09-16T02:10,20391,百合ヶ丘店,残1席,1,AVAILABLE,1
2026-09-16T02:17:16,2026-09-16T02:10,20332,横浜北山田店,残4席,1,AVAILABLE,4
2026-09-16T02:26:40,2026-09-16T02:20,20903,調布南口店,満席,4,FULL,0
2026-09-16T02:26:40,2026-09-16T02:20,20895,登戸駅前店,満席,4,FULL,0
2026-09-16T02:26:40,2026-09-16T02:20,20391,百合ヶ丘店,残1席,1,AVAILABLE,1
2026-09-16T02:26:40,2026-09-16T02:20,20332,横浜北山田店,残4席,1,AVAILABLE,4
2026-09-16T02:34:34,2026-09-16T02:30,20903,調布南口店,満席,4,FULL,0
2026-09-16T02:34:34,2026-09-16T02:30,20895,登戸駅前店,満席,4,FULL,0
2026-09-16T02:34:34,2026-09-16T02:30,20391,百合ヶ丘店,残2席,1,AVAILABLE,2
2026-09-16T02:34:34,2026-09-16T02:30,20332,横浜北山田店,残4席,1,AVAILABLE,4
2026-09-16T02:44:23,2026-09-16T02:40,20903,調布南口店,満席,4,FULL,0
2026-09-16T02:44:23,2026-09-16T02:40,20895,登戸駅前店,満席,4,FULL,0
2026-09-16T02:44:23,2026-09-16T02:40,20391,百合ヶ丘店,残2席,1,AVAILABLE,2
2026-09-16T02:44:23,2026-09-16T02:40,20332,横浜北山田店,残4席,1,AVAILABLE,4
2026-09-16T02:52:06,2026-09-16T02:50,20903,調布南口店,満席,4,FULL,0
2026-09-16T02:52:06,2026-09-16T02:50,20895,登戸駅前店,満席,4,FULL,0
2026-09-16T02:52:06,2026-09-16T02:50,20391,百合ヶ丘店,残2席,1,AVAILABLE,2
2026-09-16T02:52:06,2026-09-16T02:50,20332,横浜北山田店,残4席,1,AVAILABLE,4
2026-09-16T03:00:50,2026-09-16T02:50,20903,調布南口店,満席,4,FULL,0
2026-09-16T03:00:50,2026-09-16T02:50,20895,登戸駅前店,残1席,1,AVAILABLE,1
2026-09-16T03:00:50,2026-09-16T02:50,20391,百合ヶ丘店,残2席,1,AVAILABLE,2
2026-09-16T03:00:50,2026-09-16T02:50,20332,横浜北山田店,残4席,1,AVAILABLE,4
2026-09-16T03:20:07,2026-09-16T03:10,20903,調布南口店,満席,4,FULL,0
2026-09-16T03:20:07,2026-09-16T03:10,20895,登戸駅前店,残1席,1,AVAILABLE,1
2026-09-16T03:20:07,2026-09-16T03:10,20391,百合ヶ丘店,残3席,1,AVAILABLE,3
2026-09-16T03:20:07,2026-09-16T03:10,20332,横浜北山田店,残5席,1,AVAILABLE,5
2026-09-16T03:21:54,2026-09-16T03:10,20903,調布南口店,満席,4,FULL,0
2026-09-16T03:21:54,2026-09-16T03:10,20895,登戸駅前店,残1席,1,AVAILABLE,1
2026-09-16T03:21:54,2026-09-16T03:10,20391,百合ヶ丘店,残3席,1,AVAILABLE,3
2026-09-16T03:21:54,2026-09-16T03:10,20332,横浜北山田店,残5席,1,AVAILABLE,5
2026-09-16T03:36:15,2026-09-16T03:30,20903,調布南口店,残1席,1,AVAILABLE,1
2026-09-16T03:36:15,2026-09-16T03:30,20895,登戸駅前店,残1席,1,AVAILABLE,1
2026-09-16T03:36:15,2026-09-16T03:30,20391,百合ヶ丘店,残3席,1,AVAILABLE,3
2026-09-16T03:36:15,2026-09-16T03:30,20332,横浜北山田店,残7席,1,AVAILABLE,7
2026-09-16T03:48:13,2026-09-16T03:40,20903,調布南口店,残1席,1,AVAILABLE,1
2026-09-16T03:48:13,2026-09-16T03:40,20895,登戸駅前店,残1席,1,AVAILABLE,1
2026-09-16T03:48:13,2026-09-16T03:40,20391,百合ヶ丘店,残1席,1,AVAILABLE,1
2026-09-16T03:48:13,2026-09-16T03:40,20332,横浜北山田店,残6席,1,AVAILABLE,6
2026-09-16T03:56:33,2026-09-16T03:50,20903,調布南口店,満席,4,FULL,0
2026-09-16T03:56:33,2026-09-16T03:50,20895,登戸駅前店,残1席,1,AVAILABLE,1
2026-09-16T03:56:33,2026-09-16T03:50,20391,百合ヶ丘店,残1席,1,AVAILABLE,1
2026-09-16T03:56:33,2026-09-16T03:50,20332,横浜北山田店,残6席,1,AVAILABLE,6
2026-09-16T04:03:24,2026-09-16T04:00,20903,調布南口店,満席,4,FULL,0
2026-09-16T04:03:24,2026-09-16T04:00,20895,登戸駅前店,残1席,1,AVAILABLE,1
2026-09-16T04:03:24,2026-09-16T04:00,20391,百合ヶ丘店,残1席,1,AVAILABLE,1
2026-09-16T04:03:24,2026-09-16T04:00,20332,横浜北山田店,残6席,1,AVAILABLE,6
2026-09-16T04:17:23,2026-09-16T04:10,20903,調布南口店,満席,4,FULL,0
2026-09-16T04:17:23,2026-09-16T04:10,20895,登戸駅前店,残2席,1,AVAILABLE,2
2026-09-16T04:17:23,2026-09-16T04:10,20391,百合ヶ丘店,残1席,1,AVAILABLE,1
2026-09-16T04:17:23,2026-09-16T04:10,20332,横浜北山田店,残8席,1,AVAILABLE,8
2026-09-16T04:27:27,2026-09-16T04:20,20903,調布南口店,満席,4,FULL,0
2026-09-16T04:27:27,2026-09-16T04:20,20895,登戸駅前店,残2席,1,AVAILABLE,2
2026-09-16T04:27:27,2026-09-16T04:20,20391,百合ヶ丘店,残1席,1,AVAILABLE,1
2026-09-16T04:27:27,2026-09-16T04:20,20332,横浜北山田店,残8席,1,AVAILABLE,8
2026-09-16T04:36:44,2026-09-16T04:30,20903,調布南口店,満席,4,FULL,0
2026-09-16T04:36:44,2026-09-16T04:30,20895,登戸駅前店,残2席,1,AVAILABLE,2
2026-09-16T04:36:44,2026-09-16T04:30,20391,百合ヶ丘店,満席,4,FULL,0
2026-09-16T04:36:44,2026-09-16T04:30,20332,横浜北山田店,残8席,1,AVAILABLE,8
2026-09-16T04:45:26,2026-09-16T04:40,20903,調布南口店,満席,4,FULL,0
2026-09-16T04:45:26,2026-09-16T04:40,20895,登戸駅前店,残2席,1,AVAILABLE,2
2026-09-16T04:45:26,2026-09-16T04:40,20391,百合ヶ丘店,残1席,1,AVAILABLE,1
2026-09-16T04:45:26,2026-09-16T04:40,20332,横浜北山田店,残7席,1,AVAILABLE,7
2026-09-16T04:52:31,2026-09-16T04:50,20903,調布南口店,満席,4,FULL,0
2026-09-16T04:52:31,2026-09-16T04:50,20895,登戸駅前店,残2席,1,AVAILABLE,2
2026-09-16T04:52:31,2026-09-16T04:50,20391,百合ヶ丘店,残1席,1,AVAILABLE,1
2026-09-16T04:52:31,2026-09-16T04:50,20332,横浜北山田店,残7席,1,AVAILABLE,7
2026-09-16T05:01:04,2026-09-16T04:50,20903,調布南口店,満席,4,FULL,0
2026-09-16T05:01:04,2026-09-16T04:50,20895,登戸駅前店,残2席,1,AVAILABLE,2
2026-09-16T05:01:04,2026-09-16T04:50,20391,百合ヶ丘店,残1席,1,AVAILABLE,1
2026-09-16T05:01:04,2026-09-16T04:50,20332,横浜北山田店,残7席,1,AVAILABLE,7
2026-09-16T05:18:50,2026-09-16T05:10,20903,調布南口店,満席,4,FULL,0
2026-09-16T05:18:50,2026-09-16T05:10,20895,登戸駅前店,残2席,1,AVAILABLE,2
2026-09-16T05:18:50,2026-09-16T05:10,20391,百合ヶ丘店,満席,4,FULL,0
2026-09-16T05:18:50,2026-09-16T05:10,20332,横浜北山田店,残10席以上,1,AVAILABLE,10
2026-09-16T05:28:50,2026-09-16T05:20,20903,調布南口店,満席,4,FULL,0
2026-09-16T05:28:50,2026-09-16T05:20,20895,登戸駅前店,残2席,1,AVAILABLE,2
2026-09-16T05:28:50,2026-09-16T05:20,20391,百合ヶ丘店,満席,4,FULL,0
2026-09-16T05:28:50,2026-09-16T05:20,20332,横浜北山田店,残10席以上,1,AVAILABLE,10
2026-09-16T05:38:12,2026-09-16T05:30,20903,調布南口店,満席,4,FULL,0
2026-09-16T05:38:12,2026-09-16T05:30,20895,登戸駅前店,残3席,1,AVAILABLE,3
2026-09-16T05:38:12,2026-09-16T05:30,20391,百合ヶ丘店,満席,4,FULL,0
2026-09-16T05:38:12,2026-09-16T05:30,20332,横浜北山田店,残10席以上,1,AVAILABLE,10
2026-09-16T05:47:06,2026-09-16T05:40,20903,調布南口店,満席,4,FULL,0
2026-09-16T05:47:06,2026-09-16T05:40,20895,登戸駅前店,残3席,1,AVAILABLE,3
2026-09-16T05:47:06,2026-09-16T05:40,20391,百合ヶ丘店,満席,4,FULL,0
2026-09-16T05:47:06,2026-09-16T05:40,20332,横浜北山田店,残10席以上,1,AVAILABLE,10
2026-09-16T05:53:31,2026-09-16T05:50,20903,調布南口店,残2席,1,AVAILABLE,2
2026-09-16T05:53:31,2026-09-16T05:50,20895,登戸駅前店,残4席,1,AVAILABLE,4
2026-09-16T05:53:31,2026-09-16T05:50,20391,百合ヶ丘店,満席,4,FULL,0
2026-09-16T05:53:31,2026-09-16T05:50,20332,横浜北山田店,残10席以上,1,AVAILABLE,10
2026-09-16T06:01:02,2026-09-16T05:50,20903,調布南口店,残2席,1,AVAILABLE,2
2026-09-16T06:01:02,2026-09-16T05:50,20895,登戸駅前店,残4席,1,AVAILABLE,4
2026-09-16T06:01:02,2026-09-16T05:50,20391,百合ヶ丘店,満席,4,FULL,0
2026-09-16T06:01:02,2026-09-16T05:50,20332,横浜北山田店,残10席以上,1,AVAILABLE,10
2026-09-16T06:17:56,2026-09-16T06:10,20903,調布南口店,残4席,1,AVAILABLE,4
2026-09-16T06:17:56,2026-09-16T06:10,20895,登戸駅前店,残4席,1,AVAILABLE,4
2026-09-16T06:17:56,2026-09-16T06:10,20391,百合ヶ丘店,満席,4,FULL,0
2026-09-16T06:17:56,2026-09-16T06:10,20332,横浜北山田店,残10席以上,1,AVAILABLE,10
2026-09-16T06:27:17,2026-09-16T06:20,20903,調布南口店,残4席,1,AVAILABLE,4
2026-09-16T06:27:17,2026-09-16T06:20,20895,登戸駅前店,残4席,1,AVAILABLE,4
2026-09-16T06:27:17,2026-09-16T06:20,20391,百合ヶ丘店,満席,4,FULL,0
2026-09-16T06:27:17,2026-09-16T06:20,20332,横浜北山田店,残10席以上,1,AVAILABLE,10
2026-09-16T06:35:07,2026-09-16T06:30,20903,調布南口店,残4席,1,AVAILABLE,4
2026-09-16T06:35:07,2026-09-16T06:30,20895,登戸駅前店,残4席,1,AVAILABLE,4
2026-09-16T06:35:07,2026-09-16T06:30,20391,百合ヶ丘店,満席,4,FULL,0
2026-09-16T06:35:07,2026-09-16T06:30,20332,横浜北山田店,残10席以上,1,AVAILABLE,10
2026-09-16T06:43:17,2026-09-16T06:40,20903,調布南口店,残3席,1,AVAILABLE,3
2026-09-16T06:43:17,2026-09-16T06:40,20895,登戸駅前店,残4席,1,AVAILABLE,4
2026-09-16T06:43:17,2026-09-16T06:40,20391,百合ヶ丘店,満席,4,FULL,0
2026-09-16T06:43:17,2026-09-16T06:40,20332,横浜北山田店,残10席以上,1,AVAILABLE,10
2026-09-16T06:51:38,2026-09-16T06:40,20903,調布南口店,残3席,1,AVAILABLE,3
2026-09-16T06:51:38,2026-09-16T06:40,20895,登戸駅前店,残4席,1,AVAILABLE,4
2026-09-16T06:51:38,2026-09-16T06:40,20391,百合ヶ丘店,満席,4,FULL,0
2026-09-16T06:51:38,2026-09-16T06:40,20332,横浜北山田店,残10席以上,1,AVAILABLE,10
2026-09-16T07:01:08,2026-09-16T06:50,20903,調布南口店,残3席,1,AVAILABLE,3
2026-09-16T07:01:08,2026-09-16T06:50,20895,登戸駅前店,残3席,1,AVAILABLE,3
2026-09-16T07:01:08,2026-09-16T06:50,20391,百合ヶ丘店,満席,4,FULL,0
2026-09-16T07:01:08,2026-09-16T06:50,20332,横浜北山田店,残10席以上,1,AVAILABLE,10
2026-09-16T07:18:14,2026-09-16T07:10,20903,調布南口店,残3席,1,AVAILABLE,3
2026-09-16T07:18:14,2026-09-16T07:10,20895,登戸駅前店,残2席,1,AVAILABLE,2
2026-09-16T07:18:14,2026-09-16T07:10,20391,百合ヶ丘店,満席,4,FULL,0
2026-09-16T07:18:14,2026-09-16T07:10,20332,横浜北山田店,残10席以上,1,AVAILABLE,10
2026-09-16T07:28:19,2026-09-16T07:20,20903,調布南口店,残3席,1,AVAILABLE,3
2026-09-16T07:28:19,2026-09-16T07:20,20895,登戸駅前店,残2席,1,AVAILABLE,2
2026-09-16T07:28:19,2026-09-16T07:20,20391,百合ヶ丘店,満席,4,FULL,0
2026-09-16T07:28:19,2026-09-16T07:20,20332,横浜北山田店,残10席以上,1,AVAILABLE,10
2026-09-16T07:37:12,2026-09-16T07:30,20903,調布南口店,残3席,1,AVAILABLE,3
2026-09-16T07:37:12,2026-09-16T07:30,20895,登戸駅前店,残2席,1,AVAILABLE,2
2026-09-16T07:37:12,2026-09-16T07:30,20391,百合ヶ丘店,満席,4,FULL,0
2026-09-16T07:37:12,2026-09-16T07:30,20332,横浜北山田店,残10席以上,1,AVAILABLE,10
2026-09-16T07:44:07,2026-09-16T07:40,20903,調布南口店,残3席,1,AVAILABLE,3
2026-09-16T07:44:07,2026-09-16T07:40,20895,登戸駅前店,残3席,1,AVAILABLE,3
2026-09-16T07:44:07,2026-09-16T07:40,20391,百合ヶ丘店,残1席,1,AVAILABLE,1
2026-09-16T07:44:07,2026-09-16T07:40,20332,横浜北山田店,残10席以上,1,AVAILABLE,10
2026-09-16T07:50:30,2026-09-16T07:40,20903,調布南口店,残3席,1,AVAILABLE,3
2026-09-16T07:50:30,2026-09-16T07:40,20895,登戸駅前店,残3席,1,AVAILABLE,3
2026-09-16T07:50:30,2026-09-16T07:40,20391,百合ヶ丘店,残1席,1,AVAILABLE,1
2026-09-16T07:50:30,2026-09-16T07:40,20332,横浜北山田店,残10席以上,1,AVAILABLE,10
2026-09-16T08:00:58,2026-09-16T07:50,20903,調布南口店,残3席,1,AVAILABLE,3
2026-09-16T08:00:58,2026-09-16T07:50,20895,登戸駅前店,残3席,1,AVAILABLE,3
2026-09-16T08:00:58,2026-09-16T07:50,20391,百合ヶ丘店,残1席,1,AVAILABLE,1
2026-09-16T08:00:58,2026-09-16T07:50,20332,横浜北山田店,残10席以上,1,AVAILABLE,10
2026-09-16T08:16:52,2026-09-16T08:10,20903,調布南口店,残3席,1,AVAILABLE,3
2026-09-16T08:16:52,2026-09-16T08:10,20895,登戸駅前店,残3席,1,AVAILABLE,3
2026-09-16T08:16:52,2026-09-16T08:10,20391,百合ヶ丘店,残1席,1,AVAILABLE,1
2026-09-16T08:16:52,2026-09-16T08:10,20332,横浜北山田店,残10席以上,1,AVAILABLE,10
2026-09-16T08:26:15,2026-09-16T08:20,20903,調布南口店,残3席,1,AVAILABLE,3
2026-09-16T08:26:15,2026-09-16T08:20,20895,登戸駅前店,残3席,1,AVAILABLE,3
2026-09-16T08:26:15,2026-09-16T08:20,20391,百合ヶ丘店,残2席,1,AVAILABLE,2
2026-09-16T08:26:15,2026-09-16T08:20,20332,横浜北山田店,残10席以上,1,AVAILABLE,10
2026-09-16T08:33:56,2026-09-16T08:30,20903,調布南口店,残3席,1,AVAILABLE,3
2026-09-16T08:33:56,2026-09-16T08:30,20895,登戸駅前店,残2席,1,AVAILABLE,2
2026-09-16T08:33:56,2026-09-16T08:30,20391,百合ヶ丘店,残2席,1,AVAILABLE,2
2026-09-16T08:33:56,2026-09-16T08:30,20332,横浜北山田店,残10席以上,1,AVAILABLE,10
2026-09-16T08:42:32,2026-09-16T08:40,20903,調布南口店,残3席,1,AVAILABLE,3
2026-09-16T08:42:32,2026-09-16T08:40,20895,登戸駅前店,残2席,1,AVAILABLE,2
2026-09-16T08:42:32,2026-09-16T08:40,20391,百合ヶ丘店,残2席,1,AVAILABLE,2
2026-09-16T08:42:32,2026-09-16T08:40,20332,横浜北山田店,残10席以上,1,AVAILABLE,10
2026-09-16T08:50:55,2026-09-16T08:40,20903,調布南口店,残3席,1,AVAILABLE,3
2026-09-16T08:50:55,2026-09-16T08:40,20895,登戸駅前店,残2席,1,AVAILABLE,2
2026-09-16T08:50:55,2026-09-16T08:40,20391,百合ヶ丘店,残2席,1,AVAILABLE,2
2026-09-16T08:50:55,2026-09-16T08:40,20332,横浜北山田店,残10席以上,1,AVAILABLE,10
2026-09-16T09:00:58,2026-09-16T08:50,20903,調布南口店,残3席,1,AVAILABLE,3
2026-09-16T09:00:58,2026-09-16T08:50,20895,登戸駅前店,残2席,1,AVAILABLE,2
2026-09-16T09:00:58,2026-09-16T08:50,20391,百合ヶ丘店,残2席,1,AVAILABLE,2
2026-09-16T09:00:58,2026-09-16T08:50,20332,横浜北山田店,残10席以上,1,AVAILABLE,10
2026-09-16T09:24:49,2026-09-16T09:20,20903,調布南口店,残2席,1,AVAILABLE,2
2026-09-16T09:24:49,2026-09-16T09:20,20895,登戸駅前店,残2席,1,AVAILABLE,2
2026-09-16T09:24:49,2026-09-16T09:20,20391,百合ヶ丘店,残4席,1,AVAILABLE,4
2026-09-16T09:24:49,2026-09-16T09:20,20332,横浜北山田店,残10席以上,1,AVAILABLE,10
2026-09-16T09:39:29,2026-09-16T09:30,20903,調布南口店,残2席,1,AVAILABLE,2
2026-09-16T09:39:29,2026-09-16T09:30,20895,登戸駅前店,残2席,1,AVAILABLE,2
2026-09-16T09:39:29,2026-09-16T09:30,20391,百合ヶ丘店,残4席,1,AVAILABLE,4
2026-09-16T09:39:29,2026-09-16T09:30,20332,横浜北山田店,残10席以上,1,AVAILABLE,10
2026-09-16T09:51:20,2026-09-16T09:40,20903,調布南口店,残3席,1,AVAILABLE,3
2026-09-16T09:51:20,2026-09-16T09:40,20895,登戸駅前店,残3席,1,AVAILABLE,3
2026-09-16T09:51:20,2026-09-16T09:40,20391,百合ヶ丘店,残3席,1,AVAILABLE,3
2026-09-16T09:51:20,2026-09-16T09:40,20332,横浜北山田店,残10席以上,1,AVAILABLE,10
2026-09-16T10:01:30,2026-09-16T09:50,20903,調布南口店,残3席,1,AVAILABLE,3
2026-09-16T10:01:30,2026-09-16T09:50,20895,登戸駅前店,残3席,1,AVAILABLE,3
2026-09-16T10:01:30,2026-09-16T09:50,20391,百合ヶ丘店,残3席,1,AVAILABLE,3
2026-09-16T10:01:30,2026-09-16T09:50,20332,横浜北山田店,残10席以上,1,AVAILABLE,10
2026-09-16T10:17:58,2026-09-16T10:10,20903,調布南口店,残3席,1,AVAILABLE,3
2026-09-16T10:17:58,2026-09-16T10:10,20895,登戸駅前店,残4席,1,AVAILABLE,4
2026-09-16T10:17:58,2026-09-16T10:10,20391,百合ヶ丘店,残3席,1,AVAILABLE,3
2026-09-16T10:17:58,2026-09-16T10:10,20332,横浜北山田店,残10席以上,1,AVAILABLE,10
2026-09-16T10:27:58,2026-09-16T10:20,20903,調布南口店,残2席,1,AVAILABLE,2
2026-09-16T10:27:58,2026-09-16T10:20,20895,登戸駅前店,残3席,1,AVAILABLE,3
2026-09-16T10:27:58,2026-09-16T10:20,20391,百合ヶ丘店,残3席,1,AVAILABLE,3
2026-09-16T10:27:58,2026-09-16T10:20,20332,横浜北山田店,残9席,1,AVAILABLE,9
2026-09-16T10:36:44,2026-09-16T10:30,20903,調布南口店,残2席,1,AVAILABLE,2
2026-09-16T10:36:44,2026-09-16T10:30,20895,登戸駅前店,残2席,1,AVAILABLE,2
2026-09-16T10:36:44,2026-09-16T10:30,20391,百合ヶ丘店,残3席,1,AVAILABLE,3
2026-09-16T10:36:44,2026-09-16T10:30,20332,横浜北山田店,残9席,1,AVAILABLE,9
2026-09-16T10:45:31,2026-09-16T10:40,20903,調布南口店,残2席,1,AVAILABLE,2
2026-09-16T10:45:31,2026-09-16T10:40,20895,登戸駅前店,残2席,1,AVAILABLE,2
2026-09-16T10:45:31,2026-09-16T10:40,20391,百合ヶ丘店,残3席,1,AVAILABLE,3
2026-09-16T10:45:31,2026-09-16T10:40,20332,横浜北山田店,残9席,1,AVAILABLE,9
2026-09-16T10:53:20,2026-09-16T10:50,20903,調布南口店,残2席,1,AVAILABLE,2
2026-09-16T10:53:20,2026-09-16T10:50,20895,登戸駅前店,残2席,1,AVAILABLE,2
2026-09-16T10:53:20,2026-09-16T10:50,20391,百合ヶ丘店,残2席,1,AVAILABLE,2
2026-09-16T10:53:20,2026-09-16T10:50,20332,横浜北山田店,残9席,1,AVAILABLE,9
2026-09-16T11:01:01,2026-09-16T10:50,20903,調布南口店,残2席,1,AVAILABLE,2
2026-09-16T11:01:01,2026-09-16T10:50,20895,登戸駅前店,残2席,1,AVAILABLE,2
2026-09-16T11:01:01,2026-09-16T10:50,20391,百合ヶ丘店,残2席,1,AVAILABLE,2
2026-09-16T11:01:01,2026-09-16T10:50,20332,横浜北山田店,残9席,1,AVAILABLE,9
2026-09-16T11:19:22,2026-09-16T11:10,20903,調布南口店,満席,4,FULL,0
2026-09-16T11:19:22,2026-09-16T11:10,20895,登戸駅前店,残2席,1,AVAILABLE,2
2026-09-16T11:19:22,2026-09-16T11:10,20391,百合ヶ丘店,残2席,1,AVAILABLE,2
2026-09-16T11:19:22,2026-09-16T11:10,20332,横浜北山田店,残8席,1,AVAILABLE,8
2026-09-16T11:31:03,2026-09-16T11:20,20903,調布南口店,満席,4,FULL,0
2026-09-16T11:31:03,2026-09-16T11:20,20895,登戸駅前店,残2席,1,AVAILABLE,2
2026-09-16T11:31:03,2026-09-16T11:20,20391,百合ヶ丘店,残2席,1,AVAILABLE,2
2026-09-16T11:31:03,2026-09-16T11:20,20332,横浜北山田店,残8席,1,AVAILABLE,8
2026-09-16T11:45:35,2026-09-16T11:40,20903,調布南口店,満席,4,FULL,0
2026-09-16T11:45:35,2026-09-16T11:40,20895,登戸駅前店,残1席,1,AVAILABLE,1
2026-09-16T11:45:35,2026-09-16T11:40,20391,百合ヶ丘店,残2席,1,AVAILABLE,2
2026-09-16T11:45:35,2026-09-16T11:40,20332,横浜北山田店,残7席,1,AVAILABLE,7
2026-09-16T11:53:31,2026-09-16T11:50,20903,調布南口店,満席,4,FULL,0
2026-09-16T11:53:31,2026-09-16T11:50,20895,登戸駅前店,満席,4,FULL,0
2026-09-16T11:53:31,2026-09-16T11:50,20391,百合ヶ丘店,残2席,1,AVAILABLE,2
2026-09-16T11:53:31,2026-09-16T11:50,20332,横浜北山田店,残7席,1,AVAILABLE,7
2026-09-16T12:00:55,2026-09-16T11:50,20903,調布南口店,満席,4,FULL,0
2026-09-16T12:00:55,2026-09-16T11:50,20895,登戸駅前店,満席,4,FULL,0
2026-09-16T12:00:55,2026-09-16T11:50,20391,百合ヶ丘店,残2席,1,AVAILABLE,2
2026-09-16T12:00:55,2026-09-16T11:50,20332,横浜北山田店,残7席,1,AVAILABLE,7
2026-09-16T12:19:06,2026-09-16T12:10,20903,調布南口店,残1席,1,AVAILABLE,1
2026-09-16T12:19:06,2026-09-16T12:10,20895,登戸駅前店,満席,4,FULL,0
2026-09-16T12:19:06,2026-09-16T12:10,20391,百合ヶ丘店,残2席,1,AVAILABLE,2
2026-09-16T12:19:06,2026-09-16T12:10,20332,横浜北山田店,残6席,1,AVAILABLE,6
2026-09-16T12:31:04,2026-09-16T12:20,20903,調布南口店,残1席,1,AVAILABLE,1
2026-09-16T12:31:04,2026-09-16T12:20,20895,登戸駅前店,満席,4,FULL,0
2026-09-16T12:31:04,2026-09-16T12:20,20391,百合ヶ丘店,残2席,1,AVAILABLE,2
2026-09-16T12:31:04,2026-09-16T12:20,20332,横浜北山田店,残5席,1,AVAILABLE,5
2026-09-16T12:45:51,2026-09-16T12:40,20903,調布南口店,残2席,1,AVAILABLE,2
2026-09-16T12:45:51,2026-09-16T12:40,20895,登戸駅前店,残2席,1,AVAILABLE,2
2026-09-16T12:45:51,2026-09-16T12:40,20391,百合ヶ丘店,残1席,1,AVAILABLE,1
2026-09-16T12:45:51,2026-09-16T12:40,20332,横浜北山田店,残5席,1,AVAILABLE,5
2026-09-16T12:53:59,2026-09-16T12:50,20903,調布南口店,残2席,1,AVAILABLE,2
2026-09-16T12:53:59,2026-09-16T12:50,20895,登戸駅前店,残1席,1,AVAILABLE,1
2026-09-16T12:53:59,2026-09-16T12:50,20391,百合ヶ丘店,満席,4,FULL,0
2026-09-16T12:53:59,2026-09-16T12:50,20332,横浜北山田店,残5席,1,AVAILABLE,5
2026-09-16T13:00:57,2026-09-16T12:50,20903,調布南口店,残2席,1,AVAILABLE,2
2026-09-16T13:00:57,2026-09-16T12:50,20895,登戸駅前店,残1席,1,AVAILABLE,1
2026-09-16T13:00:57,2026-09-16T12:50,20391,百合ヶ丘店,満席,4,FULL,0
2026-09-16T13:00:57,2026-09-16T12:50,20332,横浜北山田店,残5席,1,AVAILABLE,5
2026-09-16T13:19:46,2026-09-16T13:10,20903,調布南口店,満席,4,FULL,0
2026-09-16T13:19:46,2026-09-16T13:10,20895,登戸駅前店,満席,4,FULL,0
2026-09-16T13:19:46,2026-09-16T13:10,20391,百合ヶ丘店,残1席,1,AVAILABLE,1
2026-09-16T13:19:46,2026-09-16T13:10,20332,横浜北山田店,残5席,1,AVAILABLE,5
2026-09-16T13:31:40,2026-09-16T13:20,20903,調布南口店,満席,4,FULL,0
2026-09-16T13:31:40,2026-09-16T13:20,20895,登戸駅前店,満席,4,FULL,0
2026-09-16T13:31:40,2026-09-16T13:20,20391,百合ヶ丘店,残1席,1,AVAILABLE,1
2026-09-16T13:31:40,2026-09-16T13:20,20332,横浜北山田店,残5席,1,AVAILABLE,5
2026-09-16T13:46:10,2026-09-16T13:40,20903,調布南口店,満席,4,FULL,0
2026-09-16T13:46:10,2026-09-16T13:40,20895,登戸駅前店,満席,4,FULL,0
2026-09-16T13:46:10,2026-09-16T13:40,20391,百合ヶ丘店,残2席,1,AVAILABLE,2
2026-09-16T13:46:10,2026-09-16T13:40,20332,横浜北山田店,残5席,1,AVAILABLE,5
2026-09-16T13:54:19,2026-09-16T13:50,20903,調布南口店,満席,4,FULL,0
2026-09-16T13:54:19,2026-09-16T13:50,20895,登戸駅前店,満席,4,FULL,0
2026-09-16T13:54:19,2026-09-16T13:50,20391,百合ヶ丘店,残1席,1,AVAILABLE,1
2026-09-16T13:54:19,2026-09-16T13:50,20332,横浜北山田店,残4席,1,AVAILABLE,4
2026-09-16T14:01:00,2026-09-16T13:50,20903,調布南口店,満席,4,FULL,0
2026-09-16T14:01:00,2026-09-16T13:50,20895,登戸駅前店,満席,4,FULL,0
2026-09-16T14:01:00,2026-09-16T13:50,20391,百合ヶ丘店,残1席,1,AVAILABLE,1
2026-09-16T14:01:00,2026-09-16T13:50,20332,横浜北山田店,残4席,1,AVAILABLE,4
2026-09-16T14:18:23,2026-09-16T14:10,20903,調布南口店,満席,4,FULL,0
2026-09-16T14:18:23,2026-09-16T14:10,20895,登戸駅前店,満席,4,FULL,0
2026-09-16T14:18:23,2026-09-16T14:10,20391,百合ヶ丘店,残2席,1,AVAILABLE,2
2026-09-16T14:18:23,2026-09-16T14:10,20332,横浜北山田店,満席,4,FULL,0
2026-09-16T14:29:20,2026-09-16T14:20,20903,調布南口店,残2席,1,AVAILABLE,2
2026-09-16T14:29:20,2026-09-16T14:20,20895,登戸駅前店,満席,4,FULL,0
2026-09-16T14:29:20,2026-09-16T14:20,20391,百合ヶ丘店,残2席,1,AVAILABLE,2
2026-09-16T14:29:20,2026-09-16T14:20,20332,横浜北山田店,満席,4,FULL,0
2026-09-16T14:39:51,2026-09-16T14:30,20903,調布南口店,残2席,1,AVAILABLE,2
2026-09-16T14:39:51,2026-09-16T14:30,20895,登戸駅前店,満席,4,FULL,0
2026-09-16T14:39:51,2026-09-16T14:30,20391,百合ヶ丘店,残2席,1,AVAILABLE,2
2026-09-16T14:39:51,2026-09-16T14:30,20332,横浜北山田店,満席,4,FULL,0
2026-09-16T14:48:41,2026-09-16T14:40,20903,調布南口店,残2席,1,AVAILABLE,2
2026-09-16T14:48:41,2026-09-16T14:40,20895,登戸駅前店,満席,4,FULL,0
2026-09-16T14:48:41,2026-09-16T14:40,20391,百合ヶ丘店,満席,4,FULL,0
2026-09-16T14:48:41,2026-09-16T14:40,20332,横浜北山田店,残1席,1,AVAILABLE,1
2026-09-16T14:55:59,2026-09-16T14:50,20903,調布南口店,残2席,1,AVAILABLE,2
2026-09-16T14:55:59,2026-09-16T14:50,20895,登戸駅前店,満席,4,FULL,0
2026-09-16T14:55:59,2026-09-16T14:50,20391,百合ヶ丘店,満席,4,FULL,0
2026-09-16T14:55:59,2026-09-16T14:50,20332,横浜北山田店,残1席,1,AVAILABLE,1
2026-09-16T15:03:39,2026-09-16T15:00,20903,調布南口店,残2席,1,AVAILABLE,2
2026-09-16T15:03:39,2026-09-16T15:00,20895,登戸駅前店,満席,4,FULL,0
2026-09-16T15:03:39,2026-09-16T15:00,20391,百合ヶ丘店,満席,4,FULL,0
2026-09-16T15:03:39,2026-09-16T15:00,20332,横浜北山田店,残1席,1,AVAILABLE,1
2026-09-16T15:24:54,2026-09-16T15:20,20903,調布南口店,残2席,1,AVAILABLE,2
2026-09-16T15:24:54,2026-09-16T15:20,20895,登戸駅前店,満席,4,FULL,0
2026-09-16T15:24:54,2026-09-16T15:20,20391,百合ヶ丘店,満席,4,FULL,0
2026-09-16T15:24:54,2026-09-16T15:20,20332,横浜北山田店,満席,4,FULL,0
2026-09-16T15:40:20,2026-09-16T15:30,20903,調布南口店,残2席,1,AVAILABLE,2
2026-09-16T15:40:20,2026-09-16T15:30,20895,登戸駅前店,満席,4,FULL,0
2026-09-16T15:40:20,2026-09-16T15:30,20391,百合ヶ丘店,満席,4,FULL,0
2026-09-16T15:40:20,2026-09-16T15:30,20332,横浜北山田店,満席,4,FULL,0
2026-09-16T15:57:16,2026-09-16T15:50,20903,調布南口店,満席,4,FULL,0
2026-09-16T15:57:16,2026-09-16T15:50,20895,登戸駅前店,満席,4,FULL,0
2026-09-16T15:57:16,2026-09-16T15:50,20391,百合ヶ丘店,満席,4,FULL,0
2026-09-16T15:57:16,2026-09-16T15:50,20332,横浜北山田店,残2席,1,AVAILABLE,2
2026-09-16T16:06:43,2026-09-16T16:00,20903,調布南口店,満席,4,FULL,0
2026-09-16T16:06:43,2026-09-16T16:00,20895,登戸駅前店,満席,4,FULL,0
2026-09-16T16:06:43,2026-09-16T16:00,20391,百合ヶ丘店,満席,4,FULL,0
2026-09-16T16:06:43,2026-09-16T16:00,20332,横浜北山田店,残4席,1,AVAILABLE,4
2026-09-16T16:21:23,2026-09-16T16:10,20903,調布南口店,満席,4,FULL,0
2026-09-16T16:21:23,2026-09-16T16:10,20895,登戸駅前店,満席,4,FULL,0
2026-09-16T16:21:23,2026-09-16T16:10,20391,百合ヶ丘店,満席,4,FULL,0
2026-09-16T16:21:23,2026-09-16T16:10,20332,横浜北山田店,残3席,1,AVAILABLE,3
2026-09-16T16:35:08,2026-09-16T16:30,20903,調布南口店,満席,4,FULL,0
2026-09-16T16:35:08,2026-09-16T16:30,20895,登戸駅前店,満席,4,FULL,0
2026-09-16T16:35:08,2026-09-16T16:30,20391,百合ヶ丘店,満席,4,FULL,0
2026-09-16T16:35:08,2026-09-16T16:30,20332,横浜北山田店,残2席,1,AVAILABLE,2
2026-09-16T16:46:02,2026-09-16T16:40,20903,調布南口店,満席,4,FULL,0
2026-09-16T16:46:02,2026-09-16T16:40,20895,登戸駅前店,満席,4,FULL,0
2026-09-16T16:46:02,2026-09-16T16:40,20391,百合ヶ丘店,満席,4,FULL,0
2026-09-16T16:46:02,2026-09-16T16:40,20332,横浜北山田店,満席,4,FULL,0
2026-09-16T16:54:31,2026-09-16T16:50,20903,調布南口店,満席,4,FULL,0
2026-09-16T16:54:31,2026-09-16T16:50,20895,登戸駅前店,満席,4,FULL,0
2026-09-16T16:54:31,2026-09-16T16:50,20391,百合ヶ丘店,満席,4,FULL,0
2026-09-16T16:54:31,2026-09-16T16:50,20332,横浜北山田店,残1席,1,AVAILABLE,1
2026-09-16T17:01:14,2026-09-16T16:50,20903,調布南口店,満席,4,FULL,0
2026-09-16T17:01:14,2026-09-16T16:50,20895,登戸駅前店,満席,4,FULL,0
2026-09-16T17:01:14,2026-09-16T16:50,20391,百合ヶ丘店,満席,4,FULL,0
2026-09-16T17:01:14,2026-09-16T16:50,20332,横浜北山田店,残1席,1,AVAILABLE,1
2026-09-16T17:20:33,2026-09-16T17:10,20903,調布南口店,満席,4,FULL,0
2026-09-16T17:20:33,2026-09-16T17:10,20895,登戸駅前店,満席,4,FULL,0
2026-09-16T17:20:33,2026-09-16T17:10,20391,百合ヶ丘店,満席,4,FULL,0
2026-09-16T17:20:33,2026-09-16T17:10,20332,横浜北山田店,残3席,1,AVAILABLE,3
2026-09-16T17:36:59,2026-09-16T17:30,20903,調布南口店,満席,4,FULL,0
2026-09-16T17:36:59,2026-09-16T17:30,20895,登戸駅前店,満席,4,FULL,0
2026-09-16T17:36:59,2026-09-16T17:30,20391,百合ヶ丘店,満席,4,FULL,0
2026-09-16T17:36:59,2026-09-16T17:30,20332,横浜北山田店,残3席,1,AVAILABLE,3
2026-09-16T17:48:25,2026-09-16T17:40,20903,調布南口店,満席,4,FULL,0
2026-09-16T17:48:25,2026-09-16T17:40,20895,登戸駅前店,満席,4,FULL,0
2026-09-16T17:48:25,2026-09-16T17:40,20391,百合ヶ丘店,満席,4,FULL,0
2026-09-16T17:48:25,2026-09-16T17:40,20332,横浜北山田店,残3席,1,AVAILABLE,3
2026-09-16T17:56:29,2026-09-16T17:50,20903,調布南口店,満席,4,FULL,0
2026-09-16T17:56:29,2026-09-16T17:50,20895,登戸駅前店,満席,4,FULL,0
2026-09-16T17:56:29,2026-09-16T17:50,20391,百合ヶ丘店,満席,4,FULL,0
2026-09-16T17:56:29,2026-09-16T17:50,20332,横浜北山田店,残3席,1,AVAILABLE,3
2026-09-16T18:03:58,2026-09-16T18:00,20903,調布南口店,満席,4,FULL,0
2026-09-16T18:03:58,2026-09-16T18:00,20895,登戸駅前店,満席,4,FULL,0
2026-09-16T18:03:58,2026-09-16T18:00,20391,百合ヶ丘店,満席,4,FULL,0
2026-09-16T18:03:58,2026-09-16T18:00,20332,横浜北山田店,残2席,1,AVAILABLE,2
2026-09-16T18:19:22,2026-09-16T18:10,20903,調布南口店,満席,4,FULL,0
2026-09-16T18:19:22,2026-09-16T18:10,20895,登戸駅前店,残1席,1,AVAILABLE,1
2026-09-16T18:19:22,2026-09-16T18:10,20391,百合ヶ丘店,満席,4,FULL,0
2026-09-16T18:19:22,2026-09-16T18:10,20332,横浜北山田店,残1席,1,AVAILABLE,1
2026-09-16T18:31:15,2026-09-16T18:20,20903,調布南口店,満席,4,FULL,0
2026-09-16T18:31:15,2026-09-16T18:20,20895,登戸駅前店,満席,4,FULL,0
2026-09-16T18:31:15,2026-09-16T18:20,20391,百合ヶ丘店,満席,4,FULL,0
2026-09-16T18:31:15,2026-09-16T18:20,20332,横浜北山田店,残3席,1,AVAILABLE,3
2026-09-16T18:45:59,2026-09-16T18:40,20903,調布南口店,満席,4,FULL,0
2026-09-16T18:45:59,2026-09-16T18:40,20895,登戸駅前店,満席,4,FULL,0
2026-09-16T18:45:59,2026-09-16T18:40,20391,百合ヶ丘店,満席,4,FULL,0
2026-09-16T18:45:59,2026-09-16T18:40,20332,横浜北山田店,残8席,1,AVAILABLE,8
2026-09-16T18:54:33,2026-09-16T18:50,20903,調布南口店,満席,4,FULL,0
2026-09-16T18:54:33,2026-09-16T18:50,20895,登戸駅前店,満席,4,FULL,0
2026-09-16T18:54:33,2026-09-16T18:50,20391,百合ヶ丘店,満席,4,FULL,0
2026-09-16T18:54:33,2026-09-16T18:50,20332,横浜北山田店,残8席,1,AVAILABLE,8
2026-09-16T19:00:48,2026-09-16T18:50,20903,調布南口店,満席,4,FULL,0
2026-09-16T19:00:48,2026-09-16T18:50,20895,登戸駅前店,満席,4,FULL,0
2026-09-16T19:00:48,2026-09-16T18:50,20391,百合ヶ丘店,満席,4,FULL,0
2026-09-16T19:00:48,2026-09-16T18:50,20332,横浜北山田店,残8席,1,AVAILABLE,8
2026-09-16T19:20:14,2026-09-16T19:10,20903,調布南口店,満席,4,FULL,0
2026-09-16T19:20:14,2026-09-16T19:10,20895,登戸駅前店,残1席,1,AVAILABLE,1
2026-09-16T19:20:14,2026-09-16T19:10,20391,百合ヶ丘店,満席,4,FULL,0
2026-09-16T19:20:14,2026-09-16T19:10,20332,横浜北山田店,残4席,1,AVAILABLE,4
2026-09-16T19:35:11,2026-09-16T19:30,20903,調布南口店,残2席,1,AVAILABLE,2
2026-09-16T19:35:11,2026-09-16T19:30,20895,登戸駅前店,満席,4,FULL,0
2026-09-16T19:35:11,2026-09-16T19:30,20391,百合ヶ丘店,満席,4,FULL,0
2026-09-16T19:35:11,2026-09-16T19:30,20332,横浜北山田店,残2席,1,AVAILABLE,2
2026-09-16T19:46:12,2026-09-16T19:40,20903,調布南口店,残2席,1,AVAILABLE,2
2026-09-16T19:46:12,2026-09-16T19:40,20895,登戸駅前店,満席,4,FULL,0
2026-09-16T19:46:12,2026-09-16T19:40,20391,百合ヶ丘店,残1席,1,AVAILABLE,1
2026-09-16T19:46:12,2026-09-16T19:40,20332,横浜北山田店,残3席,1,AVAILABLE,3
2026-09-16T19:54:15,2026-09-16T19:50,20903,調布南口店,残2席,1,AVAILABLE,2
2026-09-16T19:54:15,2026-09-16T19:50,20895,登戸駅前店,満席,4,FULL,0
2026-09-16T19:54:15,2026-09-16T19:50,20391,百合ヶ丘店,残2席,1,AVAILABLE,2
2026-09-16T19:54:15,2026-09-16T19:50,20332,横浜北山田店,残3席,1,AVAILABLE,3
2026-09-16T20:01:18,2026-09-16T19:50,20903,調布南口店,残2席,1,AVAILABLE,2
2026-09-16T20:01:18,2026-09-16T19:50,20895,登戸駅前店,満席,4,FULL,0
2026-09-16T20:01:18,2026-09-16T19:50,20391,百合ヶ丘店,残2席,1,AVAILABLE,2
2026-09-16T20:01:18,2026-09-16T19:50,20332,横浜北山田店,残3席,1,AVAILABLE,3
2026-09-16T20:19:28,2026-09-16T20:10,20903,調布南口店,残2席,1,AVAILABLE,2
2026-09-16T20:19:28,2026-09-16T20:10,20895,登戸駅前店,満席,4,FULL,0
2026-09-16T20:19:28,2026-09-16T20:10,20391,百合ヶ丘店,残2席,1,AVAILABLE,2
2026-09-16T20:19:28,2026-09-16T20:10,20332,横浜北山田店,残3席,1,AVAILABLE,3
2026-09-16T20:31:07,2026-09-16T20:20,20903,調布南口店,残1席,1,AVAILABLE,1
2026-09-16T20:31:07,2026-09-16T20:20,20895,登戸駅前店,満席,4,FULL,0
2026-09-16T20:31:07,2026-09-16T20:20,20391,百合ヶ丘店,残2席,1,AVAILABLE,2
2026-09-16T20:31:07,2026-09-16T20:20,20332,横浜北山田店,残4席,1,AVAILABLE,4
2026-09-16T20:46:10,2026-09-16T20:40,20903,調布南口店,残1席,1,AVAILABLE,1
2026-09-16T20:46:10,2026-09-16T20:40,20895,登戸駅前店,満席,4,FULL,0
2026-09-16T20:46:10,2026-09-16T20:40,20391,百合ヶ丘店,残2席,1,AVAILABLE,2
2026-09-16T20:46:10,2026-09-16T20:40,20332,横浜北山田店,残4席,1,AVAILABLE,4
2026-09-16T20:54:30,2026-09-16T20:50,20903,調布南口店,残1席,1,AVAILABLE,1
2026-09-16T20:54:30,2026-09-16T20:50,20895,登戸駅前店,満席,4,FULL,0
2026-09-16T20:54:30,2026-09-16T20:50,20391,百合ヶ丘店,残2席,1,AVAILABLE,2
2026-09-16T20:54:30,2026-09-16T20:50,20332,横浜北山田店,残4席,1,AVAILABLE,4
2026-09-16T21:01:16,2026-09-16T20:50,20903,調布南口店,残1席,1,AVAILABLE,1
2026-09-16T21:01:16,2026-09-16T20:50,20895,登戸駅前店,満席,4,FULL,0
2026-09-16T21:01:16,2026-09-16T20:50,20391,百合ヶ丘店,残2席,1,AVAILABLE,2
2026-09-16T21:01:16,2026-09-16T20:50,20332,横浜北山田店,残4席,1,AVAILABLE,4
2026-09-16T21:24:50,2026-09-16T21:20,20903,調布南口店,残1席,1,AVAILABLE,1
2026-09-16T21:24:50,2026-09-16T21:20,20895,登戸駅前店,満席,4,FULL,0
2026-09-16T21:24:50,2026-09-16T21:20,20391,百合ヶ丘店,残1席,1,AVAILABLE,1
2026-09-16T21:24:50,2026-09-16T21:20,20332,横浜北山田店,残4席,1,AVAILABLE,4
2026-09-16T21:39:46,2026-09-16T21:30,20903,調布南口店,残1席,1,AVAILABLE,1
2026-09-16T21:39:46,2026-09-16T21:30,20895,登戸駅前店,満席,4,FULL,0
2026-09-16T21:39:46,2026-09-16T21:30,20391,百合ヶ丘店,満席,4,FULL,0
2026-09-16T21:39:46,2026-09-16T21:30,20332,横浜北山田店,残3席,1,AVAILABLE,3
2026-09-16T21:53:23,2026-09-16T21:50,20903,調布南口店,残2席,1,AVAILABLE,2
2026-09-16T21:53:23,2026-09-16T21:50,20895,登戸駅前店,満席,4,FULL,0
2026-09-16T21:53:23,2026-09-16T21:50,20391,百合ヶ丘店,満席,4,FULL,0
2026-09-16T21:53:23,2026-09-16T21:50,20332,横浜北山田店,残5席,1,AVAILABLE,5
2026-09-16T22:02:56,2026-09-16T22:00,20903,調布南口店,残1席,1,AVAILABLE,1
2026-09-16T22:02:56,2026-09-16T22:00,20895,登戸駅前店,満席,4,FULL,0
2026-09-16T22:02:56,2026-09-16T22:00,20391,百合ヶ丘店,満席,4,FULL,0
2026-09-16T22:02:56,2026-09-16T22:00,20332,横浜北山田店,残2席,1,AVAILABLE,2
2026-09-16T22:21:11,2026-09-16T22:10,20903,調布南口店,残1席,1,AVAILABLE,1
2026-09-16T22:21:11,2026-09-16T22:10,20895,登戸駅前店,満席,4,FULL,0
2026-09-16T22:21:11,2026-09-16T22:10,20391,百合ヶ丘店,満席,4,FULL,0
2026-09-16T22:21:11,2026-09-16T22:10,20332,横浜北山田店,残3席,1,AVAILABLE,3
2026-09-16T22:35:27,2026-09-16T22:30,20903,調布南口店,残1席,1,AVAILABLE,1
2026-09-16T22:35:27,2026-09-16T22:30,20895,登戸駅前店,満席,4,FULL,0
2026-09-16T22:35:27,2026-09-16T22:30,20391,百合ヶ丘店,満席,4,FULL,0
2026-09-16T22:35:27,2026-09-16T22:30,20332,横浜北山田店,残1席,1,AVAILABLE,1
2026-09-16T22:47:19,2026-09-16T22:40,20903,調布南口店,残1席,1,AVAILABLE,1
2026-09-16T22:47:19,2026-09-16T22:40,20895,登戸駅前店,満席,4,FULL,0
2026-09-16T22:47:19,2026-09-16T22:40,20391,百合ヶ丘店,満席,4,FULL,0
2026-09-16T22:47:19,2026-09-16T22:40,20332,横浜北山田店,残1席,1,AVAILABLE,1
2026-09-16T22:56:46,2026-09-16T22:50,20903,調布南口店,残1席,1,AVAILABLE,1
2026-09-16T22:56:46,2026-09-16T22:50,20895,登戸駅前店,満席,4,FULL,0
2026-09-16T22:56:46,2026-09-16T22:50,20391,百合ヶ丘店,満席,4,FULL,0
2026-09-16T22:56:46,2026-09-16T22:50,20332,横浜北山田店,満席,4,FULL,0
2026-09-16T23:05:02,2026-09-16T23:00,20903,調布南口店,残1席,1,AVAILABLE,1
2026-09-16T23:05:02,2026-09-16T23:00,20895,登戸駅前店,満席,4,FULL,0
2026-09-16T23:05:02,2026-09-16T23:00,20391,百合ヶ丘店,満席,4,FULL,0
2026-09-16T23:05:02,2026-09-16T23:00,20332,横浜北山田店,満席,4,FULL,0
2026-09-16T23:20:25,2026-09-16T23:10,20903,調布南口店,残1席,1,AVAILABLE,1
2026-09-16T23:20:25,2026-09-16T23:10,20895,登戸駅前店,満席,4,FULL,0
2026-09-16T23:20:25,2026-09-16T23:10,20391,百合ヶ丘店,残1席,1,AVAILABLE,1
2026-09-16T23:20:25,2026-09-16T23:10,20332,横浜北山田店,残1席,1,AVAILABLE,1
2026-09-16T23:35:04,2026-09-16T23:30,20903,調布南口店,残1席,1,AVAILABLE,1
2026-09-16T23:35:04,2026-09-16T23:30,20895,登戸駅前店,満席,4,FULL,0
2026-09-16T23:35:04,2026-09-16T23:30,20391,百合ヶ丘店,残1席,1,AVAILABLE,1
2026-09-16T23:35:04,2026-09-16T23:30,20332,横浜北山田店,残2席,1,AVAILABLE,2
2026-09-16T23:46:33,2026-09-16T23:40,20903,調布南口店,満席,4,FULL,0
2026-09-16T23:46:33,2026-09-16T23:40,20895,登戸駅前店,残1席,1,AVAILABLE,1
2026-09-16T23:46:33,2026-09-16T23:40,20391,百合ヶ丘店,残1席,1,AVAILABLE,1
2026-09-16T23:46:33,2026-09-16T23:40,20332,横浜北山田店,残1席,1,AVAILABLE,1
2026-09-16T23:55:52,2026-09-16T23:50,20903,調布南口店,満席,4,FULL,0
2026-09-16T23:55:52,2026-09-16T23:50,20895,登戸駅前店,残1席,1,AVAILABLE,1
2026-09-16T23:55:52,2026-09-16T23:50,20391,百合ヶ丘店,残1席,1,AVAILABLE,1
2026-09-16T23:55:52,2026-09-16T23:50,20332,横浜北山田店,残2席,1,AVAILABLE,2
2026-09-17T00:03:08,2026-09-17T00:00,20903,調布南口店,残1席,1,AVAILABLE,1
2026-09-17T00:03:08,2026-09-17T00:00,20895,登戸駅前店,残1席,1,AVAILABLE,1
2026-09-17T00:03:08,2026-09-17T00:00,20391,百合ヶ丘店,残1席,1,AVAILABLE,1
2026-09-17T00:03:08,2026-09-17T00:00,20332,横浜北山田店,残2席,1,AVAILABLE,2
2026-09-17T00:19:08,2026-09-17T00:10,20903,調布南口店,満席,4,FULL,0
2026-09-17T00:19:08,2026-09-17T00:10,20895,登戸駅前店,残1席,1,AVAILABLE,1
2026-09-17T00:19:08,2026-09-17T00:10,20391,百合ヶ丘店,残3席,1,AVAILABLE,3
2026-09-17T00:19:08,2026-09-17T00:10,20332,横浜北山田店,残2席,1,AVAILABLE,2
2026-09-17T00:30:52,2026-09-17T00:20,20903,調布南口店,満席,4,FULL,0
2026-09-17T00:30:52,2026-09-17T00:20,20895,登戸駅前店,満席,4,FULL,0
2026-09-17T00:30:52,2026-09-17T00:20,20391,百合ヶ丘店,残2席,1,AVAILABLE,2
2026-09-17T00:30:52,2026-09-17T00:20,20332,横浜北山田店,残2席,1,AVAILABLE,2
2026-09-17T00:45:20,2026-09-17T00:40,20903,調布南口店,満席,4,FULL,0
2026-09-17T00:45:20,2026-09-17T00:40,20895,登戸駅前店,残2席,1,AVAILABLE,2
2026-09-17T00:45:20,2026-09-17T00:40,20391,百合ヶ丘店,残2席,1,AVAILABLE,2
2026-09-17T00:45:20,2026-09-17T00:40,20332,横浜北山田店,残2席,1,AVAILABLE,2
2026-09-17T00:53:43,2026-09-17T00:50,20903,調布南口店,満席,4,FULL,0
2026-09-17T00:53:43,2026-09-17T00:50,20895,登戸駅前店,残2席,1,AVAILABLE,2
2026-09-17T00:53:43,2026-09-17T00:50,20391,百合ヶ丘店,残2席,1,AVAILABLE,2
2026-09-17T00:53:43,2026-09-17T00:50,20332,横浜北山田店,残2席,1,AVAILABLE,2
2026-09-17T01:01:32,2026-09-17T00:50,20903,調布南口店,満席,4,FULL,0
2026-09-17T01:01:32,2026-09-17T00:50,20895,登戸駅前店,残2席,1,AVAILABLE,2
2026-09-17T01:01:32,2026-09-17T00:50,20391,百合ヶ丘店,残2席,1,AVAILABLE,2
2026-09-17T01:01:32,2026-09-17T00:50,20332,横浜北山田店,残2席,1,AVAILABLE,2
2026-09-17T01:19:35,2026-09-17T01:10,20903,調布南口店,満席,4,FULL,0
2026-09-17T01:19:35,2026-09-17T01:10,20895,登戸駅前店,残2席,1,AVAILABLE,2
2026-09-17T01:19:35,2026-09-17T01:10,20391,百合ヶ丘店,残2席,1,AVAILABLE,2
2026-09-17T01:19:35,2026-09-17T01:10,20332,横浜北山田店,残4席,1,AVAILABLE,4
2026-09-17T01:30:54,2026-09-17T01:20,20903,調布南口店,満席,4,FULL,0
2026-09-17T01:30:54,2026-09-17T01:20,20895,登戸駅前店,残2席,1,AVAILABLE,2
2026-09-17T01:30:54,2026-09-17T01:20,20391,百合ヶ丘店,残2席,1,AVAILABLE,2
2026-09-17T01:30:54,2026-09-17T01:20,20332,横浜北山田店,残4席,1,AVAILABLE,4
2026-09-17T01:46:03,2026-09-17T01:40,20903,調布南口店,満席,4,FULL,0
2026-09-17T01:46:03,2026-09-17T01:40,20895,登戸駅前店,残2席,1,AVAILABLE,2
2026-09-17T01:46:03,2026-09-17T01:40,20391,百合ヶ丘店,残2席,1,AVAILABLE,2
2026-09-17T01:46:03,2026-09-17T01:40,20332,横浜北山田店,残3席,1,AVAILABLE,3
2026-09-17T01:54:37,2026-09-17T01:50,20903,調布南口店,満席,4,FULL,0
2026-09-17T01:54:37,2026-09-17T01:50,20895,登戸駅前店,残2席,1,AVAILABLE,2
2026-09-17T01:54:37,2026-09-17T01:50,20391,百合ヶ丘店,残2席,1,AVAILABLE,2
2026-09-17T01:54:37,2026-09-17T01:50,20332,横浜北山田店,残2席,1,AVAILABLE,2
2026-09-17T02:01:05,2026-09-17T01:50,20903,調布南口店,満席,4,FULL,0
2026-09-17T02:01:05,2026-09-17T01:50,20895,登戸駅前店,残2席,1,AVAILABLE,2
2026-09-17T02:01:05,2026-09-17T01:50,20391,百合ヶ丘店,残2席,1,AVAILABLE,2
2026-09-17T02:01:05,2026-09-17T01:50,20332,横浜北山田店,残2席,1,AVAILABLE,2
2026-09-17T02:16:46,2026-09-17T02:10,20903,調布南口店,満席,4,FULL,0
2026-09-17T02:16:46,2026-09-17T02:10,20895,登戸駅前店,残2席,1,AVAILABLE,2
2026-09-17T02:16:46,2026-09-17T02:10,20391,百合ヶ丘店,残2席,1,AVAILABLE,2
2026-09-17T02:16:46,2026-09-17T02:10,20332,横浜北山田店,残2席,1,AVAILABLE,2
2026-09-17T02:26:38,2026-09-17T02:20,20903,調布南口店,満席,4,FULL,0
2026-09-17T02:26:38,2026-09-17T02:20,20895,登戸駅前店,残3席,1,AVAILABLE,3
2026-09-17T02:26:38,2026-09-17T02:20,20391,百合ヶ丘店,残2席,1,AVAILABLE,2
2026-09-17T02:26:38,2026-09-17T02:20,20332,横浜北山田店,残1席,1,AVAILABLE,1
2026-09-17T02:35:45,2026-09-17T02:30,20903,調布南口店,満席,4,FULL,0
2026-09-17T02:35:45,2026-09-17T02:30,20895,登戸駅前店,残3席,1,AVAILABLE,3
2026-09-17T02:35:45,2026-09-17T02:30,20391,百合ヶ丘店,残2席,1,AVAILABLE,2
2026-09-17T02:35:45,2026-09-17T02:30,20332,横浜北山田店,残1席,1,AVAILABLE,1
2026-09-17T02:44:53,2026-09-17T02:40,20903,調布南口店,残2席,1,AVAILABLE,2
2026-09-17T02:44:53,2026-09-17T02:40,20895,登戸駅前店,残3席,1,AVAILABLE,3
2026-09-17T02:44:53,2026-09-17T02:40,20391,百合ヶ丘店,残2席,1,AVAILABLE,2
2026-09-17T02:44:53,2026-09-17T02:40,20332,横浜北山田店,残1席,1,AVAILABLE,1
2026-09-17T02:52:44,2026-09-17T02:50,20903,調布南口店,残2席,1,AVAILABLE,2
2026-09-17T02:52:44,2026-09-17T02:50,20895,登戸駅前店,残3席,1,AVAILABLE,3
2026-09-17T02:52:44,2026-09-17T02:50,20391,百合ヶ丘店,残3席,1,AVAILABLE,3
2026-09-17T02:52:44,2026-09-17T02:50,20332,横浜北山田店,残1席,1,AVAILABLE,1
2026-09-17T03:00:58,2026-09-17T02:50,20903,調布南口店,残2席,1,AVAILABLE,2
2026-09-17T03:00:58,2026-09-17T02:50,20895,登戸駅前店,残3席,1,AVAILABLE,3
2026-09-17T03:00:58,2026-09-17T02:50,20391,百合ヶ丘店,残3席,1,AVAILABLE,3
2026-09-17T03:00:58,2026-09-17T02:50,20332,横浜北山田店,残1席,1,AVAILABLE,1
2026-09-17T03:21:24,2026-09-17T03:10,20903,調布南口店,残2席,1,AVAILABLE,2
2026-09-17T03:21:24,2026-09-17T03:10,20895,登戸駅前店,残2席,1,AVAILABLE,2
2026-09-17T03:21:24,2026-09-17T03:10,20391,百合ヶ丘店,残2席,1,AVAILABLE,2
2026-09-17T03:21:24,2026-09-17T03:10,20332,横浜北山田店,残4席,1,AVAILABLE,4
2026-09-17T03:37:37,2026-09-17T03:30,20903,調布南口店,残2席,1,AVAILABLE,2
2026-09-17T03:37:37,2026-09-17T03:30,20895,登戸駅前店,残1席,1,AVAILABLE,1
2026-09-17T03:37:37,2026-09-17T03:30,20391,百合ヶ丘店,残2席,1,AVAILABLE,2
2026-09-17T03:37:37,2026-09-17T03:30,20332,横浜北山田店,残4席,1,AVAILABLE,4
2026-09-17T03:49:15,2026-09-17T03:40,20903,調布南口店,残1席,1,AVAILABLE,1
2026-09-17T03:49:15,2026-09-17T03:40,20895,登戸駅前店,残1席,1,AVAILABLE,1
2026-09-17T03:49:15,2026-09-17T03:40,20391,百合ヶ丘店,残2席,1,AVAILABLE,2
2026-09-17T03:49:15,2026-09-17T03:40,20332,横浜北山田店,残4席,1,AVAILABLE,4
2026-09-17T03:56:36,2026-09-17T03:50,20903,調布南口店,残1席,1,AVAILABLE,1
2026-09-17T03:56:36,2026-09-17T03:50,20895,登戸駅前店,残1席,1,AVAILABLE,1
2026-09-17T03:56:36,2026-09-17T03:50,20391,百合ヶ丘店,残2席,1,AVAILABLE,2
2026-09-17T03:56:36,2026-09-17T03:50,20332,横浜北山田店,残4席,1,AVAILABLE,4
2026-09-17T04:03:38,2026-09-17T04:00,20903,調布南口店,残1席,1,AVAILABLE,1
2026-09-17T04:03:38,2026-09-17T04:00,20895,登戸駅前店,残1席,1,AVAILABLE,1
2026-09-17T04:03:38,2026-09-17T04:00,20391,百合ヶ丘店,残2席,1,AVAILABLE,2
2026-09-17T04:03:38,2026-09-17T04:00,20332,横浜北山田店,残2席,1,AVAILABLE,2
2026-09-17T04:17:53,2026-09-17T04:10,20903,調布南口店,残1席,1,AVAILABLE,1
2026-09-17T04:17:53,2026-09-17T04:10,20895,登戸駅前店,残1席,1,AVAILABLE,1
2026-09-17T04:17:53,2026-09-17T04:10,20391,百合ヶ丘店,残2席,1,AVAILABLE,2
2026-09-17T04:17:53,2026-09-17T04:10,20332,横浜北山田店,残1席,1,AVAILABLE,1
2026-09-17T04:27:59,2026-09-17T04:20,20903,調布南口店,残1席,1,AVAILABLE,1
2026-09-17T04:27:59,2026-09-17T04:20,20895,登戸駅前店,残1席,1,AVAILABLE,1
2026-09-17T04:27:59,2026-09-17T04:20,20391,百合ヶ丘店,残2席,1,AVAILABLE,2
2026-09-17T04:27:59,2026-09-17T04:20,20332,横浜北山田店,残6席,1,AVAILABLE,6
2026-09-17T04:36:50,2026-09-17T04:30,20903,調布南口店,残1席,1,AVAILABLE,1
2026-09-17T04:36:50,2026-09-17T04:30,20895,登戸駅前店,残1席,1,AVAILABLE,1
2026-09-17T04:36:50,2026-09-17T04:30,20391,百合ヶ丘店,残2席,1,AVAILABLE,2
2026-09-17T04:36:50,2026-09-17T04:30,20332,横浜北山田店,残8席,1,AVAILABLE,8
2026-09-17T04:43:41,2026-09-17T04:40,20903,調布南口店,残1席,1,AVAILABLE,1
2026-09-17T04:43:41,2026-09-17T04:40,20895,登戸駅前店,残1席,1,AVAILABLE,1
2026-09-17T04:43:41,2026-09-17T04:40,20391,百合ヶ丘店,残2席,1,AVAILABLE,2
2026-09-17T04:43:41,2026-09-17T04:40,20332,横浜北山田店,残8席,1,AVAILABLE,8
2026-09-17T04:51:00,2026-09-17T04:40,20903,調布南口店,残1席,1,AVAILABLE,1
2026-09-17T04:51:00,2026-09-17T04:40,20895,登戸駅前店,残1席,1,AVAILABLE,1
2026-09-17T04:51:00,2026-09-17T04:40,20391,百合ヶ丘店,残2席,1,AVAILABLE,2
2026-09-17T04:51:00,2026-09-17T04:40,20332,横浜北山田店,残8席,1,AVAILABLE,8
2026-09-17T05:00:59,2026-09-17T04:50,20903,調布南口店,残1席,1,AVAILABLE,1
2026-09-17T05:00:59,2026-09-17T04:50,20895,登戸駅前店,残1席,1,AVAILABLE,1
2026-09-17T05:00:59,2026-09-17T04:50,20391,百合ヶ丘店,残2席,1,AVAILABLE,2
2026-09-17T05:00:59,2026-09-17T04:50,20332,横浜北山田店,残8席,1,AVAILABLE,8
2026-09-17T05:20:03,2026-09-17T05:10,20903,調布南口店,残1席,1,AVAILABLE,1
2026-09-17T05:20:03,2026-09-17T05:10,20895,登戸駅前店,残2席,1,AVAILABLE,2
2026-09-17T05:20:03,2026-09-17T05:10,20391,百合ヶ丘店,残2席,1,AVAILABLE,2
2026-09-17T05:20:03,2026-09-17T05:10,20332,横浜北山田店,残7席,1,AVAILABLE,7
2026-09-17T05:31:17,2026-09-17T05:20,20903,調布南口店,残1席,1,AVAILABLE,1
2026-09-17T05:31:17,2026-09-17T05:20,20895,登戸駅前店,残2席,1,AVAILABLE,2
2026-09-17T05:31:17,2026-09-17T05:20,20391,百合ヶ丘店,残4席,1,AVAILABLE,4
2026-09-17T05:31:17,2026-09-17T05:20,20332,横浜北山田店,残8席,1,AVAILABLE,8
2026-09-17T05:45:45,2026-09-17T05:40,20903,調布南口店,残1席,1,AVAILABLE,1
2026-09-17T05:45:45,2026-09-17T05:40,20895,登戸駅前店,残2席,1,AVAILABLE,2
2026-09-17T05:45:45,2026-09-17T05:40,20391,百合ヶ丘店,残3席,1,AVAILABLE,3
2026-09-17T05:45:45,2026-09-17T05:40,20332,横浜北山田店,残8席,1,AVAILABLE,8
2026-09-17T05:53:50,2026-09-17T05:50,20903,調布南口店,残4席,1,AVAILABLE,4
2026-09-17T05:53:50,2026-09-17T05:50,20895,登戸駅前店,残2席,1,AVAILABLE,2
2026-09-17T05:53:50,2026-09-17T05:50,20391,百合ヶ丘店,残3席,1,AVAILABLE,3
2026-09-17T05:53:50,2026-09-17T05:50,20332,横浜北山田店,残10席以上,1,AVAILABLE,10
2026-09-17T06:00:47,2026-09-17T05:50,20903,調布南口店,残4席,1,AVAILABLE,4
2026-09-17T06:00:47,2026-09-17T05:50,20895,登戸駅前店,残2席,1,AVAILABLE,2
2026-09-17T06:00:47,2026-09-17T05:50,20391,百合ヶ丘店,残3席,1,AVAILABLE,3
2026-09-17T06:00:47,2026-09-17T05:50,20332,横浜北山田店,残10席以上,1,AVAILABLE,10
2026-09-17T06:19:15,2026-09-17T06:10,20903,調布南口店,残4席,1,AVAILABLE,4
2026-09-17T06:19:15,2026-09-17T06:10,20895,登戸駅前店,残2席,1,AVAILABLE,2
2026-09-17T06:19:15,2026-09-17T06:10,20391,百合ヶ丘店,残3席,1,AVAILABLE,3
2026-09-17T06:19:15,2026-09-17T06:10,20332,横浜北山田店,残10席以上,1,AVAILABLE,10
2026-09-17T06:30:46,2026-09-17T06:20,20903,調布南口店,残4席,1,AVAILABLE,4
2026-09-17T06:30:46,2026-09-17T06:20,20895,登戸駅前店,残2席,1,AVAILABLE,2
2026-09-17T06:30:46,2026-09-17T06:20,20391,百合ヶ丘店,残3席,1,AVAILABLE,3
2026-09-17T06:30:46,2026-09-17T06:20,20332,横浜北山田店,残10席以上,1,AVAILABLE,10
2026-09-17T06:44:51,2026-09-17T06:40,20903,調布南口店,残3席,1,AVAILABLE,3
2026-09-17T06:44:51,2026-09-17T06:40,20895,登戸駅前店,残3席,1,AVAILABLE,3
2026-09-17T06:44:51,2026-09-17T06:40,20391,百合ヶ丘店,残3席,1,AVAILABLE,3
2026-09-17T06:44:51,2026-09-17T06:40,20332,横浜北山田店,残10席以上,1,AVAILABLE,10
2026-09-17T06:52:16,2026-09-17T06:50,20903,調布南口店,残3席,1,AVAILABLE,3
2026-09-17T06:52:16,2026-09-17T06:50,20895,登戸駅前店,残3席,1,AVAILABLE,3
2026-09-17T06:52:16,2026-09-17T06:50,20391,百合ヶ丘店,残4席,1,AVAILABLE,4
2026-09-17T06:52:16,2026-09-17T06:50,20332,横浜北山田店,残10席以上,1,AVAILABLE,10
2026-09-17T07:00:57,2026-09-17T06:50,20903,調布南口店,残3席,1,AVAILABLE,3
2026-09-17T07:00:57,2026-09-17T06:50,20895,登戸駅前店,残3席,1,AVAILABLE,3
2026-09-17T07:00:57,2026-09-17T06:50,20391,百合ヶ丘店,残4席,1,AVAILABLE,4
2026-09-17T07:00:57,2026-09-17T06:50,20332,横浜北山田店,残10席以上,1,AVAILABLE,10
2026-09-17T07:17:44,2026-09-17T07:10,20903,調布南口店,残2席,1,AVAILABLE,2
2026-09-17T07:17:44,2026-09-17T07:10,20895,登戸駅前店,残4席,1,AVAILABLE,4
2026-09-17T07:17:44,2026-09-17T07:10,20391,百合ヶ丘店,残4席,1,AVAILABLE,4
2026-09-17T07:17:44,2026-09-17T07:10,20332,横浜北山田店,残10席以上,1,AVAILABLE,10
2026-09-17T07:27:49,2026-09-17T07:20,20903,調布南口店,残1席,1,AVAILABLE,1
2026-09-17T07:27:49,2026-09-17T07:20,20895,登戸駅前店,残4席,1,AVAILABLE,4
2026-09-17T07:27:49,2026-09-17T07:20,20391,百合ヶ丘店,残4席,1,AVAILABLE,4
2026-09-17T07:27:49,2026-09-17T07:20,20332,横浜北山田店,残10席以上,1,AVAILABLE,10
2026-09-17T07:37:25,2026-09-17T07:30,20903,調布南口店,残1席,1,AVAILABLE,1
2026-09-17T07:37:25,2026-09-17T07:30,20895,登戸駅前店,残4席,1,AVAILABLE,4
2026-09-17T07:37:25,2026-09-17T07:30,20391,百合ヶ丘店,残4席,1,AVAILABLE,4
2026-09-17T07:37:25,2026-09-17T07:30,20332,横浜北山田店,残10席以上,1,AVAILABLE,10
2026-09-17T07:45:16,2026-09-17T07:40,20903,調布南口店,残1席,1,AVAILABLE,1
2026-09-17T07:45:16,2026-09-17T07:40,20895,登戸駅前店,残4席,1,AVAILABLE,4
2026-09-17T07:45:16,2026-09-17T07:40,20391,百合ヶ丘店,残4席,1,AVAILABLE,4
2026-09-17T07:45:16,2026-09-17T07:40,20332,横浜北山田店,残10席以上,1,AVAILABLE,10
2026-09-17T07:51:49,2026-09-17T07:40,20903,調布南口店,残1席,1,AVAILABLE,1
2026-09-17T07:51:49,2026-09-17T07:40,20895,登戸駅前店,残4席,1,AVAILABLE,4
2026-09-17T07:51:49,2026-09-17T07:40,20391,百合ヶ丘店,残4席,1,AVAILABLE,4
2026-09-17T07:51:49,2026-09-17T07:40,20332,横浜北山田店,残10席以上,1,AVAILABLE,10
2026-09-17T08:00:48,2026-09-17T07:50,20903,調布南口店,残1席,1,AVAILABLE,1
2026-09-17T08:00:48,2026-09-17T07:50,20895,登戸駅前店,残4席,1,AVAILABLE,4
2026-09-17T08:00:48,2026-09-17T07:50,20391,百合ヶ丘店,残4席,1,AVAILABLE,4
2026-09-17T08:00:48,2026-09-17T07:50,20332,横浜北山田店,残10席以上,1,AVAILABLE,10
2026-09-17T08:17:27,2026-09-17T08:10,20903,調布南口店,残2席,1,AVAILABLE,2
2026-09-17T08:17:27,2026-09-17T08:10,20895,登戸駅前店,残4席,1,AVAILABLE,4
2026-09-17T08:17:27,2026-09-17T08:10,20391,百合ヶ丘店,残4席,1,AVAILABLE,4
2026-09-17T08:17:27,2026-09-17T08:10,20332,横浜北山田店,残10席以上,1,AVAILABLE,10
2026-09-17T08:27:16,2026-09-17T08:20,20903,調布南口店,残2席,1,AVAILABLE,2
2026-09-17T08:27:16,2026-09-17T08:20,20895,登戸駅前店,残4席,1,AVAILABLE,4
2026-09-17T08:27:16,2026-09-17T08:20,20391,百合ヶ丘店,残4席,1,AVAILABLE,4
2026-09-17T08:27:16,2026-09-17T08:20,20332,横浜北山田店,残10席以上,1,AVAILABLE,10
2026-09-17T08:35:41,2026-09-17T08:30,20903,調布南口店,残2席,1,AVAILABLE,2
2026-09-17T08:35:41,2026-09-17T08:30,20895,登戸駅前店,残4席,1,AVAILABLE,4
2026-09-17T08:35:41,2026-09-17T08:30,20391,百合ヶ丘店,残4席,1,AVAILABLE,4
2026-09-17T08:35:41,2026-09-17T08:30,20332,横浜北山田店,残10席以上,1,AVAILABLE,10
2026-09-17T08:43:19,2026-09-17T08:40,20903,調布南口店,残2席,1,AVAILABLE,2
2026-09-17T08:43:19,2026-09-17T08:40,20895,登戸駅前店,残3席,1,AVAILABLE,3
2026-09-17T08:43:19,2026-09-17T08:40,20391,百合ヶ丘店,残4席,1,AVAILABLE,4
2026-09-17T08:43:19,2026-09-17T08:40,20332,横浜北山田店,残10席以上,1,AVAILABLE,10
2026-09-17T08:51:09,2026-09-17T08:40,20903,調布南口店,残2席,1,AVAILABLE,2
2026-09-17T08:51:09,2026-09-17T08:40,20895,登戸駅前店,残3席,1,AVAILABLE,3
2026-09-17T08:51:09,2026-09-17T08:40,20391,百合ヶ丘店,残4席,1,AVAILABLE,4
2026-09-17T08:51:09,2026-09-17T08:40,20332,横浜北山田店,残10席以上,1,AVAILABLE,10
2026-09-17T09:00:52,2026-09-17T08:50,20903,調布南口店,残2席,1,AVAILABLE,2
2026-09-17T09:00:52,2026-09-17T08:50,20895,登戸駅前店,残3席,1,AVAILABLE,3
2026-09-17T09:00:52,2026-09-17T08:50,20391,百合ヶ丘店,残4席,1,AVAILABLE,4
2026-09-17T09:00:52,2026-09-17T08:50,20332,横浜北山田店,残10席以上,1,AVAILABLE,10
2026-09-17T09:25:15,2026-09-17T09:20,20903,調布南口店,残2席,1,AVAILABLE,2
2026-09-17T09:25:15,2026-09-17T09:20,20895,登戸駅前店,残3席,1,AVAILABLE,3
2026-09-17T09:25:15,2026-09-17T09:20,20391,百合ヶ丘店,残4席,1,AVAILABLE,4
2026-09-17T09:25:15,2026-09-17T09:20,20332,横浜北山田店,残10席以上,1,AVAILABLE,10
2026-09-17T09:40:10,2026-09-17T09:30,20903,調布南口店,残1席,1,AVAILABLE,1
2026-09-17T09:40:10,2026-09-17T09:30,20895,登戸駅前店,残3席,1,AVAILABLE,3
2026-09-17T09:40:10,2026-09-17T09:30,20391,百合ヶ丘店,残4席,1,AVAILABLE,4
2026-09-17T09:40:10,2026-09-17T09:30,20332,横浜北山田店,残10席以上,1,AVAILABLE,10
2026-09-17T09:56:36,2026-09-17T09:50,20903,調布南口店,残2席,1,AVAILABLE,2
2026-09-17T09:56:36,2026-09-17T09:50,20895,登戸駅前店,残3席,1,AVAILABLE,3
2026-09-17T09:56:36,2026-09-17T09:50,20391,百合ヶ丘店,残4席,1,AVAILABLE,4
2026-09-17T09:56:36,2026-09-17T09:50,20332,横浜北山田店,残10席以上,1,AVAILABLE,10
2026-09-17T10:05:06,2026-09-17T10:00,20903,調布南口店,残2席,1,AVAILABLE,2
2026-09-17T10:05:06,2026-09-17T10:00,20895,登戸駅前店,残2席,1,AVAILABLE,2
2026-09-17T10:05:06,2026-09-17T10:00,20391,百合ヶ丘店,残4席,1,AVAILABLE,4
2026-09-17T10:05:06,2026-09-17T10:00,20332,横浜北山田店,残10席以上,1,AVAILABLE,10
2026-09-17T10:18:50,2026-09-17T10:10,20903,調布南口店,残2席,1,AVAILABLE,2
2026-09-17T10:18:50,2026-09-17T10:10,20895,登戸駅前店,残2席,1,AVAILABLE,2
2026-09-17T10:18:50,2026-09-17T10:10,20391,百合ヶ丘店,残4席,1,AVAILABLE,4
2026-09-17T10:18:50,2026-09-17T10:10,20332,横浜北山田店,残10席以上,1,AVAILABLE,10
2026-09-17T10:29:55,2026-09-17T10:20,20903,調布南口店,残3席,1,AVAILABLE,3
2026-09-17T10:29:55,2026-09-17T10:20,20895,登戸駅前店,残2席,1,AVAILABLE,2
2026-09-17T10:29:55,2026-09-17T10:20,20391,百合ヶ丘店,残4席,1,AVAILABLE,4
2026-09-17T10:29:55,2026-09-17T10:20,20332,横浜北山田店,残10席以上,1,AVAILABLE,10
2026-09-17T10:39:49,2026-09-17T10:30,20903,調布南口店,残3席,1,AVAILABLE,3
2026-09-17T10:39:49,2026-09-17T10:30,20895,登戸駅前店,残2席,1,AVAILABLE,2
2026-09-17T10:39:49,2026-09-17T10:30,20391,百合ヶ丘店,残4席,1,AVAILABLE,4
2026-09-17T10:39:49,2026-09-17T10:30,20332,横浜北山田店,残10席以上,1,AVAILABLE,10
2026-09-17T10:48:53,2026-09-17T10:40,20903,調布南口店,残3席,1,AVAILABLE,3
2026-09-17T10:48:53,2026-09-17T10:40,20895,登戸駅前店,残1席,1,AVAILABLE,1
2026-09-17T10:48:53,2026-09-17T10:40,20391,百合ヶ丘店,残3席,1,AVAILABLE,3
2026-09-17T10:48:53,2026-09-17T10:40,20332,横浜北山田店,残9席,1,AVAILABLE,9
2026-09-17T10:56:52,2026-09-17T10:50,20903,調布南口店,残2席,1,AVAILABLE,2
2026-09-17T10:56:52,2026-09-17T10:50,20895,登戸駅前店,残2席,1,AVAILABLE,2
2026-09-17T10:56:52,2026-09-17T10:50,20391,百合ヶ丘店,残3席,1,AVAILABLE,3
2026-09-17T10:56:52,2026-09-17T10:50,20332,横浜北山田店,残10席以上,1,AVAILABLE,10
2026-09-17T11:04:54,2026-09-17T11:00,20903,調布南口店,残2席,1,AVAILABLE,2
2026-09-17T11:04:54,2026-09-17T11:00,20895,登戸駅前店,残2席,1,AVAILABLE,2
2026-09-17T11:04:54,2026-09-17T11:00,20391,百合ヶ丘店,残3席,1,AVAILABLE,3
2026-09-17T11:04:54,2026-09-17T11:00,20332,横浜北山田店,残8席,1,AVAILABLE,8
2026-09-17T11:18:54,2026-09-17T11:10,20903,調布南口店,残2席,1,AVAILABLE,2
2026-09-17T11:18:54,2026-09-17T11:10,20895,登戸駅前店,残2席,1,AVAILABLE,2
2026-09-17T11:18:54,2026-09-17T11:10,20391,百合ヶ丘店,残3席,1,AVAILABLE,3
2026-09-17T11:18:54,2026-09-17T11:10,20332,横浜北山田店,残6席,1,AVAILABLE,6
2026-09-17T11:30:36,2026-09-17T11:20,20903,調布南口店,残1席,1,AVAILABLE,1
2026-09-17T11:30:36,2026-09-17T11:20,20895,登戸駅前店,残2席,1,AVAILABLE,2
2026-09-17T11:30:36,2026-09-17T11:20,20391,百合ヶ丘店,残2席,1,AVAILABLE,2
2026-09-17T11:30:36,2026-09-17T11:20,20332,横浜北山田店,残6席,1,AVAILABLE,6
2026-09-17T11:45:43,2026-09-17T11:40,20903,調布南口店,残1席,1,AVAILABLE,1
2026-09-17T11:45:43,2026-09-17T11:40,20895,登戸駅前店,残2席,1,AVAILABLE,2
2026-09-17T11:45:43,2026-09-17T11:40,20391,百合ヶ丘店,残2席,1,AVAILABLE,2
2026-09-17T11:45:43,2026-09-17T11:40,20332,横浜北山田店,残5席,1,AVAILABLE,5
2026-09-17T11:54:08,2026-09-17T11:50,20903,調布南口店,残1席,1,AVAILABLE,1
2026-09-17T11:54:08,2026-09-17T11:50,20895,登戸駅前店,残2席,1,AVAILABLE,2
2026-09-17T11:54:08,2026-09-17T11:50,20391,百合ヶ丘店,残2席,1,AVAILABLE,2
2026-09-17T11:54:08,2026-09-17T11:50,20332,横浜北山田店,残6席,1,AVAILABLE,6
2026-09-17T12:01:34,2026-09-17T11:50,20903,調布南口店,残1席,1,AVAILABLE,1
2026-09-17T12:01:34,2026-09-17T11:50,20895,登戸駅前店,残2席,1,AVAILABLE,2
2026-09-17T12:01:34,2026-09-17T11:50,20391,百合ヶ丘店,残2席,1,AVAILABLE,2
2026-09-17T12:01:34,2026-09-17T11:50,20332,横浜北山田店,残6席,1,AVAILABLE,6
2026-09-17T12:19:09,2026-09-17T12:10,20903,調布南口店,残1席,1,AVAILABLE,1
2026-09-17T12:19:09,2026-09-17T12:10,20895,登戸駅前店,残2席,1,AVAILABLE,2
2026-09-17T12:19:09,2026-09-17T12:10,20391,百合ヶ丘店,残1席,1,AVAILABLE,1
2026-09-17T12:19:09,2026-09-17T12:10,20332,横浜北山田店,残7席,1,AVAILABLE,7
2026-09-17T12:31:22,2026-09-17T12:20,20903,調布南口店,残1席,1,AVAILABLE,1
2026-09-17T12:31:22,2026-09-17T12:20,20895,登戸駅前店,残2席,1,AVAILABLE,2
2026-09-17T12:31:22,2026-09-17T12:20,20391,百合ヶ丘店,残1席,1,AVAILABLE,1
2026-09-17T12:31:22,2026-09-17T12:20,20332,横浜北山田店,残6席,1,AVAILABLE,6
2026-09-17T12:46:21,2026-09-17T12:40,20903,調布南口店,満席,4,FULL,0
2026-09-17T12:46:21,2026-09-17T12:40,20895,登戸駅前店,残1席,1,AVAILABLE,1
2026-09-17T12:46:21,2026-09-17T12:40,20391,百合ヶ丘店,残1席,1,AVAILABLE,1
2026-09-17T12:46:21,2026-09-17T12:40,20332,横浜北山田店,残5席,1,AVAILABLE,5
2026-09-17T12:54:44,2026-09-17T12:50,20903,調布南口店,満席,4,FULL,0
2026-09-17T12:54:44,2026-09-17T12:50,20895,登戸駅前店,残1席,1,AVAILABLE,1
2026-09-17T12:54:44,2026-09-17T12:50,20391,百合ヶ丘店,残1席,1,AVAILABLE,1
2026-09-17T12:54:44,2026-09-17T12:50,20332,横浜北山田店,残5席,1,AVAILABLE,5
2026-09-17T13:01:06,2026-09-17T12:50,20903,調布南口店,満席,4,FULL,0
2026-09-17T13:01:06,2026-09-17T12:50,20895,登戸駅前店,残1席,1,AVAILABLE,1
2026-09-17T13:01:06,2026-09-17T12:50,20391,百合ヶ丘店,残1席,1,AVAILABLE,1
2026-09-17T13:01:06,2026-09-17T12:50,20332,横浜北山田店,残5席,1,AVAILABLE,5
2026-09-17T13:19:52,2026-09-17T13:10,20903,調布南口店,満席,4,FULL,0
2026-09-17T13:19:52,2026-09-17T13:10,20895,登戸駅前店,満席,4,FULL,0
2026-09-17T13:19:52,2026-09-17T13:10,20391,百合ヶ丘店,残1席,1,AVAILABLE,1
2026-09-17T13:19:52,2026-09-17T13:10,20332,横浜北山田店,残3席,1,AVAILABLE,3
2026-09-17T13:32:02,2026-09-17T13:30,20903,調布南口店,満席,4,FULL,0
2026-09-17T13:32:02,2026-09-17T13:30,20895,登戸駅前店,満席,4,FULL,0
2026-09-17T13:32:02,2026-09-17T13:30,20391,百合ヶ丘店,残1席,1,AVAILABLE,1
2026-09-17T13:32:02,2026-09-17T13:30,20332,横浜北山田店,残3席,1,AVAILABLE,3
2026-09-17T13:46:01,2026-09-17T13:40,20903,調布南口店,満席,4,FULL,0
2026-09-17T13:46:01,2026-09-17T13:40,20895,登戸駅前店,満席,4,FULL,0
2026-09-17T13:46:01,2026-09-17T13:40,20391,百合ヶ丘店,残1席,1,AVAILABLE,1
2026-09-17T13:46:01,2026-09-17T13:40,20332,横浜北山田店,残7席,1,AVAILABLE,7
2026-09-17T13:54:52,2026-09-17T13:50,20903,調布南口店,満席,4,FULL,0
2026-09-17T13:54:52,2026-09-17T13:50,20895,登戸駅前店,満席,4,FULL,0
2026-09-17T13:54:52,2026-09-17T13:50,20391,百合ヶ丘店,残1席,1,AVAILABLE,1
2026-09-17T13:54:52,2026-09-17T13:50,20332,横浜北山田店,残7席,1,AVAILABLE,7
2026-09-17T14:01:04,2026-09-17T13:50,20903,調布南口店,満席,4,FULL,0
2026-09-17T14:01:04,2026-09-17T13:50,20895,登戸駅前店,満席,4,FULL,0
2026-09-17T14:01:04,2026-09-17T13:50,20391,百合ヶ丘店,残1席,1,AVAILABLE,1
2026-09-17T14:01:04,2026-09-17T13:50,20332,横浜北山田店,残7席,1,AVAILABLE,7
2026-09-17T14:18:37,2026-09-17T14:10,20903,調布南口店,満席,4,FULL,0
2026-09-17T14:18:37,2026-09-17T14:10,20895,登戸駅前店,満席,4,FULL,0
2026-09-17T14:18:37,2026-09-17T14:10,20391,百合ヶ丘店,残2席,1,AVAILABLE,2
2026-09-17T14:18:37,2026-09-17T14:10,20332,横浜北山田店,残9席,1,AVAILABLE,9
2026-09-17T14:29:50,2026-09-17T14:20,20903,調布南口店,満席,4,FULL,0
2026-09-17T14:29:50,2026-09-17T14:20,20895,登戸駅前店,満席,4,FULL,0
2026-09-17T14:29:50,2026-09-17T14:20,20391,百合ヶ丘店,残1席,1,AVAILABLE,1
2026-09-17T14:29:50,2026-09-17T14:20,20332,横浜北山田店,残9席,1,AVAILABLE,9
2026-09-17T14:40:26,2026-09-17T14:30,20903,調布南口店,満席,4,FULL,0
2026-09-17T14:40:26,2026-09-17T14:30,20895,登戸駅前店,満席,4,FULL,0
2026-09-17T14:40:26,2026-09-17T14:30,20391,百合ヶ丘店,満席,4,FULL,0
2026-09-17T14:40:26,2026-09-17T14:30,20332,横浜北山田店,残9席,1,AVAILABLE,9
2026-09-17T14:53:30,2026-09-17T14:50,20903,調布南口店,満席,4,FULL,0
2026-09-17T14:53:30,2026-09-17T14:50,20895,登戸駅前店,満席,4,FULL,0
2026-09-17T14:53:30,2026-09-17T14:50,20391,百合ヶ丘店,残1席,1,AVAILABLE,1
2026-09-17T14:53:30,2026-09-17T14:50,20332,横浜北山田店,残8席,1,AVAILABLE,8
2026-09-17T15:00:52,2026-09-17T14:50,20903,調布南口店,満席,4,FULL,0
2026-09-17T15:00:52,2026-09-17T14:50,20895,登戸駅前店,満席,4,FULL,0
2026-09-17T15:00:52,2026-09-17T14:50,20391,百合ヶ丘店,残1席,1,AVAILABLE,1
2026-09-17T15:00:52,2026-09-17T14:50,20332,横浜北山田店,残8席,1,AVAILABLE,8
2026-09-17T15:24:58,2026-09-17T15:20,20903,調布南口店,残1席,1,AVAILABLE,1
2026-09-17T15:24:58,2026-09-17T15:20,20895,登戸駅前店,満席,4,FULL,0
2026-09-17T15:24:58,2026-09-17T15:20,20391,百合ヶ丘店,満席,4,FULL,0
2026-09-17T15:24:58,2026-09-17T15:20,20332,横浜北山田店,残6席,1,AVAILABLE,6
2026-09-17T15:40:21,2026-09-17T15:30,20903,調布南口店,残1席,1,AVAILABLE,1
2026-09-17T15:40:21,2026-09-17T15:30,20895,登戸駅前店,満席,4,FULL,0
2026-09-17T15:40:21,2026-09-17T15:30,20391,百合ヶ丘店,満席,4,FULL,0
2026-09-17T15:40:21,2026-09-17T15:30,20332,横浜北山田店,残6席,1,AVAILABLE,6
2026-09-17T15:57:21,2026-09-17T15:50,20903,調布南口店,残2席,1,AVAILABLE,2
2026-09-17T15:57:21,2026-09-17T15:50,20895,登戸駅前店,満席,4,FULL,0
2026-09-17T15:57:21,2026-09-17T15:50,20391,百合ヶ丘店,満席,4,FULL,0
2026-09-17T15:57:21,2026-09-17T15:50,20332,横浜北山田店,残8席,1,AVAILABLE,8
2026-09-17T16:07:45,2026-09-17T16:00,20903,調布南口店,残2席,1,AVAILABLE,2
2026-09-17T16:07:45,2026-09-17T16:00,20895,登戸駅前店,満席,4,FULL,0
2026-09-17T16:07:45,2026-09-17T16:00,20391,百合ヶ丘店,満席,4,FULL,0
2026-09-17T16:07:45,2026-09-17T16:00,20332,横浜北山田店,残7席,1,AVAILABLE,7
2026-09-17T16:22:45,2026-09-17T16:20,20903,調布南口店,満席,4,FULL,0
2026-09-17T16:22:45,2026-09-17T16:20,20895,登戸駅前店,満席,4,FULL,0
2026-09-17T16:22:45,2026-09-17T16:20,20391,百合ヶ丘店,満席,4,FULL,0
2026-09-17T16:22:45,2026-09-17T16:20,20332,横浜北山田店,残7席,1,AVAILABLE,7
2026-09-17T16:35:42,2026-09-17T16:30,20903,調布南口店,満席,4,FULL,0
2026-09-17T16:35:42,2026-09-17T16:30,20895,登戸駅前店,満席,4,FULL,0
2026-09-17T16:35:42,2026-09-17T16:30,20391,百合ヶ丘店,満席,4,FULL,0
2026-09-17T16:35:42,2026-09-17T16:30,20332,横浜北山田店,残5席,1,AVAILABLE,5
2026-09-17T16:46:17,2026-09-17T16:40,20903,調布南口店,満席,4,FULL,0
2026-09-17T16:46:17,2026-09-17T16:40,20895,登戸駅前店,満席,4,FULL,0
2026-09-17T16:46:17,2026-09-17T16:40,20391,百合ヶ丘店,満席,4,FULL,0
2026-09-17T16:46:17,2026-09-17T16:40,20332,横浜北山田店,残4席,1,AVAILABLE,4
2026-09-17T16:54:20,2026-09-17T16:50,20903,調布南口店,満席,4,FULL,0
2026-09-17T16:54:20,2026-09-17T16:50,20895,登戸駅前店,満席,4,FULL,0
2026-09-17T16:54:20,2026-09-17T16:50,20391,百合ヶ丘店,満席,4,FULL,0
2026-09-17T16:54:20,2026-09-17T16:50,20332,横浜北山田店,残5席,1,AVAILABLE,5
2026-09-17T17:01:00,2026-09-17T16:50,20903,調布南口店,満席,4,FULL,0
2026-09-17T17:01:00,2026-09-17T16:50,20895,登戸駅前店,満席,4,FULL,0
2026-09-17T17:01:00,2026-09-17T16:50,20391,百合ヶ丘店,満席,4,FULL,0
2026-09-17T17:01:00,2026-09-17T16:50,20332,横浜北山田店,残5席,1,AVAILABLE,5
2026-09-17T17:21:28,2026-09-17T17:10,20903,調布南口店,満席,4,FULL,0
2026-09-17T17:21:28,2026-09-17T17:10,20895,登戸駅前店,満席,4,FULL,0
2026-09-17T17:21:28,2026-09-17T17:10,20391,百合ヶ丘店,満席,4,FULL,0
2026-09-17T17:21:28,2026-09-17T17:10,20332,横浜北山田店,残3席,1,AVAILABLE,3
2026-09-17T17:34:54,2026-09-17T17:30,20903,調布南口店,満席,4,FULL,0
2026-09-17T17:34:54,2026-09-17T17:30,20895,登戸駅前店,残1席,1,AVAILABLE,1
2026-09-17T17:34:54,2026-09-17T17:30,20391,百合ヶ丘店,満席,4,FULL,0
2026-09-17T17:34:54,2026-09-17T17:30,20332,横浜北山田店,残6席,1,AVAILABLE,6
2026-09-17T17:45:10,2026-09-17T17:40,20903,調布南口店,満席,4,FULL,0
2026-09-17T17:45:10,2026-09-17T17:40,20895,登戸駅前店,残1席,1,AVAILABLE,1
2026-09-17T17:45:10,2026-09-17T17:40,20391,百合ヶ丘店,満席,4,FULL,0
2026-09-17T17:45:10,2026-09-17T17:40,20332,横浜北山田店,残10席以上,1,AVAILABLE,10
2026-09-17T17:52:53,2026-09-17T17:50,20903,調布南口店,満席,4,FULL,0
2026-09-17T17:52:53,2026-09-17T17:50,20895,登戸駅前店,残2席,1,AVAILABLE,2
2026-09-17T17:52:53,2026-09-17T17:50,20391,百合ヶ丘店,満席,4,FULL,0
2026-09-17T17:52:53,2026-09-17T17:50,20332,横浜北山田店,残6席,1,AVAILABLE,6
2026-09-17T18:01:13,2026-09-17T17:50,20903,調布南口店,満席,4,FULL,0
2026-09-17T18:01:13,2026-09-17T17:50,20895,登戸駅前店,残2席,1,AVAILABLE,2
2026-09-17T18:01:13,2026-09-17T17:50,20391,百合ヶ丘店,満席,4,FULL,0
2026-09-17T18:01:13,2026-09-17T17:50,20332,横浜北山田店,残6席,1,AVAILABLE,6
2026-09-17T18:19:33,2026-09-17T18:10,20903,調布南口店,満席,4,FULL,0
2026-09-17T18:19:33,2026-09-17T18:10,20895,登戸駅前店,満席,4,FULL,0
2026-09-17T18:19:33,2026-09-17T18:10,20391,百合ヶ丘店,満席,4,FULL,0
2026-09-17T18:19:33,2026-09-17T18:10,20332,横浜北山田店,残3席,1,AVAILABLE,3
2026-09-17T18:32:05,2026-09-17T18:30,20903,調布南口店,満席,4,FULL,0
2026-09-17T18:32:05,2026-09-17T18:30,20895,登戸駅前店,満席,4,FULL,0
2026-09-17T18:32:05,2026-09-17T18:30,20391,百合ヶ丘店,残1席,1,AVAILABLE,1
2026-09-17T18:32:05,2026-09-17T18:30,20332,横浜北山田店,残3席,1,AVAILABLE,3
2026-09-17T18:45:59,2026-09-17T18:40,20903,調布南口店,満席,4,FULL,0
2026-09-17T18:45:59,2026-09-17T18:40,20895,登戸駅前店,満席,4,FULL,0
2026-09-17T18:45:59,2026-09-17T18:40,20391,百合ヶ丘店,満席,4,FULL,0
2026-09-17T18:45:59,2026-09-17T18:40,20332,横浜北山田店,満席,4,FULL,0
2026-09-17T18:54:23,2026-09-17T18:50,20903,調布南口店,満席,4,FULL,0
2026-09-17T18:54:23,2026-09-17T18:50,20895,登戸駅前店,満席,4,FULL,0
2026-09-17T18:54:23,2026-09-17T18:50,20391,百合ヶ丘店,満席,4,FULL,0
2026-09-17T18:54:23,2026-09-17T18:50,20332,横浜北山田店,満席,4,FULL,0
2026-09-17T19:00:56,2026-09-17T18:50,20903,調布南口店,満席,4,FULL,0
2026-09-17T19:00:56,2026-09-17T18:50,20895,登戸駅前店,満席,4,FULL,0
2026-09-17T19:00:56,2026-09-17T18:50,20391,百合ヶ丘店,満席,4,FULL,0
2026-09-17T19:00:56,2026-09-17T18:50,20332,横浜北山田店,満席,4,FULL,0
2026-09-17T19:19:46,2026-09-17T19:10,20903,調布南口店,満席,4,FULL,0
2026-09-17T19:19:46,2026-09-17T19:10,20895,登戸駅前店,満席,4,FULL,0
2026-09-17T19:19:46,2026-09-17T19:10,20391,百合ヶ丘店,満席,4,FULL,0
2026-09-17T19:19:46,2026-09-17T19:10,20332,横浜北山田店,満席,4,FULL,0
2026-09-17T19:31:12,2026-09-17T19:20,20903,調布南口店,満席,4,FULL,0
2026-09-17T19:31:12,2026-09-17T19:20,20895,登戸駅前店,満席,4,FULL,0
2026-09-17T19:31:12,2026-09-17T19:20,20391,百合ヶ丘店,満席,4,FULL,0
2026-09-17T19:31:12,2026-09-17T19:20,20332,横浜北山田店,残2席,1,AVAILABLE,2
2026-09-17T19:45:59,2026-09-17T19:40,20903,調布南口店,満席,4,FULL,0
2026-09-17T19:45:59,2026-09-17T19:40,20895,登戸駅前店,満席,4,FULL,0
2026-09-17T19:45:59,2026-09-17T19:40,20391,百合ヶ丘店,満席,4,FULL,0
2026-09-17T19:45:59,2026-09-17T19:40,20332,横浜北山田店,満席,4,FULL,0
2026-09-17T19:54:05,2026-09-17T19:50,20903,調布南口店,満席,4,FULL,0
2026-09-17T19:54:05,2026-09-17T19:50,20895,登戸駅前店,満席,4,FULL,0
2026-09-17T19:54:05,2026-09-17T19:50,20391,百合ヶ丘店,満席,4,FULL,0
2026-09-17T19:54:05,2026-09-17T19:50,20332,横浜北山田店,満席,4,FULL,0
2026-09-17T20:01:11,2026-09-17T19:50,20903,調布南口店,満席,4,FULL,0
2026-09-17T20:01:11,2026-09-17T19:50,20895,登戸駅前店,満席,4,FULL,0
2026-09-17T20:01:11,2026-09-17T19:50,20391,百合ヶ丘店,満席,4,FULL,0
2026-09-17T20:01:11,2026-09-17T19:50,20332,横浜北山田店,満席,4,FULL,0
2026-09-17T20:18:54,2026-09-17T20:10,20903,調布南口店,満席,4,FULL,0
2026-09-17T20:18:54,2026-09-17T20:10,20895,登戸駅前店,満席,4,FULL,0
2026-09-17T20:18:54,2026-09-17T20:10,20391,百合ヶ丘店,満席,4,FULL,0
2026-09-17T20:18:54,2026-09-17T20:10,20332,横浜北山田店,残1席,1,AVAILABLE,1
2026-09-17T20:29:31,2026-09-17T20:20,20903,調布南口店,満席,4,FULL,0
2026-09-17T20:29:31,2026-09-17T20:20,20895,登戸駅前店,満席,4,FULL,0
2026-09-17T20:29:31,2026-09-17T20:20,20391,百合ヶ丘店,満席,4,FULL,0
2026-09-17T20:29:31,2026-09-17T20:20,20332,横浜北山田店,残1席,1,AVAILABLE,1
2026-09-17T20:39:35,2026-09-17T20:30,20903,調布南口店,満席,4,FULL,0
2026-09-17T20:39:35,2026-09-17T20:30,20895,登戸駅前店,満席,4,FULL,0
2026-09-17T20:39:35,2026-09-17T20:30,20391,百合ヶ丘店,残1席,1,AVAILABLE,1
2026-09-17T20:39:35,2026-09-17T20:30,20332,横浜北山田店,残3席,1,AVAILABLE,3
2026-09-17T20:47:45,2026-09-17T20:40,20903,調布南口店,満席,4,FULL,0
2026-09-17T20:47:45,2026-09-17T20:40,20895,登戸駅前店,満席,4,FULL,0
2026-09-17T20:47:45,2026-09-17T20:40,20391,百合ヶ丘店,残1席,1,AVAILABLE,1
2026-09-17T20:47:45,2026-09-17T20:40,20332,横浜北山田店,残3席,1,AVAILABLE,3
2026-09-17T20:55:08,2026-09-17T20:50,20903,調布南口店,満席,4,FULL,0
2026-09-17T20:55:08,2026-09-17T20:50,20895,登戸駅前店,満席,4,FULL,0
2026-09-17T20:55:08,2026-09-17T20:50,20391,百合ヶ丘店,満席,4,FULL,0
2026-09-17T20:55:08,2026-09-17T20:50,20332,横浜北山田店,残2席,1,AVAILABLE,2
2026-09-17T21:01:13,2026-09-17T20:50,20903,調布南口店,満席,4,FULL,0
2026-09-17T21:01:13,2026-09-17T20:50,20895,登戸駅前店,満席,4,FULL,0
2026-09-17T21:01:13,2026-09-17T20:50,20391,百合ヶ丘店,満席,4,FULL,0
2026-09-17T21:01:13,2026-09-17T20:50,20332,横浜北山田店,残2席,1,AVAILABLE,2
2026-09-17T21:24:27,2026-09-17T21:20,20903,調布南口店,満席,4,FULL,0
2026-09-17T21:24:27,2026-09-17T21:20,20895,登戸駅前店,残1席,1,AVAILABLE,1
2026-09-17T21:24:27,2026-09-17T21:20,20391,百合ヶ丘店,満席,4,FULL,0
2026-09-17T21:24:27,2026-09-17T21:20,20332,横浜北山田店,残1席,1,AVAILABLE,1
2026-09-17T21:39:21,2026-09-17T21:30,20903,調布南口店,満席,4,FULL,0
2026-09-17T21:39:21,2026-09-17T21:30,20895,登戸駅前店,残1席,1,AVAILABLE,1
2026-09-17T21:39:21,2026-09-17T21:30,20391,百合ヶ丘店,満席,4,FULL,0
2026-09-17T21:39:21,2026-09-17T21:30,20332,横浜北山田店,残3席,1,AVAILABLE,3
2026-09-17T21:51:50,2026-09-17T21:40,20903,調布南口店,満席,4,FULL,0
2026-09-17T21:51:50,2026-09-17T21:40,20895,登戸駅前店,満席,4,FULL,0
2026-09-17T21:51:50,2026-09-17T21:40,20391,百合ヶ丘店,満席,4,FULL,0
2026-09-17T21:51:50,2026-09-17T21:40,20332,横浜北山田店,残2席,1,AVAILABLE,2
2026-09-17T22:02:30,2026-09-17T22:00,20903,調布南口店,満席,4,FULL,0
2026-09-17T22:02:30,2026-09-17T22:00,20895,登戸駅前店,満席,4,FULL,0
2026-09-17T22:02:30,2026-09-17T22:00,20391,百合ヶ丘店,満席,4,FULL,0
2026-09-17T22:02:30,2026-09-17T22:00,20332,横浜北山田店,満席,4,FULL,0
2026-09-17T22:20:25,2026-09-17T22:10,20903,調布南口店,満席,4,FULL,0
2026-09-17T22:20:25,2026-09-17T22:10,20895,登戸駅前店,満席,4,FULL,0
2026-09-17T22:20:25,2026-09-17T22:10,20391,百合ヶ丘店,満席,4,FULL,0
2026-09-17T22:20:25,2026-09-17T22:10,20332,横浜北山田店,満席,4,FULL,0
2026-09-17T22:34:47,2026-09-17T22:30,20903,調布南口店,満席,4,FULL,0
2026-09-17T22:34:47,2026-09-17T22:30,20895,登戸駅前店,満席,4,FULL,0
2026-09-17T22:34:47,2026-09-17T22:30,20391,百合ヶ丘店,満席,4,FULL,0
2026-09-17T22:34:47,2026-09-17T22:30,20332,横浜北山田店,残5席,1,AVAILABLE,5
2026-09-17T22:46:22,2026-09-17T22:40,20903,調布南口店,満席,4,FULL,0
2026-09-17T22:46:22,2026-09-17T22:40,20895,登戸駅前店,満席,4,FULL,0
2026-09-17T22:46:22,2026-09-17T22:40,20391,百合ヶ丘店,満席,4,FULL,0
2026-09-17T22:46:22,2026-09-17T22:40,20332,横浜北山田店,残4席,1,AVAILABLE,4
2026-09-17T22:54:31,2026-09-17T22:50,20903,調布南口店,満席,4,FULL,0
2026-09-17T22:54:31,2026-09-17T22:50,20895,登戸駅前店,満席,4,FULL,0
2026-09-17T22:54:31,2026-09-17T22:50,20391,百合ヶ丘店,残1席,1,AVAILABLE,1
2026-09-17T22:54:31,2026-09-17T22:50,20332,横浜北山田店,残5席,1,AVAILABLE,5
2026-09-17T23:00:58,2026-09-17T22:50,20903,調布南口店,満席,4,FULL,0
2026-09-17T23:00:58,2026-09-17T22:50,20895,登戸駅前店,満席,4,FULL,0
2026-09-17T23:00:58,2026-09-17T22:50,20391,百合ヶ丘店,残1席,1,AVAILABLE,1
2026-09-17T23:00:58,2026-09-17T22:50,20332,横浜北山田店,残5席,1,AVAILABLE,5
2026-09-17T23:20:49,2026-09-17T23:10,20903,調布南口店,満席,4,FULL,0
2026-09-17T23:20:49,2026-09-17T23:10,20895,登戸駅前店,残1席,1,AVAILABLE,1
2026-09-17T23:20:49,2026-09-17T23:10,20391,百合ヶ丘店,満席,4,FULL,0
2026-09-17T23:20:49,2026-09-17T23:10,20332,横浜北山田店,残6席,1,AVAILABLE,6
2026-09-17T23:35:09,2026-09-17T23:30,20903,調布南口店,満席,4,FULL,0
2026-09-17T23:35:09,2026-09-17T23:30,20895,登戸駅前店,満席,4,FULL,0
2026-09-17T23:35:09,2026-09-17T23:30,20391,百合ヶ丘店,満席,4,FULL,0
2026-09-17T23:35:09,2026-09-17T23:30,20332,横浜北山田店,残4席,1,AVAILABLE,4
2026-09-17T23:45:34,2026-09-17T23:40,20903,調布南口店,満席,4,FULL,0
2026-09-17T23:45:34,2026-09-17T23:40,20895,登戸駅前店,満席,4,FULL,0
2026-09-17T23:45:34,2026-09-17T23:40,20391,百合ヶ丘店,残1席,1,AVAILABLE,1
2026-09-17T23:45:34,2026-09-17T23:40,20332,横浜北山田店,残5席,1,AVAILABLE,5
2026-09-17T23:54:44,2026-09-17T23:50,20903,調布南口店,満席,4,FULL,0
2026-09-17T23:54:44,2026-09-17T23:50,20895,登戸駅前店,満席,4,FULL,0
2026-09-17T23:54:44,2026-09-17T23:50,20391,百合ヶ丘店,残1席,1,AVAILABLE,1
2026-09-17T23:54:44,2026-09-17T23:50,20332,横浜北山田店,残5席,1,AVAILABLE,5
2026-09-18T00:01:24,2026-09-17T23:50,20903,調布南口店,満席,4,FULL,0
2026-09-18T00:01:24,2026-09-17T23:50,20895,登戸駅前店,満席,4,FULL,0
2026-09-18T00:01:24,2026-09-17T23:50,20391,百合ヶ丘店,残1席,1,AVAILABLE,1
2026-09-18T00:01:24,2026-09-17T23:50,20332,横浜北山田店,残5席,1,AVAILABLE,5
2026-09-18T00:19:12,2026-09-18T00:10,20903,調布南口店,満席,4,FULL,0
2026-09-18T00:19:12,2026-09-18T00:10,20895,登戸駅前店,満席,4,FULL,0
2026-09-18T00:19:12,2026-09-18T00:10,20391,百合ヶ丘店,残2席,1,AVAILABLE,2
2026-09-18T00:19:12,2026-09-18T00:10,20332,横浜北山田店,残9席,1,AVAILABLE,9
2026-09-18T00:30:05,2026-09-18T00:20,20903,調布南口店,満席,4,FULL,0
2026-09-18T00:30:05,2026-09-18T00:20,20895,登戸駅前店,満席,4,FULL,0
2026-09-18T00:30:05,2026-09-18T00:20,20391,百合ヶ丘店,残2席,1,AVAILABLE,2
2026-09-18T00:30:05,2026-09-18T00:20,20332,横浜北山田店,残9席,1,AVAILABLE,9
2026-09-18T00:45:38,2026-09-18T00:40,20903,調布南口店,満席,4,FULL,0
2026-09-18T00:45:38,2026-09-18T00:40,20895,登戸駅前店,満席,4,FULL,0
2026-09-18T00:45:38,2026-09-18T00:40,20391,百合ヶ丘店,残1席,1,AVAILABLE,1
2026-09-18T00:45:38,2026-09-18T00:40,20332,横浜北山田店,残8席,1,AVAILABLE,8
2026-09-18T00:53:56,2026-09-18T00:50,20903,調布南口店,満席,4,FULL,0
2026-09-18T00:53:56,2026-09-18T00:50,20895,登戸駅前店,満席,4,FULL,0
2026-09-18T00:53:56,2026-09-18T00:50,20391,百合ヶ丘店,残1席,1,AVAILABLE,1
2026-09-18T00:53:56,2026-09-18T00:50,20332,横浜北山田店,残5席,1,AVAILABLE,5
2026-09-18T01:01:09,2026-09-18T00:50,20903,調布南口店,満席,4,FULL,0
2026-09-18T01:01:09,2026-09-18T00:50,20895,登戸駅前店,満席,4,FULL,0
2026-09-18T01:01:09,2026-09-18T00:50,20391,百合ヶ丘店,残1席,1,AVAILABLE,1
2026-09-18T01:01:09,2026-09-18T00:50,20332,横浜北山田店,残5席,1,AVAILABLE,5
2026-09-18T01:20:03,2026-09-18T01:10,20903,調布南口店,残1席,1,AVAILABLE,1
2026-09-18T01:20:03,2026-09-18T01:10,20895,登戸駅前店,満席,4,FULL,0
2026-09-18T01:20:03,2026-09-18T01:10,20391,百合ヶ丘店,満席,4,FULL,0
2026-09-18T01:20:03,2026-09-18T01:10,20332,横浜北山田店,残5席,1,AVAILABLE,5
2026-09-18T01:31:52,2026-09-18T01:20,20903,調布南口店,残1席,1,AVAILABLE,1
2026-09-18T01:31:52,2026-09-18T01:20,20895,登戸駅前店,満席,4,FULL,0
2026-09-18T01:31:52,2026-09-18T01:20,20391,百合ヶ丘店,満席,4,FULL,0
2026-09-18T01:31:52,2026-09-18T01:20,20332,横浜北山田店,残4席,1,AVAILABLE,4
2026-09-18T01:45:30,2026-09-18T01:40,20903,調布南口店,残1席,1,AVAILABLE,1
2026-09-18T01:45:30,2026-09-18T01:40,20895,登戸駅前店,残1席,1,AVAILABLE,1
2026-09-18T01:45:30,2026-09-18T01:40,20391,百合ヶ丘店,満席,4,FULL,0
2026-09-18T01:45:30,2026-09-18T01:40,20332,横浜北山田店,残7席,1,AVAILABLE,7
2026-09-18T01:53:46,2026-09-18T01:50,20903,調布南口店,残1席,1,AVAILABLE,1
2026-09-18T01:53:46,2026-09-18T01:50,20895,登戸駅前店,残1席,1,AVAILABLE,1
2026-09-18T01:53:46,2026-09-18T01:50,20391,百合ヶ丘店,満席,4,FULL,0
2026-09-18T01:53:46,2026-09-18T01:50,20332,横浜北山田店,残7席,1,AVAILABLE,7
2026-09-18T02:00:46,2026-09-18T01:50,20903,調布南口店,残1席,1,AVAILABLE,1
2026-09-18T02:00:46,2026-09-18T01:50,20895,登戸駅前店,残1席,1,AVAILABLE,1
2026-09-18T02:00:46,2026-09-18T01:50,20391,百合ヶ丘店,満席,4,FULL,0
2026-09-18T02:00:46,2026-09-18T01:50,20332,横浜北山田店,残7席,1,AVAILABLE,7
2026-09-18T02:16:29,2026-09-18T02:10,20903,調布南口店,残1席,1,AVAILABLE,1
2026-09-18T02:16:29,2026-09-18T02:10,20895,登戸駅前店,残1席,1,AVAILABLE,1
2026-09-18T02:16:29,2026-09-18T02:10,20391,百合ヶ丘店,残1席,1,AVAILABLE,1
2026-09-18T02:16:29,2026-09-18T02:10,20332,横浜北山田店,残6席,1,AVAILABLE,6
2026-09-18T02:25:40,2026-09-18T02:20,20903,調布南口店,残1席,1,AVAILABLE,1
2026-09-18T02:25:40,2026-09-18T02:20,20895,登戸駅前店,残1席,1,AVAILABLE,1
2026-09-18T02:25:40,2026-09-18T02:20,20391,百合ヶ丘店,残1席,1,AVAILABLE,1
2026-09-18T02:25:40,2026-09-18T02:20,20332,横浜北山田店,残6席,1,AVAILABLE,6
2026-09-18T02:33:44,2026-09-18T02:30,20903,調布南口店,残1席,1,AVAILABLE,1
2026-09-18T02:33:44,2026-09-18T02:30,20895,登戸駅前店,残1席,1,AVAILABLE,1
2026-09-18T02:33:44,2026-09-18T02:30,20391,百合ヶ丘店,満席,4,FULL,0
2026-09-18T02:33:44,2026-09-18T02:30,20332,横浜北山田店,残6席,1,AVAILABLE,6
2026-09-18T02:44:30,2026-09-18T02:40,20903,調布南口店,残3席,1,AVAILABLE,3
2026-09-18T02:44:30,2026-09-18T02:40,20895,登戸駅前店,残1席,1,AVAILABLE,1
2026-09-18T02:44:30,2026-09-18T02:40,20391,百合ヶ丘店,満席,4,FULL,0
2026-09-18T02:44:30,2026-09-18T02:40,20332,横浜北山田店,残6席,1,AVAILABLE,6
2026-09-18T02:52:29,2026-09-18T02:50,20903,調布南口店,残3席,1,AVAILABLE,3
2026-09-18T02:52:29,2026-09-18T02:50,20895,登戸駅前店,残1席,1,AVAILABLE,1
2026-09-18T02:52:29,2026-09-18T02:50,20391,百合ヶ丘店,満席,4,FULL,0
2026-09-18T02:52:29,2026-09-18T02:50,20332,横浜北山田店,残6席,1,AVAILABLE,6
2026-09-18T03:01:21,2026-09-18T02:50,20903,調布南口店,残3席,1,AVAILABLE,3
2026-09-18T03:01:21,2026-09-18T02:50,20895,登戸駅前店,残1席,1,AVAILABLE,1
2026-09-18T03:01:21,2026-09-18T02:50,20391,百合ヶ丘店,満席,4,FULL,0
2026-09-18T03:01:21,2026-09-18T02:50,20332,横浜北山田店,残6席,1,AVAILABLE,6
2026-09-18T03:22:33,2026-09-18T03:20,20903,調布南口店,残3席,1,AVAILABLE,3
2026-09-18T03:22:33,2026-09-18T03:20,20895,登戸駅前店,残1席,1,AVAILABLE,1
2026-09-18T03:22:33,2026-09-18T03:20,20391,百合ヶ丘店,満席,4,FULL,0
2026-09-18T03:22:33,2026-09-18T03:20,20332,横浜北山田店,残2席,1,AVAILABLE,2
2026-09-18T03:38:07,2026-09-18T03:30,20903,調布南口店,残3席,1,AVAILABLE,3
2026-09-18T03:38:07,2026-09-18T03:30,20895,登戸駅前店,残1席,1,AVAILABLE,1
2026-09-18T03:38:07,2026-09-18T03:30,20391,百合ヶ丘店,満席,4,FULL,0
2026-09-18T03:38:07,2026-09-18T03:30,20332,横浜北山田店,残1席,1,AVAILABLE,1
2026-09-18T03:49:10,2026-09-18T03:40,20903,調布南口店,残3席,1,AVAILABLE,3
2026-09-18T03:49:10,2026-09-18T03:40,20895,登戸駅前店,満席,4,FULL,0
2026-09-18T03:49:10,2026-09-18T03:40,20391,百合ヶ丘店,満席,4,FULL,0
2026-09-18T03:49:10,2026-09-18T03:40,20332,横浜北山田店,残3席,1,AVAILABLE,3
2026-09-18T03:57:36,2026-09-18T03:50,20903,調布南口店,残3席,1,AVAILABLE,3
2026-09-18T03:57:36,2026-09-18T03:50,20895,登戸駅前店,満席,4,FULL,0
2026-09-18T03:57:36,2026-09-18T03:50,20391,百合ヶ丘店,満席,4,FULL,0
2026-09-18T03:57:36,2026-09-18T03:50,20332,横浜北山田店,残3席,1,AVAILABLE,3
2026-09-18T04:05:14,2026-09-18T04:00,20903,調布南口店,残3席,1,AVAILABLE,3
2026-09-18T04:05:14,2026-09-18T04:00,20895,登戸駅前店,満席,4,FULL,0
2026-09-18T04:05:14,2026-09-18T04:00,20391,百合ヶ丘店,満席,4,FULL,0
2026-09-18T04:05:14,2026-09-18T04:00,20332,横浜北山田店,残4席,1,AVAILABLE,4
2026-09-18T04:17:16,2026-09-18T04:10,20903,調布南口店,残3席,1,AVAILABLE,3
2026-09-18T04:17:16,2026-09-18T04:10,20895,登戸駅前店,満席,4,FULL,0
2026-09-18T04:17:16,2026-09-18T04:10,20391,百合ヶ丘店,満席,4,FULL,0
2026-09-18T04:17:16,2026-09-18T04:10,20332,横浜北山田店,残4席,1,AVAILABLE,4
2026-09-18T04:26:36,2026-09-18T04:20,20903,調布南口店,残3席,1,AVAILABLE,3
2026-09-18T04:26:36,2026-09-18T04:20,20895,登戸駅前店,満席,4,FULL,0
2026-09-18T04:26:36,2026-09-18T04:20,20391,百合ヶ丘店,満席,4,FULL,0
2026-09-18T04:26:36,2026-09-18T04:20,20332,横浜北山田店,残4席,1,AVAILABLE,4
2026-09-18T04:34:42,2026-09-18T04:30,20903,調布南口店,残3席,1,AVAILABLE,3
2026-09-18T04:34:42,2026-09-18T04:30,20895,登戸駅前店,満席,4,FULL,0
2026-09-18T04:34:42,2026-09-18T04:30,20391,百合ヶ丘店,満席,4,FULL,0
2026-09-18T04:34:42,2026-09-18T04:30,20332,横浜北山田店,残4席,1,AVAILABLE,4
2026-09-18T04:43:14,2026-09-18T04:40,20903,調布南口店,残3席,1,AVAILABLE,3
2026-09-18T04:43:14,2026-09-18T04:40,20895,登戸駅前店,満席,4,FULL,0
2026-09-18T04:43:14,2026-09-18T04:40,20391,百合ヶ丘店,満席,4,FULL,0
2026-09-18T04:43:14,2026-09-18T04:40,20332,横浜北山田店,残3席,1,AVAILABLE,3
2026-09-18T04:51:13,2026-09-18T04:40,20903,調布南口店,残3席,1,AVAILABLE,3
2026-09-18T04:51:13,2026-09-18T04:40,20895,登戸駅前店,満席,4,FULL,0
2026-09-18T04:51:13,2026-09-18T04:40,20391,百合ヶ丘店,満席,4,FULL,0
2026-09-18T04:51:13,2026-09-18T04:40,20332,横浜北山田店,残3席,1,AVAILABLE,3
2026-09-18T05:00:45,2026-09-18T04:50,20903,調布南口店,残3席,1,AVAILABLE,3
2026-09-18T05:00:45,2026-09-18T04:50,20895,登戸駅前店,満席,4,FULL,0
2026-09-18T05:00:45,2026-09-18T04:50,20391,百合ヶ丘店,満席,4,FULL,0
2026-09-18T05:00:45,2026-09-18T04:50,20332,横浜北山田店,残3席,1,AVAILABLE,3
2026-09-18T05:19:43,2026-09-18T05:10,20903,調布南口店,残3席,1,AVAILABLE,3
2026-09-18T05:19:43,2026-09-18T05:10,20895,登戸駅前店,満席,4,FULL,0
2026-09-18T05:19:43,2026-09-18T05:10,20391,百合ヶ丘店,満席,4,FULL,0
2026-09-18T05:19:43,2026-09-18T05:10,20332,横浜北山田店,残3席,1,AVAILABLE,3
2026-09-18T05:30:43,2026-09-18T05:20,20903,調布南口店,残3席,1,AVAILABLE,3
2026-09-18T05:30:43,2026-09-18T05:20,20895,登戸駅前店,満席,4,FULL,0
2026-09-18T05:30:43,2026-09-18T05:20,20391,百合ヶ丘店,満席,4,FULL,0
2026-09-18T05:30:43,2026-09-18T05:20,20332,横浜北山田店,残3席,1,AVAILABLE,3
2026-09-18T05:43:42,2026-09-18T05:40,20903,調布南口店,残3席,1,AVAILABLE,3
2026-09-18T05:43:42,2026-09-18T05:40,20895,登戸駅前店,残1席,1,AVAILABLE,1
2026-09-18T05:43:42,2026-09-18T05:40,20391,百合ヶ丘店,満席,4,FULL,0
2026-09-18T05:43:42,2026-09-18T05:40,20332,横浜北山田店,残7席,1,AVAILABLE,7
2026-09-18T05:50:58,2026-09-18T05:40,20903,調布南口店,残3席,1,AVAILABLE,3
2026-09-18T05:50:58,2026-09-18T05:40,20895,登戸駅前店,残1席,1,AVAILABLE,1
2026-09-18T05:50:58,2026-09-18T05:40,20391,百合ヶ丘店,満席,4,FULL,0
2026-09-18T05:50:58,2026-09-18T05:40,20332,横浜北山田店,残7席,1,AVAILABLE,7
2026-09-18T06:00:58,2026-09-18T05:50,20903,調布南口店,残3席,1,AVAILABLE,3
2026-09-18T06:00:58,2026-09-18T05:50,20895,登戸駅前店,残1席,1,AVAILABLE,1
2026-09-18T06:00:58,2026-09-18T05:50,20391,百合ヶ丘店,満席,4,FULL,0
2026-09-18T06:00:58,2026-09-18T05:50,20332,横浜北山田店,残7席,1,AVAILABLE,7
2026-09-18T06:18:25,2026-09-18T06:10,20903,調布南口店,残3席,1,AVAILABLE,3
2026-09-18T06:18:25,2026-09-18T06:10,20895,登戸駅前店,残1席,1,AVAILABLE,1
2026-09-18T06:18:25,2026-09-18T06:10,20391,百合ヶ丘店,満席,4,FULL,0
2026-09-18T06:18:25,2026-09-18T06:10,20332,横浜北山田店,残7席,1,AVAILABLE,7
2026-09-18T06:28:01,2026-09-18T06:20,20903,調布南口店,残3席,1,AVAILABLE,3
2026-09-18T06:28:01,2026-09-18T06:20,20895,登戸駅前店,残1席,1,AVAILABLE,1
2026-09-18T06:28:01,2026-09-18T06:20,20391,百合ヶ丘店,満席,4,FULL,0
2026-09-18T06:28:01,2026-09-18T06:20,20332,横浜北山田店,残10席以上,1,AVAILABLE,10
2026-09-18T06:36:03,2026-09-18T06:30,20903,調布南口店,残3席,1,AVAILABLE,3
2026-09-18T06:36:03,2026-09-18T06:30,20895,登戸駅前店,残3席,1,AVAILABLE,3
2026-09-18T06:36:03,2026-09-18T06:30,20391,百合ヶ丘店,満席,4,FULL,0
2026-09-18T06:36:03,2026-09-18T06:30,20332,横浜北山田店,残10席以上,1,AVAILABLE,10
2026-09-18T06:42:45,2026-09-18T06:40,20903,調布南口店,残3席,1,AVAILABLE,3
2026-09-18T06:42:45,2026-09-18T06:40,20895,登戸駅前店,残2席,1,AVAILABLE,2
2026-09-18T06:42:45,2026-09-18T06:40,20391,百合ヶ丘店,満席,4,FULL,0
2026-09-18T06:42:45,2026-09-18T06:40,20332,横浜北山田店,残10席以上,1,AVAILABLE,10
2026-09-18T06:50:57,2026-09-18T06:40,20903,調布南口店,残3席,1,AVAILABLE,3
2026-09-18T06:50:57,2026-09-18T06:40,20895,登戸駅前店,残2席,1,AVAILABLE,2
2026-09-18T06:50:57,2026-09-18T06:40,20391,百合ヶ丘店,満席,4,FULL,0
2026-09-18T06:50:57,2026-09-18T06:40,20332,横浜北山田店,残10席以上,1,AVAILABLE,10
2026-09-18T07:01:04,2026-09-18T06:50,20903,調布南口店,残4席,1,AVAILABLE,4
2026-09-18T07:01:04,2026-09-18T06:50,20895,登戸駅前店,残2席,1,AVAILABLE,2
2026-09-18T07:01:04,2026-09-18T06:50,20391,百合ヶ丘店,満席,4,FULL,0
2026-09-18T07:01:04,2026-09-18T06:50,20332,横浜北山田店,残10席以上,1,AVAILABLE,10
2026-09-18T07:17:34,2026-09-18T07:10,20903,調布南口店,残4席,1,AVAILABLE,4
2026-09-18T07:17:34,2026-09-18T07:10,20895,登戸駅前店,残2席,1,AVAILABLE,2
2026-09-18T07:17:34,2026-09-18T07:10,20391,百合ヶ丘店,満席,4,FULL,0
2026-09-18T07:17:34,2026-09-18T07:10,20332,横浜北山田店,残9席,1,AVAILABLE,9
2026-09-18T07:26:05,2026-09-18T07:20,20903,調布南口店,残4席,1,AVAILABLE,4
2026-09-18T07:26:05,2026-09-18T07:20,20895,登戸駅前店,残2席,1,AVAILABLE,2
2026-09-18T07:26:05,2026-09-18T07:20,20391,百合ヶ丘店,満席,4,FULL,0
2026-09-18T07:26:05,2026-09-18T07:20,20332,横浜北山田店,残9席,1,AVAILABLE,9
2026-09-18T07:32:36,2026-09-18T07:30,20903,調布南口店,残4席,1,AVAILABLE,4
2026-09-18T07:32:36,2026-09-18T07:30,20895,登戸駅前店,残1席,1,AVAILABLE,1
2026-09-18T07:32:36,2026-09-18T07:30,20391,百合ヶ丘店,残1席,1,AVAILABLE,1
2026-09-18T07:32:36,2026-09-18T07:30,20332,横浜北山田店,残10席以上,1,AVAILABLE,10
2026-09-18T07:41:37,2026-09-18T07:30,20903,調布南口店,残4席,1,AVAILABLE,4
2026-09-18T07:41:37,2026-09-18T07:30,20895,登戸駅前店,残1席,1,AVAILABLE,1
2026-09-18T07:41:37,2026-09-18T07:30,20391,百合ヶ丘店,残1席,1,AVAILABLE,1
2026-09-18T07:41:37,2026-09-18T07:30,20332,横浜北山田店,残10席以上,1,AVAILABLE,10
2026-09-18T07:50:28,2026-09-18T07:40,20903,調布南口店,残4席,1,AVAILABLE,4
2026-09-18T07:50:28,2026-09-18T07:40,20895,登戸駅前店,残1席,1,AVAILABLE,1
2026-09-18T07:50:28,2026-09-18T07:40,20391,百合ヶ丘店,残1席,1,AVAILABLE,1
2026-09-18T07:50:28,2026-09-18T07:40,20332,横浜北山田店,残10席以上,1,AVAILABLE,10
2026-09-18T08:00:52,2026-09-18T07:50,20903,調布南口店,残4席,1,AVAILABLE,4
2026-09-18T08:00:52,2026-09-18T07:50,20895,登戸駅前店,残1席,1,AVAILABLE,1
2026-09-18T08:00:52,2026-09-18T07:50,20391,百合ヶ丘店,残1席,1,AVAILABLE,1
2026-09-18T08:00:52,2026-09-18T07:50,20332,横浜北山田店,残10席以上,1,AVAILABLE,10
2026-09-18T08:15:23,2026-09-18T08:10,20903,調布南口店,残4席,1,AVAILABLE,4
2026-09-18T08:15:23,2026-09-18T08:10,20895,登戸駅前店,満席,4,FULL,0
2026-09-18T08:15:23,2026-09-18T08:10,20391,百合ヶ丘店,残3席,1,AVAILABLE,3
2026-09-18T08:15:23,2026-09-18T08:10,20332,横浜北山田店,残10席以上,1,AVAILABLE,10
2026-09-18T08:22:32,2026-09-18T08:20,20903,調布南口店,残4席,1,AVAILABLE,4
2026-09-18T08:22:32,2026-09-18T08:20,20895,登戸駅前店,残1席,1,AVAILABLE,1
2026-09-18T08:22:32,2026-09-18T08:20,20391,百合ヶ丘店,残3席,1,AVAILABLE,3
2026-09-18T08:22:32,2026-09-18T08:20,20332,横浜北山田店,残10席以上,1,AVAILABLE,10
2026-09-18T08:30:46,2026-09-18T08:20,20903,調布南口店,残4席,1,AVAILABLE,4
2026-09-18T08:30:46,2026-09-18T08:20,20895,登戸駅前店,残1席,1,AVAILABLE,1
2026-09-18T08:30:46,2026-09-18T08:20,20391,百合ヶ丘店,残3席,1,AVAILABLE,3
2026-09-18T08:30:46,2026-09-18T08:20,20332,横浜北山田店,残10席以上,1,AVAILABLE,10
2026-09-18T08:41:11,2026-09-18T08:30,20903,調布南口店,残4席,1,AVAILABLE,4
2026-09-18T08:41:11,2026-09-18T08:30,20895,登戸駅前店,残1席,1,AVAILABLE,1
2026-09-18T08:41:11,2026-09-18T08:30,20391,百合ヶ丘店,残3席,1,AVAILABLE,3
2026-09-18T08:41:11,2026-09-18T08:30,20332,横浜北山田店,残10席以上,1,AVAILABLE,10
2026-09-18T08:51:07,2026-09-18T08:40,20903,調布南口店,残4席,1,AVAILABLE,4
2026-09-18T08:51:07,2026-09-18T08:40,20895,登戸駅前店,残1席,1,AVAILABLE,1
2026-09-18T08:51:07,2026-09-18T08:40,20391,百合ヶ丘店,残3席,1,AVAILABLE,3
2026-09-18T08:51:07,2026-09-18T08:40,20332,横浜北山田店,残10席以上,1,AVAILABLE,10
2026-09-18T09:01:08,2026-09-18T08:50,20903,調布南口店,残4席,1,AVAILABLE,4
2026-09-18T09:01:08,2026-09-18T08:50,20895,登戸駅前店,残1席,1,AVAILABLE,1
2026-09-18T09:01:08,2026-09-18T08:50,20391,百合ヶ丘店,残3席,1,AVAILABLE,3
2026-09-18T09:01:08,2026-09-18T08:50,20332,横浜北山田店,残10席以上,1,AVAILABLE,10
2026-09-18T09:25:08,2026-09-18T09:20,20903,調布南口店,残4席,1,AVAILABLE,4
2026-09-18T09:25:08,2026-09-18T09:20,20895,登戸駅前店,残2席,1,AVAILABLE,2
2026-09-18T09:25:08,2026-09-18T09:20,20391,百合ヶ丘店,残3席,1,AVAILABLE,3
2026-09-18T09:25:08,2026-09-18T09:20,20332,横浜北山田店,残10席以上,1,AVAILABLE,10
2026-09-18T09:38:52,2026-09-18T09:30,20903,調布南口店,残4席,1,AVAILABLE,4
2026-09-18T09:38:52,2026-09-18T09:30,20895,登戸駅前店,残2席,1,AVAILABLE,2
2026-09-18T09:38:52,2026-09-18T09:30,20391,百合ヶ丘店,残3席,1,AVAILABLE,3
2026-09-18T09:38:52,2026-09-18T09:30,20332,横浜北山田店,残10席以上,1,AVAILABLE,10
2026-09-18T09:50:17,2026-09-18T09:40,20903,調布南口店,残4席,1,AVAILABLE,4
2026-09-18T09:50:17,2026-09-18T09:40,20895,登戸駅前店,残2席,1,AVAILABLE,2
2026-09-18T09:50:17,2026-09-18T09:40,20391,百合ヶ丘店,残2席,1,AVAILABLE,2
2026-09-18T09:50:17,2026-09-18T09:40,20332,横浜北山田店,残10席以上,1,AVAILABLE,10
2026-09-18T10:01:07,2026-09-18T09:50,20903,調布南口店,残4席,1,AVAILABLE,4
2026-09-18T10:01:07,2026-09-18T09:50,20895,登戸駅前店,残2席,1,AVAILABLE,2
2026-09-18T10:01:07,2026-09-18T09:50,20391,百合ヶ丘店,残1席,1,AVAILABLE,1
2026-09-18T10:01:07,2026-09-18T09:50,20332,横浜北山田店,残10席以上,1,AVAILABLE,10
2026-09-18T10:17:47,2026-09-18T10:10,20903,調布南口店,残4席,1,AVAILABLE,4
2026-09-18T10:17:47,2026-09-18T10:10,20895,登戸駅前店,残3席,1,AVAILABLE,3
2026-09-18T10:17:47,2026-09-18T10:10,20391,百合ヶ丘店,残2席,1,AVAILABLE,2
2026-09-18T10:17:47,2026-09-18T10:10,20332,横浜北山田店,残10席以上,1,AVAILABLE,10
2026-09-18T10:27:00,2026-09-18T10:20,20903,調布南口店,残4席,1,AVAILABLE,4
2026-09-18T10:27:00,2026-09-18T10:20,20895,登戸駅前店,残3席,1,AVAILABLE,3
2026-09-18T10:27:00,2026-09-18T10:20,20391,百合ヶ丘店,残2席,1,AVAILABLE,2
2026-09-18T10:27:00,2026-09-18T10:20,20332,横浜北山田店,残10席以上,1,AVAILABLE,10
2026-09-18T10:34:36,2026-09-18T10:30,20903,調布南口店,残4席,1,AVAILABLE,4
2026-09-18T10:34:36,2026-09-18T10:30,20895,登戸駅前店,残3席,1,AVAILABLE,3
2026-09-18T10:34:36,2026-09-18T10:30,20391,百合ヶ丘店,残2席,1,AVAILABLE,2
2026-09-18T10:34:36,2026-09-18T10:30,20332,横浜北山田店,残10席以上,1,AVAILABLE,10
2026-09-18T10:43:50,2026-09-18T10:40,20903,調布南口店,残4席,1,AVAILABLE,4
2026-09-18T10:43:50,2026-09-18T10:40,20895,登戸駅前店,残3席,1,AVAILABLE,3
2026-09-18T10:43:50,2026-09-18T10:40,20391,百合ヶ丘店,残2席,1,AVAILABLE,2
2026-09-18T10:43:50,2026-09-18T10:40,20332,横浜北山田店,残10席以上,1,AVAILABLE,10
2026-09-18T10:52:07,2026-09-18T10:50,20903,調布南口店,残4席,1,AVAILABLE,4
2026-09-18T10:52:07,2026-09-18T10:50,20895,登戸駅前店,残3席,1,AVAILABLE,3
2026-09-18T10:52:07,2026-09-18T10:50,20391,百合ヶ丘店,残2席,1,AVAILABLE,2
2026-09-18T10:52:07,2026-09-18T10:50,20332,横浜北山田店,残10席以上,1,AVAILABLE,10
2026-09-18T11:00:51,2026-09-18T10:50,20903,調布南口店,残4席,1,AVAILABLE,4
2026-09-18T11:00:51,2026-09-18T10:50,20895,登戸駅前店,残2席,1,AVAILABLE,2
2026-09-18T11:00:51,2026-09-18T10:50,20391,百合ヶ丘店,残1席,1,AVAILABLE,1
2026-09-18T11:00:51,2026-09-18T10:50,20332,横浜北山田店,残10席以上,1,AVAILABLE,10
2026-09-18T11:18:30,2026-09-18T11:10,20903,調布南口店,残4席,1,AVAILABLE,4
2026-09-18T11:18:30,2026-09-18T11:10,20895,登戸駅前店,残2席,1,AVAILABLE,2
2026-09-18T11:18:30,2026-09-18T11:10,20391,百合ヶ丘店,残1席,1,AVAILABLE,1
2026-09-18T11:18:30,2026-09-18T11:10,20332,横浜北山田店,残10席以上,1,AVAILABLE,10
2026-09-18T11:30:51,2026-09-18T11:20,20903,調布南口店,残4席,1,AVAILABLE,4
2026-09-18T11:30:51,2026-09-18T11:20,20895,登戸駅前店,残2席,1,AVAILABLE,2
2026-09-18T11:30:51,2026-09-18T11:20,20391,百合ヶ丘店,残1席,1,AVAILABLE,1
2026-09-18T11:30:51,2026-09-18T11:20,20332,横浜北山田店,残10席以上,1,AVAILABLE,10
2026-09-18T11:44:49,2026-09-18T11:40,20903,調布南口店,残3席,1,AVAILABLE,3
2026-09-18T11:44:49,2026-09-18T11:40,20895,登戸駅前店,残2席,1,AVAILABLE,2
2026-09-18T11:44:49,2026-09-18T11:40,20391,百合ヶ丘店,残1席,1,AVAILABLE,1
2026-09-18T11:44:49,2026-09-18T11:40,20332,横浜北山田店,残10席以上,1,AVAILABLE,10
2026-09-18T11:52:47,2026-09-18T11:50,20903,調布南口店,残3席,1,AVAILABLE,3
2026-09-18T11:52:47,2026-09-18T11:50,20895,登戸駅前店,残2席,1,AVAILABLE,2
2026-09-18T11:52:47,2026-09-18T11:50,20391,百合ヶ丘店,残2席,1,AVAILABLE,2
2026-09-18T11:52:47,2026-09-18T11:50,20332,横浜北山田店,残10席以上,1,AVAILABLE,10
2026-09-18T12:01:00,2026-09-18T11:50,20903,調布南口店,残3席,1,AVAILABLE,3
2026-09-18T12:01:00,2026-09-18T11:50,20895,登戸駅前店,残2席,1,AVAILABLE,2
2026-09-18T12:01:00,2026-09-18T11:50,20391,百合ヶ丘店,残2席,1,AVAILABLE,2
2026-09-18T12:01:00,2026-09-18T11:50,20332,横浜北山田店,残10席以上,1,AVAILABLE,10
2026-09-18T12:18:39,2026-09-18T12:10,20903,調布南口店,残3席,1,AVAILABLE,3
2026-09-18T12:18:39,2026-09-18T12:10,20895,登戸駅前店,残2席,1,AVAILABLE,2
2026-09-18T12:18:39,2026-09-18T12:10,20391,百合ヶ丘店,残2席,1,AVAILABLE,2
2026-09-18T12:18:39,2026-09-18T12:10,20332,横浜北山田店,残9席,1,AVAILABLE,9
2026-09-18T12:29:24,2026-09-18T12:20,20903,調布南口店,残1席,1,AVAILABLE,1
2026-09-18T12:29:24,2026-09-18T12:20,20895,登戸駅前店,残1席,1,AVAILABLE,1
2026-09-18T12:29:24,2026-09-18T12:20,20391,百合ヶ丘店,残1席,1,AVAILABLE,1
2026-09-18T12:29:24,2026-09-18T12:20,20332,横浜北山田店,残9席,1,AVAILABLE,9
2026-09-18T12:39:46,2026-09-18T12:30,20903,調布南口店,残1席,1,AVAILABLE,1
2026-09-18T12:39:46,2026-09-18T12:30,20895,登戸駅前店,満席,4,FULL,0
2026-09-18T12:39:46,2026-09-18T12:30,20391,百合ヶ丘店,残1席,1,AVAILABLE,1
2026-09-18T12:39:46,2026-09-18T12:30,20332,横浜北山田店,残8席,1,AVAILABLE,8
2026-09-18T12:48:01,2026-09-18T12:40,20903,調布南口店,残1席,1,AVAILABLE,1
2026-09-18T12:48:01,2026-09-18T12:40,20895,登戸駅前店,満席,4,FULL,0
2026-09-18T12:48:01,2026-09-18T12:40,20391,百合ヶ丘店,残1席,1,AVAILABLE,1
2026-09-18T12:48:01,2026-09-18T12:40,20332,横浜北山田店,残8席,1,AVAILABLE,8
2026-09-18T12:54:52,2026-09-18T12:50,20903,調布南口店,残1席,1,AVAILABLE,1
2026-09-18T12:54:52,2026-09-18T12:50,20895,登戸駅前店,満席,4,FULL,0
2026-09-18T12:54:52,2026-09-18T12:50,20391,百合ヶ丘店,満席,4,FULL,0
2026-09-18T12:54:52,2026-09-18T12:50,20332,横浜北山田店,残8席,1,AVAILABLE,8
2026-09-18T13:01:00,2026-09-18T12:50,20903,調布南口店,残1席,1,AVAILABLE,1
2026-09-18T13:01:00,2026-09-18T12:50,20895,登戸駅前店,満席,4,FULL,0
2026-09-18T13:01:00,2026-09-18T12:50,20391,百合ヶ丘店,満席,4,FULL,0
2026-09-18T13:01:00,2026-09-18T12:50,20332,横浜北山田店,残8席,1,AVAILABLE,8
2026-09-18T13:19:02,2026-09-18T13:10,20903,調布南口店,満席,4,FULL,0
2026-09-18T13:19:02,2026-09-18T13:10,20895,登戸駅前店,満席,4,FULL,0
2026-09-18T13:19:02,2026-09-18T13:10,20391,百合ヶ丘店,満席,4,FULL,0
2026-09-18T13:19:02,2026-09-18T13:10,20332,横浜北山田店,残7席,1,AVAILABLE,7
2026-09-18T13:30:04,2026-09-18T13:20,20903,調布南口店,残1席,1,AVAILABLE,1
2026-09-18T13:30:04,2026-09-18T13:20,20895,登戸駅前店,満席,4,FULL,0
2026-09-18T13:30:04,2026-09-18T13:20,20391,百合ヶ丘店,満席,4,FULL,0
2026-09-18T13:30:04,2026-09-18T13:20,20332,横浜北山田店,残6席,1,AVAILABLE,6
2026-09-18T13:40:15,2026-09-18T13:30,20903,調布南口店,満席,4,FULL,0
2026-09-18T13:40:15,2026-09-18T13:30,20895,登戸駅前店,満席,4,FULL,0
2026-09-18T13:40:15,2026-09-18T13:30,20391,百合ヶ丘店,満席,4,FULL,0
2026-09-18T13:40:15,2026-09-18T13:30,20332,横浜北山田店,残6席,1,AVAILABLE,6
2026-09-18T13:52:27,2026-09-18T13:50,20903,調布南口店,満席,4,FULL,0
2026-09-18T13:52:27,2026-09-18T13:50,20895,登戸駅前店,満席,4,FULL,0
2026-09-18T13:52:27,2026-09-18T13:50,20391,百合ヶ丘店,残1席,1,AVAILABLE,1
2026-09-18T13:52:27,2026-09-18T13:50,20332,横浜北山田店,残4席,1,AVAILABLE,4
2026-09-18T14:00:48,2026-09-18T13:50,20903,調布南口店,満席,4,FULL,0
2026-09-18T14:00:48,2026-09-18T13:50,20895,登戸駅前店,満席,4,FULL,0
2026-09-18T14:00:48,2026-09-18T13:50,20391,百合ヶ丘店,残1席,1,AVAILABLE,1
2026-09-18T14:00:48,2026-09-18T13:50,20332,横浜北山田店,残4席,1,AVAILABLE,4
2026-09-18T14:17:19,2026-09-18T14:10,20903,調布南口店,満席,4,FULL,0
2026-09-18T14:17:19,2026-09-18T14:10,20895,登戸駅前店,満席,4,FULL,0
2026-09-18T14:17:19,2026-09-18T14:10,20391,百合ヶ丘店,残3席,1,AVAILABLE,3
2026-09-18T14:17:19,2026-09-18T14:10,20332,横浜北山田店,残2席,1,AVAILABLE,2
2026-09-18T14:27:29,2026-09-18T14:20,20903,調布南口店,残1席,1,AVAILABLE,1
2026-09-18T14:27:29,2026-09-18T14:20,20895,登戸駅前店,満席,4,FULL,0
2026-09-18T14:27:29,2026-09-18T14:20,20391,百合ヶ丘店,残2席,1,AVAILABLE,2
2026-09-18T14:27:29,2026-09-18T14:20,20332,横浜北山田店,残2席,1,AVAILABLE,2
2026-09-18T14:35:39,2026-09-18T14:30,20903,調布南口店,残1席,1,AVAILABLE,1
2026-09-18T14:35:39,2026-09-18T14:30,20895,登戸駅前店,満席,4,FULL,0
2026-09-18T14:35:39,2026-09-18T14:30,20391,百合ヶ丘店,残2席,1,AVAILABLE,2
2026-09-18T14:35:39,2026-09-18T14:30,20332,横浜北山田店,満席,4,FULL,0
2026-09-18T14:44:28,2026-09-18T14:40,20903,調布南口店,満席,4,FULL,0
2026-09-18T14:44:28,2026-09-18T14:40,20895,登戸駅前店,満席,4,FULL,0
2026-09-18T14:44:28,2026-09-18T14:40,20391,百合ヶ丘店,残2席,1,AVAILABLE,2
2026-09-18T14:44:28,2026-09-18T14:40,20332,横浜北山田店,満席,4,FULL,0
2026-09-18T14:51:49,2026-09-18T14:40,20903,調布南口店,満席,4,FULL,0
2026-09-18T14:51:49,2026-09-18T14:40,20895,登戸駅前店,満席,4,FULL,0
2026-09-18T14:51:49,2026-09-18T14:40,20391,百合ヶ丘店,残2席,1,AVAILABLE,2
2026-09-18T14:51:49,2026-09-18T14:40,20332,横浜北山田店,満席,4,FULL,0
2026-09-18T15:00:45,2026-09-18T14:50,20903,調布南口店,満席,4,FULL,0
2026-09-18T15:00:45,2026-09-18T14:50,20895,登戸駅前店,満席,4,FULL,0
2026-09-18T15:00:45,2026-09-18T14:50,20391,百合ヶ丘店,残2席,1,AVAILABLE,2
2026-09-18T15:00:45,2026-09-18T14:50,20332,横浜北山田店,残2席,1,AVAILABLE,2
2026-09-18T15:23:52,2026-09-18T15:20,20903,調布南口店,満席,4,FULL,0
2026-09-18T15:23:52,2026-09-18T15:20,20895,登戸駅前店,満席,4,FULL,0
2026-09-18T15:23:52,2026-09-18T15:20,20391,百合ヶ丘店,満席,4,FULL,0
2026-09-18T15:23:52,2026-09-18T15:20,20332,横浜北山田店,残2席,1,AVAILABLE,2
2026-09-18T15:38:32,2026-09-18T15:30,20903,調布南口店,満席,4,FULL,0
2026-09-18T15:38:32,2026-09-18T15:30,20895,登戸駅前店,満席,4,FULL,0
2026-09-18T15:38:32,2026-09-18T15:30,20391,百合ヶ丘店,満席,4,FULL,0
2026-09-18T15:38:32,2026-09-18T15:30,20332,横浜北山田店,残1席,1,AVAILABLE,1
2026-09-18T15:50:50,2026-09-18T15:40,20903,調布南口店,満席,4,FULL,0
2026-09-18T15:50:50,2026-09-18T15:40,20895,登戸駅前店,満席,4,FULL,0
2026-09-18T15:50:50,2026-09-18T15:40,20391,百合ヶ丘店,満席,4,FULL,0
2026-09-18T15:50:50,2026-09-18T15:40,20332,横浜北山田店,残1席,1,AVAILABLE,1
2026-09-18T16:01:11,2026-09-18T15:50,20903,調布南口店,残1席,1,AVAILABLE,1
2026-09-18T16:01:11,2026-09-18T15:50,20895,登戸駅前店,残1席,1,AVAILABLE,1
2026-09-18T16:01:11,2026-09-18T15:50,20391,百合ヶ丘店,満席,4,FULL,0
2026-09-18T16:01:11,2026-09-18T15:50,20332,横浜北山田店,残1席,1,AVAILABLE,1
2026-09-18T16:19:19,2026-09-18T16:10,20903,調布南口店,満席,4,FULL,0
2026-09-18T16:19:19,2026-09-18T16:10,20895,登戸駅前店,残1席,1,AVAILABLE,1
2026-09-18T16:19:19,2026-09-18T16:10,20391,百合ヶ丘店,残1席,1,AVAILABLE,1
2026-09-18T16:19:19,2026-09-18T16:10,20332,横浜北山田店,残1席,1,AVAILABLE,1
2026-09-18T16:29:56,2026-09-18T16:20,20903,調布南口店,満席,4,FULL,0
2026-09-18T16:29:56,2026-09-18T16:20,20895,登戸駅前店,残1席,1,AVAILABLE,1
2026-09-18T16:29:56,2026-09-18T16:20,20391,百合ヶ丘店,満席,4,FULL,0
2026-09-18T16:29:56,2026-09-18T16:20,20332,横浜北山田店,残3席,1,AVAILABLE,3
2026-09-18T16:39:45,2026-09-18T16:30,20903,調布南口店,満席,4,FULL,0
2026-09-18T16:39:45,2026-09-18T16:30,20895,登戸駅前店,満席,4,FULL,0
2026-09-18T16:39:45,2026-09-18T16:30,20391,百合ヶ丘店,満席,4,FULL,0
2026-09-18T16:39:45,2026-09-18T16:30,20332,横浜北山田店,残3席,1,AVAILABLE,3
2026-09-18T16:47:43,2026-09-18T16:40,20903,調布南口店,満席,4,FULL,0
2026-09-18T16:47:43,2026-09-18T16:40,20895,登戸駅前店,満席,4,FULL,0
2026-09-18T16:47:43,2026-09-18T16:40,20391,百合ヶ丘店,満席,4,FULL,0
2026-09-18T16:47:43,2026-09-18T16:40,20332,横浜北山田店,残3席,1,AVAILABLE,3
2026-09-18T16:54:12,2026-09-18T16:50,20903,調布南口店,満席,4,FULL,0
2026-09-18T16:54:12,2026-09-18T16:50,20895,登戸駅前店,満席,4,FULL,0
2026-09-18T16:54:12,2026-09-18T16:50,20391,百合ヶ丘店,満席,4,FULL,0
2026-09-18T16:54:12,2026-09-18T16:50,20332,横浜北山田店,残3席,1,AVAILABLE,3
2026-09-18T17:00:58,2026-09-18T16:50,20903,調布南口店,満席,4,FULL,0
2026-09-18T17:00:58,2026-09-18T16:50,20895,登戸駅前店,満席,4,FULL,0
2026-09-18T17:00:58,2026-09-18T16:50,20391,百合ヶ丘店,満席,4,FULL,0
2026-09-18T17:00:58,2026-09-18T16:50,20332,横浜北山田店,残3席,1,AVAILABLE,3
2026-09-18T17:19:59,2026-09-18T17:10,20903,調布南口店,満席,4,FULL,0
2026-09-18T17:19:59,2026-09-18T17:10,20895,登戸駅前店,満席,4,FULL,0
2026-09-18T17:19:59,2026-09-18T17:10,20391,百合ヶ丘店,満席,4,FULL,0
2026-09-18T17:19:59,2026-09-18T17:10,20332,横浜北山田店,残3席,1,AVAILABLE,3
2026-09-18T17:32:01,2026-09-18T17:30,20903,調布南口店,満席,4,FULL,0
2026-09-18T17:32:01,2026-09-18T17:30,20895,登戸駅前店,満席,4,FULL,0
2026-09-18T17:32:01,2026-09-18T17:30,20391,百合ヶ丘店,満席,4,FULL,0
2026-09-18T17:32:01,2026-09-18T17:30,20332,横浜北山田店,残3席,1,AVAILABLE,3
2026-09-18T17:45:39,2026-09-18T17:40,20903,調布南口店,満席,4,FULL,0
2026-09-18T17:45:39,2026-09-18T17:40,20895,登戸駅前店,満席,4,FULL,0
2026-09-18T17:45:39,2026-09-18T17:40,20391,百合ヶ丘店,満席,4,FULL,0
2026-09-18T17:45:39,2026-09-18T17:40,20332,横浜北山田店,残3席,1,AVAILABLE,3
2026-09-18T17:53:36,2026-09-18T17:50,20903,調布南口店,満席,4,FULL,0
2026-09-18T17:53:36,2026-09-18T17:50,20895,登戸駅前店,満席,4,FULL,0
2026-09-18T17:53:36,2026-09-18T17:50,20391,百合ヶ丘店,満席,4,FULL,0
2026-09-18T17:53:36,2026-09-18T17:50,20332,横浜北山田店,満席,4,FULL,0
2026-09-18T18:00:45,2026-09-18T17:50,20903,調布南口店,満席,4,FULL,0
2026-09-18T18:00:45,2026-09-18T17:50,20895,登戸駅前店,満席,4,FULL,0
2026-09-18T18:00:45,2026-09-18T17:50,20391,百合ヶ丘店,満席,4,FULL,0
2026-09-18T18:00:45,2026-09-18T17:50,20332,横浜北山田店,満席,4,FULL,0
2026-09-18T18:18:50,2026-09-18T18:10,20903,調布南口店,満席,4,FULL,0
2026-09-18T18:18:50,2026-09-18T18:10,20895,登戸駅前店,満席,4,FULL,0
2026-09-18T18:18:50,2026-09-18T18:10,20391,百合ヶ丘店,満席,4,FULL,0
2026-09-18T18:18:50,2026-09-18T18:10,20332,横浜北山田店,満席,4,FULL,0
2026-09-18T18:29:59,2026-09-18T18:20,20903,調布南口店,満席,4,FULL,0
2026-09-18T18:29:59,2026-09-18T18:20,20895,登戸駅前店,満席,4,FULL,0
2026-09-18T18:29:59,2026-09-18T18:20,20391,百合ヶ丘店,満席,4,FULL,0
2026-09-18T18:29:59,2026-09-18T18:20,20332,横浜北山田店,満席,4,FULL,0
2026-09-18T18:39:50,2026-09-18T18:30,20903,調布南口店,満席,4,FULL,0
2026-09-18T18:39:50,2026-09-18T18:30,20895,登戸駅前店,満席,4,FULL,0
2026-09-18T18:39:50,2026-09-18T18:30,20391,百合ヶ丘店,残1席,1,AVAILABLE,1
2026-09-18T18:39:50,2026-09-18T18:30,20332,横浜北山田店,満席,4,FULL,0
2026-09-18T18:47:41,2026-09-18T18:40,20903,調布南口店,満席,4,FULL,0
2026-09-18T18:47:41,2026-09-18T18:40,20895,登戸駅前店,満席,4,FULL,0
2026-09-18T18:47:41,2026-09-18T18:40,20391,百合ヶ丘店,残1席,1,AVAILABLE,1
2026-09-18T18:47:41,2026-09-18T18:40,20332,横浜北山田店,満席,4,FULL,0
2026-09-18T18:53:46,2026-09-18T18:50,20903,調布南口店,満席,4,FULL,0
2026-09-18T18:53:46,2026-09-18T18:50,20895,登戸駅前店,残1席,1,AVAILABLE,1
2026-09-18T18:53:46,2026-09-18T18:50,20391,百合ヶ丘店,残1席,1,AVAILABLE,1
2026-09-18T18:53:46,2026-09-18T18:50,20332,横浜北山田店,満席,4,FULL,0
2026-09-18T19:01:13,2026-09-18T18:50,20903,調布南口店,満席,4,FULL,0
2026-09-18T19:01:13,2026-09-18T18:50,20895,登戸駅前店,残1席,1,AVAILABLE,1
2026-09-18T19:01:13,2026-09-18T18:50,20391,百合ヶ丘店,残1席,1,AVAILABLE,1
2026-09-18T19:01:13,2026-09-18T18:50,20332,横浜北山田店,満席,4,FULL,0
2026-09-18T19:18:57,2026-09-18T19:10,20903,調布南口店,残1席,1,AVAILABLE,1
2026-09-18T19:18:57,2026-09-18T19:10,20895,登戸駅前店,満席,4,FULL,0
2026-09-18T19:18:57,2026-09-18T19:10,20391,百合ヶ丘店,満席,4,FULL,0
2026-09-18T19:18:57,2026-09-18T19:10,20332,横浜北山田店,満席,4,FULL,0
2026-09-18T19:29:44,2026-09-18T19:20,20903,調布南口店,満席,4,FULL,0
2026-09-18T19:29:44,2026-09-18T19:20,20895,登戸駅前店,満席,4,FULL,0
2026-09-18T19:29:44,2026-09-18T19:20,20391,百合ヶ丘店,満席,4,FULL,0
2026-09-18T19:29:44,2026-09-18T19:20,20332,横浜北山田店,満席,4,FULL,0
2026-09-18T19:39:44,2026-09-18T19:30,20903,調布南口店,満席,4,FULL,0
2026-09-18T19:39:44,2026-09-18T19:30,20895,登戸駅前店,満席,4,FULL,0
2026-09-18T19:39:44,2026-09-18T19:30,20391,百合ヶ丘店,満席,4,FULL,0
2026-09-18T19:39:44,2026-09-18T19:30,20332,横浜北山田店,満席,4,FULL,0
2026-09-18T19:47:30,2026-09-18T19:40,20903,調布南口店,満席,4,FULL,0
2026-09-18T19:47:30,2026-09-18T19:40,20895,登戸駅前店,満席,4,FULL,0
2026-09-18T19:47:30,2026-09-18T19:40,20391,百合ヶ丘店,満席,4,FULL,0
2026-09-18T19:47:30,2026-09-18T19:40,20332,横浜北山田店,残1席,1,AVAILABLE,1
2026-09-18T19:53:52,2026-09-18T19:50,20903,調布南口店,満席,4,FULL,0
2026-09-18T19:53:52,2026-09-18T19:50,20895,登戸駅前店,満席,4,FULL,0
2026-09-18T19:53:52,2026-09-18T19:50,20391,百合ヶ丘店,満席,4,FULL,0
2026-09-18T19:53:52,2026-09-18T19:50,20332,横浜北山田店,残1席,1,AVAILABLE,1
2026-09-18T20:01:16,2026-09-18T19:50,20903,調布南口店,満席,4,FULL,0
2026-09-18T20:01:16,2026-09-18T19:50,20895,登戸駅前店,満席,4,FULL,0
2026-09-18T20:01:16,2026-09-18T19:50,20391,百合ヶ丘店,満席,4,FULL,0
2026-09-18T20:01:16,2026-09-18T19:50,20332,横浜北山田店,残1席,1,AVAILABLE,1
2026-09-18T20:17:42,2026-09-18T20:10,20903,調布南口店,満席,4,FULL,0
2026-09-18T20:17:42,2026-09-18T20:10,20895,登戸駅前店,満席,4,FULL,0
2026-09-18T20:17:42,2026-09-18T20:10,20391,百合ヶ丘店,満席,4,FULL,0
2026-09-18T20:17:42,2026-09-18T20:10,20332,横浜北山田店,満席,4,FULL,0
2026-09-18T20:27:21,2026-09-18T20:20,20903,調布南口店,満席,4,FULL,0
2026-09-18T20:27:21,2026-09-18T20:20,20895,登戸駅前店,満席,4,FULL,0
2026-09-18T20:27:21,2026-09-18T20:20,20391,百合ヶ丘店,満席,4,FULL,0
2026-09-18T20:27:21,2026-09-18T20:20,20332,横浜北山田店,満席,4,FULL,0
2026-09-18T20:36:06,2026-09-18T20:30,20903,調布南口店,残1席,1,AVAILABLE,1
2026-09-18T20:36:06,2026-09-18T20:30,20895,登戸駅前店,満席,4,FULL,0
2026-09-18T20:36:06,2026-09-18T20:30,20391,百合ヶ丘店,満席,4,FULL,0
2026-09-18T20:36:06,2026-09-18T20:30,20332,横浜北山田店,満席,4,FULL,0
2026-09-18T20:44:23,2026-09-18T20:40,20903,調布南口店,残1席,1,AVAILABLE,1
2026-09-18T20:44:23,2026-09-18T20:40,20895,登戸駅前店,満席,4,FULL,0
2026-09-18T20:44:23,2026-09-18T20:40,20391,百合ヶ丘店,満席,4,FULL,0
2026-09-18T20:44:23,2026-09-18T20:40,20332,横浜北山田店,残1席,1,AVAILABLE,1
2026-09-18T20:51:27,2026-09-18T20:40,20903,調布南口店,残1席,1,AVAILABLE,1
2026-09-18T20:51:27,2026-09-18T20:40,20895,登戸駅前店,満席,4,FULL,0
2026-09-18T20:51:27,2026-09-18T20:40,20391,百合ヶ丘店,満席,4,FULL,0
2026-09-18T20:51:27,2026-09-18T20:40,20332,横浜北山田店,残1席,1,AVAILABLE,1
2026-09-18T21:00:58,2026-09-18T20:50,20903,調布南口店,残1席,1,AVAILABLE,1
2026-09-18T21:00:58,2026-09-18T20:50,20895,登戸駅前店,残1席,1,AVAILABLE,1
2026-09-18T21:00:58,2026-09-18T20:50,20391,百合ヶ丘店,満席,4,FULL,0
2026-09-18T21:00:58,2026-09-18T20:50,20332,横浜北山田店,残1席,1,AVAILABLE,1
2026-09-18T21:22:51,2026-09-18T21:20,20903,調布南口店,満席,4,FULL,0
2026-09-18T21:22:51,2026-09-18T21:20,20895,登戸駅前店,満席,4,FULL,0
2026-09-18T21:22:51,2026-09-18T21:20,20391,百合ヶ丘店,満席,4,FULL,0
2026-09-18T21:22:51,2026-09-18T21:20,20332,横浜北山田店,満席,4,FULL,0
2026-09-18T21:38:02,2026-09-18T21:30,20903,調布南口店,満席,4,FULL,0
2026-09-18T21:38:02,2026-09-18T21:30,20895,登戸駅前店,満席,4,FULL,0
2026-09-18T21:38:02,2026-09-18T21:30,20391,百合ヶ丘店,満席,4,FULL,0
2026-09-18T21:38:02,2026-09-18T21:30,20332,横浜北山田店,満席,4,FULL,0
2026-09-18T21:50:15,2026-09-18T21:40,20903,調布南口店,満席,4,FULL,0
2026-09-18T21:50:15,2026-09-18T21:40,20895,登戸駅前店,満席,4,FULL,0
2026-09-18T21:50:15,2026-09-18T21:40,20391,百合ヶ丘店,満席,4,FULL,0
2026-09-18T21:50:15,2026-09-18T21:40,20332,横浜北山田店,満席,4,FULL,0
2026-09-18T22:00:57,2026-09-18T21:50,20903,調布南口店,満席,4,FULL,0
2026-09-18T22:00:57,2026-09-18T21:50,20895,登戸駅前店,満席,4,FULL,0
2026-09-18T22:00:57,2026-09-18T21:50,20391,百合ヶ丘店,満席,4,FULL,0
2026-09-18T22:00:57,2026-09-18T21:50,20332,横浜北山田店,満席,4,FULL,0
2026-09-18T22:18:10,2026-09-18T22:10,20903,調布南口店,残3席,1,AVAILABLE,3
2026-09-18T22:18:10,2026-09-18T22:10,20895,登戸駅前店,残1席,1,AVAILABLE,1
2026-09-18T22:18:10,2026-09-18T22:10,20391,百合ヶ丘店,満席,4,FULL,0
2026-09-18T22:18:10,2026-09-18T22:10,20332,横浜北山田店,残1席,1,AVAILABLE,1
2026-09-18T22:28:27,2026-09-18T22:20,20903,調布南口店,残1席,1,AVAILABLE,1
2026-09-18T22:28:27,2026-09-18T22:20,20895,登戸駅前店,満席,4,FULL,0
2026-09-18T22:28:27,2026-09-18T22:20,20391,百合ヶ丘店,満席,4,FULL,0
2026-09-18T22:28:27,2026-09-18T22:20,20332,横浜北山田店,残1席,1,AVAILABLE,1
2026-09-18T22:38:12,2026-09-18T22:30,20903,調布南口店,満席,4,FULL,0
2026-09-18T22:38:12,2026-09-18T22:30,20895,登戸駅前店,満席,4,FULL,0
2026-09-18T22:38:12,2026-09-18T22:30,20391,百合ヶ丘店,満席,4,FULL,0
2026-09-18T22:38:12,2026-09-18T22:30,20332,横浜北山田店,満席,4,FULL,0
2026-09-18T22:47:11,2026-09-18T22:40,20903,調布南口店,満席,4,FULL,0
2026-09-18T22:47:11,2026-09-18T22:40,20895,登戸駅前店,満席,4,FULL,0
2026-09-18T22:47:11,2026-09-18T22:40,20391,百合ヶ丘店,満席,4,FULL,0
2026-09-18T22:47:11,2026-09-18T22:40,20332,横浜北山田店,満席,4,FULL,0
2026-09-18T22:54:11,2026-09-18T22:50,20903,調布南口店,満席,4,FULL,0
2026-09-18T22:54:11,2026-09-18T22:50,20895,登戸駅前店,満席,4,FULL,0
2026-09-18T22:54:11,2026-09-18T22:50,20391,百合ヶ丘店,満席,4,FULL,0
2026-09-18T22:54:11,2026-09-18T22:50,20332,横浜北山田店,満席,4,FULL,0
2026-09-18T23:00:52,2026-09-18T22:50,20903,調布南口店,満席,4,FULL,0
2026-09-18T23:00:52,2026-09-18T22:50,20895,登戸駅前店,満席,4,FULL,0
2026-09-18T23:00:52,2026-09-18T22:50,20391,百合ヶ丘店,満席,4,FULL,0
2026-09-18T23:00:52,2026-09-18T22:50,20332,横浜北山田店,満席,4,FULL,0
2026-09-18T23:18:48,2026-09-18T23:10,20903,調布南口店,満席,4,FULL,0
2026-09-18T23:18:48,2026-09-18T23:10,20895,登戸駅前店,満席,4,FULL,0
2026-09-18T23:18:48,2026-09-18T23:10,20391,百合ヶ丘店,満席,4,FULL,0
2026-09-18T23:18:48,2026-09-18T23:10,20332,横浜北山田店,満席,4,FULL,0
2026-09-18T23:29:58,2026-09-18T23:20,20903,調布南口店,残1席,1,AVAILABLE,1
2026-09-18T23:29:58,2026-09-18T23:20,20895,登戸駅前店,満席,4,FULL,0
2026-09-18T23:29:58,2026-09-18T23:20,20391,百合ヶ丘店,満席,4,FULL,0
2026-09-18T23:29:58,2026-09-18T23:20,20332,横浜北山田店,満席,4,FULL,0
2026-09-18T23:40:18,2026-09-18T23:30,20903,調布南口店,残2席,1,AVAILABLE,2
2026-09-18T23:40:18,2026-09-18T23:30,20895,登戸駅前店,満席,4,FULL,0
2026-09-18T23:40:18,2026-09-18T23:30,20391,百合ヶ丘店,満席,4,FULL,0
2026-09-18T23:40:18,2026-09-18T23:30,20332,横浜北山田店,満席,4,FULL,0
2026-09-18T23:53:33,2026-09-18T23:50,20903,調布南口店,残2席,1,AVAILABLE,2
2026-09-18T23:53:33,2026-09-18T23:50,20895,登戸駅前店,満席,4,FULL,0
2026-09-18T23:53:33,2026-09-18T23:50,20391,百合ヶ丘店,満席,4,FULL,0
2026-09-18T23:53:33,2026-09-18T23:50,20332,横浜北山田店,満席,4,FULL,0
2026-09-19T00:01:15,2026-09-18T23:50,20903,調布南口店,残2席,1,AVAILABLE,2
2026-09-19T00:01:15,2026-09-18T23:50,20895,登戸駅前店,満席,4,FULL,0
2026-09-19T00:01:15,2026-09-18T23:50,20391,百合ヶ丘店,満席,4,FULL,0
2026-09-19T00:01:15,2026-09-18T23:50,20332,横浜北山田店,満席,4,FULL,0
2026-09-19T00:18:35,2026-09-19T00:10,20903,調布南口店,残1席,1,AVAILABLE,1
2026-09-19T00:18:35,2026-09-19T00:10,20895,登戸駅前店,満席,4,FULL,0
2026-09-19T00:18:35,2026-09-19T00:10,20391,百合ヶ丘店,満席,4,FULL,0
2026-09-19T00:18:35,2026-09-19T00:10,20332,横浜北山田店,残2席,1,AVAILABLE,2
2026-09-19T00:29:29,2026-09-19T00:20,20903,調布南口店,残1席,1,AVAILABLE,1
2026-09-19T00:29:29,2026-09-19T00:20,20895,登戸駅前店,満席,4,FULL,0
2026-09-19T00:29:29,2026-09-19T00:20,20391,百合ヶ丘店,満席,4,FULL,0
2026-09-19T00:29:29,2026-09-19T00:20,20332,横浜北山田店,満席,4,FULL,0
2026-09-19T00:39:35,2026-09-19T00:30,20903,調布南口店,満席,4,FULL,0
2026-09-19T00:39:35,2026-09-19T00:30,20895,登戸駅前店,満席,4,FULL,0
2026-09-19T00:39:35,2026-09-19T00:30,20391,百合ヶ丘店,満席,4,FULL,0
2026-09-19T00:39:35,2026-09-19T00:30,20332,横浜北山田店,満席,4,FULL,0
2026-09-19T00:48:00,2026-09-19T00:40,20903,調布南口店,満席,4,FULL,0
2026-09-19T00:48:00,2026-09-19T00:40,20895,登戸駅前店,満席,4,FULL,0
2026-09-19T00:48:00,2026-09-19T00:40,20391,百合ヶ丘店,満席,4,FULL,0
2026-09-19T00:48:00,2026-09-19T00:40,20332,横浜北山田店,満席,4,FULL,0
2026-09-19T00:54:50,2026-09-19T00:50,20903,調布南口店,満席,4,FULL,0
2026-09-19T00:54:50,2026-09-19T00:50,20895,登戸駅前店,満席,4,FULL,0
2026-09-19T00:54:50,2026-09-19T00:50,20391,百合ヶ丘店,満席,4,FULL,0
2026-09-19T00:54:50,2026-09-19T00:50,20332,横浜北山田店,満席,4,FULL,0
2026-09-19T01:00:50,2026-09-19T00:50,20903,調布南口店,満席,4,FULL,0
2026-09-19T01:00:50,2026-09-19T00:50,20895,登戸駅前店,満席,4,FULL,0
2026-09-19T01:00:50,2026-09-19T00:50,20391,百合ヶ丘店,満席,4,FULL,0
2026-09-19T01:00:50,2026-09-19T00:50,20332,横浜北山田店,満席,4,FULL,0
2026-09-19T01:17:49,2026-09-19T01:10,20903,調布南口店,満席,4,FULL,0
2026-09-19T01:17:49,2026-09-19T01:10,20895,登戸駅前店,満席,4,FULL,0
2026-09-19T01:17:49,2026-09-19T01:10,20391,百合ヶ丘店,満席,4,FULL,0
2026-09-19T01:17:49,2026-09-19T01:10,20332,横浜北山田店,残2席,1,AVAILABLE,2
2026-09-19T01:27:53,2026-09-19T01:20,20903,調布南口店,満席,4,FULL,0
2026-09-19T01:27:53,2026-09-19T01:20,20895,登戸駅前店,満席,4,FULL,0
2026-09-19T01:27:53,2026-09-19T01:20,20391,百合ヶ丘店,満席,4,FULL,0
2026-09-19T01:27:53,2026-09-19T01:20,20332,横浜北山田店,満席,4,FULL,0
2026-09-19T01:37:10,2026-09-19T01:30,20903,調布南口店,満席,4,FULL,0
2026-09-19T01:37:10,2026-09-19T01:30,20895,登戸駅前店,残2席,1,AVAILABLE,2
2026-09-19T01:37:10,2026-09-19T01:30,20391,百合ヶ丘店,満席,4,FULL,0
2026-09-19T01:37:10,2026-09-19T01:30,20332,横浜北山田店,残1席,1,AVAILABLE,1
2026-09-19T01:45:18,2026-09-19T01:40,20903,調布南口店,満席,4,FULL,0
2026-09-19T01:45:18,2026-09-19T01:40,20895,登戸駅前店,残1席,1,AVAILABLE,1
2026-09-19T01:45:18,2026-09-19T01:40,20391,百合ヶ丘店,満席,4,FULL,0
2026-09-19T01:45:18,2026-09-19T01:40,20332,横浜北山田店,残2席,1,AVAILABLE,2
2026-09-19T01:50:52,2026-09-19T01:40,20903,調布南口店,満席,4,FULL,0
2026-09-19T01:50:52,2026-09-19T01:40,20895,登戸駅前店,残1席,1,AVAILABLE,1
2026-09-19T01:50:52,2026-09-19T01:40,20391,百合ヶ丘店,満席,4,FULL,0
2026-09-19T01:50:52,2026-09-19T01:40,20332,横浜北山田店,残2席,1,AVAILABLE,2
2026-09-19T02:01:19,2026-09-19T01:50,20903,調布南口店,満席,4,FULL,0
2026-09-19T02:01:19,2026-09-19T01:50,20895,登戸駅前店,残1席,1,AVAILABLE,1
2026-09-19T02:01:19,2026-09-19T01:50,20391,百合ヶ丘店,満席,4,FULL,0
2026-09-19T02:01:19,2026-09-19T01:50,20332,横浜北山田店,満席,4,FULL,0
2026-09-19T02:16:38,2026-09-19T02:10,20903,調布南口店,満席,4,FULL,0
2026-09-19T02:16:38,2026-09-19T02:10,20895,登戸駅前店,満席,4,FULL,0
2026-09-19T02:16:38,2026-09-19T02:10,20391,百合ヶ丘店,残1席,1,AVAILABLE,1
2026-09-19T02:16:38,2026-09-19T02:10,20332,横浜北山田店,満席,4,FULL,0
2026-09-19T02:24:43,2026-09-19T02:20,20903,調布南口店,満席,4,FULL,0
2026-09-19T02:24:43,2026-09-19T02:20,20895,登戸駅前店,残1席,1,AVAILABLE,1
2026-09-19T02:24:43,2026-09-19T02:20,20391,百合ヶ丘店,残1席,1,AVAILABLE,1
2026-09-19T02:24:43,2026-09-19T02:20,20332,横浜北山田店,満席,4,FULL,0
2026-09-19T02:31:10,2026-09-19T02:20,20903,調布南口店,満席,4,FULL,0
2026-09-19T02:31:10,2026-09-19T02:20,20895,登戸駅前店,残1席,1,AVAILABLE,1
2026-09-19T02:31:10,2026-09-19T02:20,20391,百合ヶ丘店,残1席,1,AVAILABLE,1
2026-09-19T02:31:10,2026-09-19T02:20,20332,横浜北山田店,満席,4,FULL,0
2026-09-19T02:41:41,2026-09-19T02:30,20903,調布南口店,満席,4,FULL,0
2026-09-19T02:41:41,2026-09-19T02:30,20895,登戸駅前店,残1席,1,AVAILABLE,1
2026-09-19T02:41:41,2026-09-19T02:30,20391,百合ヶ丘店,満席,4,FULL,0
2026-09-19T02:41:41,2026-09-19T02:30,20332,横浜北山田店,残1席,1,AVAILABLE,1
2026-09-19T02:50:42,2026-09-19T02:40,20903,調布南口店,満席,4,FULL,0
2026-09-19T02:50:42,2026-09-19T02:40,20895,登戸駅前店,残2席,1,AVAILABLE,2
2026-09-19T02:50:42,2026-09-19T02:40,20391,百合ヶ丘店,満席,4,FULL,0
2026-09-19T02:50:42,2026-09-19T02:40,20332,横浜北山田店,残5席,1,AVAILABLE,5
2026-09-19T03:01:05,2026-09-19T02:50,20903,調布南口店,満席,4,FULL,0
2026-09-19T03:01:05,2026-09-19T02:50,20895,登戸駅前店,残2席,1,AVAILABLE,2
2026-09-19T03:01:05,2026-09-19T02:50,20391,百合ヶ丘店,残1席,1,AVAILABLE,1
2026-09-19T03:01:05,2026-09-19T02:50,20332,横浜北山田店,残7席,1,AVAILABLE,7
2026-09-19T03:20:53,2026-09-19T03:10,20903,調布南口店,残2席,1,AVAILABLE,2
2026-09-19T03:20:53,2026-09-19T03:10,20895,登戸駅前店,満席,4,FULL,0
2026-09-19T03:20:53,2026-09-19T03:10,20391,百合ヶ丘店,残2席,1,AVAILABLE,2
2026-09-19T03:20:53,2026-09-19T03:10,20332,横浜北山田店,残6席,1,AVAILABLE,6
2026-09-19T03:35:59,2026-09-19T03:30,20903,調布南口店,満席,4,FULL,0
2026-09-19T03:35:59,2026-09-19T03:30,20895,登戸駅前店,満席,4,FULL,0
2026-09-19T03:35:59,2026-09-19T03:30,20391,百合ヶ丘店,残2席,1,AVAILABLE,2
2026-09-19T03:35:59,2026-09-19T03:30,20332,横浜北山田店,残5席,1,AVAILABLE,5
2026-09-19T03:44:58,2026-09-19T03:40,20903,調布南口店,満席,4,FULL,0
2026-09-19T03:44:58,2026-09-19T03:40,20895,登戸駅前店,満席,4,FULL,0
2026-09-19T03:44:58,2026-09-19T03:40,20391,百合ヶ丘店,残2席,1,AVAILABLE,2
2026-09-19T03:44:58,2026-09-19T03:40,20332,横浜北山田店,残8席,1,AVAILABLE,8
2026-09-19T03:51:40,2026-09-19T03:40,20903,調布南口店,満席,4,FULL,0
2026-09-19T03:51:40,2026-09-19T03:40,20895,登戸駅前店,満席,4,FULL,0
2026-09-19T03:51:40,2026-09-19T03:40,20391,百合ヶ丘店,残2席,1,AVAILABLE,2
2026-09-19T03:51:40,2026-09-19T03:40,20332,横浜北山田店,残8席,1,AVAILABLE,8
2026-09-19T04:00:42,2026-09-19T03:50,20903,調布南口店,満席,4,FULL,0
2026-09-19T04:00:42,2026-09-19T03:50,20895,登戸駅前店,満席,4,FULL,0
2026-09-19T04:00:42,2026-09-19T03:50,20391,百合ヶ丘店,残2席,1,AVAILABLE,2
2026-09-19T04:00:42,2026-09-19T03:50,20332,横浜北山田店,残7席,1,AVAILABLE,7
2026-09-19T04:17:08,2026-09-19T04:10,20903,調布南口店,残1席,1,AVAILABLE,1
2026-09-19T04:17:08,2026-09-19T04:10,20895,登戸駅前店,満席,4,FULL,0
2026-09-19T04:17:08,2026-09-19T04:10,20391,百合ヶ丘店,残2席,1,AVAILABLE,2
2026-09-19T04:17:08,2026-09-19T04:10,20332,横浜北山田店,残7席,1,AVAILABLE,7
2026-09-19T04:25:58,2026-09-19T04:20,20903,調布南口店,残1席,1,AVAILABLE,1
2026-09-19T04:25:58,2026-09-19T04:20,20895,登戸駅前店,満席,4,FULL,0
2026-09-19T04:25:58,2026-09-19T04:20,20391,百合ヶ丘店,残2席,1,AVAILABLE,2
2026-09-19T04:25:58,2026-09-19T04:20,20332,横浜北山田店,残10席以上,1,AVAILABLE,10
2026-09-19T04:32:19,2026-09-19T04:30,20903,調布南口店,残1席,1,AVAILABLE,1
2026-09-19T04:32:19,2026-09-19T04:30,20895,登戸駅前店,満席,4,FULL,0
2026-09-19T04:32:19,2026-09-19T04:30,20391,百合ヶ丘店,残2席,1,AVAILABLE,2
2026-09-19T04:32:19,2026-09-19T04:30,20332,横浜北山田店,残10席以上,1,AVAILABLE,10
2026-09-19T04:41:13,2026-09-19T04:30,20903,調布南口店,残1席,1,AVAILABLE,1
2026-09-19T04:41:13,2026-09-19T04:30,20895,登戸駅前店,満席,4,FULL,0
2026-09-19T04:41:13,2026-09-19T04:30,20391,百合ヶ丘店,残2席,1,AVAILABLE,2
2026-09-19T04:41:13,2026-09-19T04:30,20332,横浜北山田店,残10席以上,1,AVAILABLE,10
2026-09-19T04:50:33,2026-09-19T04:40,20903,調布南口店,残1席,1,AVAILABLE,1
2026-09-19T04:50:33,2026-09-19T04:40,20895,登戸駅前店,満席,4,FULL,0
2026-09-19T04:50:33,2026-09-19T04:40,20391,百合ヶ丘店,残2席,1,AVAILABLE,2
2026-09-19T04:50:33,2026-09-19T04:40,20332,横浜北山田店,残10席以上,1,AVAILABLE,10
2026-09-19T05:00:59,2026-09-19T04:50,20903,調布南口店,残1席,1,AVAILABLE,1
2026-09-19T05:00:59,2026-09-19T04:50,20895,登戸駅前店,満席,4,FULL,0
2026-09-19T05:00:59,2026-09-19T04:50,20391,百合ヶ丘店,残2席,1,AVAILABLE,2
2026-09-19T05:00:59,2026-09-19T04:50,20332,横浜北山田店,残10席以上,1,AVAILABLE,10
2026-09-19T05:18:10,2026-09-19T05:10,20903,調布南口店,満席,4,FULL,0
2026-09-19T05:18:10,2026-09-19T05:10,20895,登戸駅前店,残2席,1,AVAILABLE,2
2026-09-19T05:18:10,2026-09-19T05:10,20391,百合ヶ丘店,残3席,1,AVAILABLE,3
2026-09-19T05:18:10,2026-09-19T05:10,20332,横浜北山田店,残10席以上,1,AVAILABLE,10
2026-09-19T05:28:00,2026-09-19T05:20,20903,調布南口店,満席,4,FULL,0
2026-09-19T05:28:00,2026-09-19T05:20,20895,登戸駅前店,残2席,1,AVAILABLE,2
2026-09-19T05:28:00,2026-09-19T05:20,20391,百合ヶ丘店,残2席,1,AVAILABLE,2
2026-09-19T05:28:00,2026-09-19T05:20,20332,横浜北山田店,残10席以上,1,AVAILABLE,10
2026-09-19T05:36:59,2026-09-19T05:30,20903,調布南口店,満席,4,FULL,0
2026-09-19T05:36:59,2026-09-19T05:30,20895,登戸駅前店,残3席,1,AVAILABLE,3
2026-09-19T05:36:59,2026-09-19T05:30,20391,百合ヶ丘店,残2席,1,AVAILABLE,2
2026-09-19T05:36:59,2026-09-19T05:30,20332,横浜北山田店,残10席以上,1,AVAILABLE,10
2026-09-19T05:44:51,2026-09-19T05:40,20903,調布南口店,満席,4,FULL,0
2026-09-19T05:44:51,2026-09-19T05:40,20895,登戸駅前店,残3席,1,AVAILABLE,3
2026-09-19T05:44:51,2026-09-19T05:40,20391,百合ヶ丘店,残2席,1,AVAILABLE,2
2026-09-19T05:44:51,2026-09-19T05:40,20332,横浜北山田店,残10席以上,1,AVAILABLE,10
2026-09-19T05:51:24,2026-09-19T05:40,20903,調布南口店,満席,4,FULL,0
2026-09-19T05:51:24,2026-09-19T05:40,20895,登戸駅前店,残3席,1,AVAILABLE,3
2026-09-19T05:51:24,2026-09-19T05:40,20391,百合ヶ丘店,残2席,1,AVAILABLE,2
2026-09-19T05:51:24,2026-09-19T05:40,20332,横浜北山田店,残10席以上,1,AVAILABLE,10
2026-09-19T06:00:57,2026-09-19T05:50,20903,調布南口店,満席,4,FULL,0
2026-09-19T06:00:57,2026-09-19T05:50,20895,登戸駅前店,残2席,1,AVAILABLE,2
2026-09-19T06:00:57,2026-09-19T05:50,20391,百合ヶ丘店,残2席,1,AVAILABLE,2
2026-09-19T06:00:57,2026-09-19T05:50,20332,横浜北山田店,残10席以上,1,AVAILABLE,10
2026-09-19T06:18:23,2026-09-19T06:10,20903,調布南口店,満席,4,FULL,0
2026-09-19T06:18:23,2026-09-19T06:10,20895,登戸駅前店,残2席,1,AVAILABLE,2
2026-09-19T06:18:23,2026-09-19T06:10,20391,百合ヶ丘店,残2席,1,AVAILABLE,2
2026-09-19T06:18:23,2026-09-19T06:10,20332,横浜北山田店,残10席以上,1,AVAILABLE,10
2026-09-19T06:27:22,2026-09-19T06:20,20903,調布南口店,満席,4,FULL,0
2026-09-19T06:27:22,2026-09-19T06:20,20895,登戸駅前店,残2席,1,AVAILABLE,2
2026-09-19T06:27:22,2026-09-19T06:20,20391,百合ヶ丘店,残1席,1,AVAILABLE,1
2026-09-19T06:27:22,2026-09-19T06:20,20332,横浜北山田店,残10席以上,1,AVAILABLE,10
2026-09-19T06:35:20,2026-09-19T06:30,20903,調布南口店,満席,4,FULL,0
2026-09-19T06:35:20,2026-09-19T06:30,20895,登戸駅前店,満席,4,FULL,0
2026-09-19T06:35:20,2026-09-19T06:30,20391,百合ヶ丘店,残2席,1,AVAILABLE,2
2026-09-19T06:35:20,2026-09-19T06:30,20332,横浜北山田店,残10席以上,1,AVAILABLE,10
2026-09-19T06:42:18,2026-09-19T06:40,20903,調布南口店,残3席,1,AVAILABLE,3
2026-09-19T06:42:18,2026-09-19T06:40,20895,登戸駅前店,満席,4,FULL,0
2026-09-19T06:42:18,2026-09-19T06:40,20391,百合ヶ丘店,残3席,1,AVAILABLE,3
2026-09-19T06:42:18,2026-09-19T06:40,20332,横浜北山田店,残10席以上,1,AVAILABLE,10
2026-09-19T06:50:44,2026-09-19T06:40,20903,調布南口店,残3席,1,AVAILABLE,3
2026-09-19T06:50:44,2026-09-19T06:40,20895,登戸駅前店,満席,4,FULL,0
2026-09-19T06:50:44,2026-09-19T06:40,20391,百合ヶ丘店,残3席,1,AVAILABLE,3
2026-09-19T06:50:44,2026-09-19T06:40,20332,横浜北山田店,残10席以上,1,AVAILABLE,10
2026-09-19T07:00:42,2026-09-19T06:50,20903,調布南口店,残3席,1,AVAILABLE,3
2026-09-19T07:00:42,2026-09-19T06:50,20895,登戸駅前店,満席,4,FULL,0
2026-09-19T07:00:42,2026-09-19T06:50,20391,百合ヶ丘店,残3席,1,AVAILABLE,3
2026-09-19T07:00:42,2026-09-19T06:50,20332,横浜北山田店,残10席以上,1,AVAILABLE,10
2026-09-19T07:17:47,2026-09-19T07:10,20903,調布南口店,残3席,1,AVAILABLE,3
2026-09-19T07:17:47,2026-09-19T07:10,20895,登戸駅前店,残1席,1,AVAILABLE,1
2026-09-19T07:17:47,2026-09-19T07:10,20391,百合ヶ丘店,残3席,1,AVAILABLE,3
2026-09-19T07:17:47,2026-09-19T07:10,20332,横浜北山田店,残10席以上,1,AVAILABLE,10
2026-09-19T07:27:14,2026-09-19T07:20,20903,調布南口店,残3席,1,AVAILABLE,3
2026-09-19T07:27:14,2026-09-19T07:20,20895,登戸駅前店,残1席,1,AVAILABLE,1
2026-09-19T07:27:14,2026-09-19T07:20,20391,百合ヶ丘店,残3席,1,AVAILABLE,3
2026-09-19T07:27:14,2026-09-19T07:20,20332,横浜北山田店,残10席以上,1,AVAILABLE,10
2026-09-19T07:35:33,2026-09-19T07:30,20903,調布南口店,残2席,1,AVAILABLE,2
2026-09-19T07:35:33,2026-09-19T07:30,20895,登戸駅前店,満席,4,FULL,0
2026-09-19T07:35:33,2026-09-19T07:30,20391,百合ヶ丘店,残3席,1,AVAILABLE,3
2026-09-19T07:35:33,2026-09-19T07:30,20332,横浜北山田店,残9席,1,AVAILABLE,9
2026-09-19T07:42:47,2026-09-19T07:40,20903,調布南口店,残2席,1,AVAILABLE,2
2026-09-19T07:42:47,2026-09-19T07:40,20895,登戸駅前店,満席,4,FULL,0
2026-09-19T07:42:47,2026-09-19T07:40,20391,百合ヶ丘店,残3席,1,AVAILABLE,3
2026-09-19T07:42:47,2026-09-19T07:40,20332,横浜北山田店,残9席,1,AVAILABLE,9
2026-09-19T07:51:09,2026-09-19T07:40,20903,調布南口店,残2席,1,AVAILABLE,2
2026-09-19T07:51:09,2026-09-19T07:40,20895,登戸駅前店,満席,4,FULL,0
2026-09-19T07:51:09,2026-09-19T07:40,20391,百合ヶ丘店,残3席,1,AVAILABLE,3
2026-09-19T07:51:09,2026-09-19T07:40,20332,横浜北山田店,残9席,1,AVAILABLE,9
2026-09-19T08:01:07,2026-09-19T07:50,20903,調布南口店,残2席,1,AVAILABLE,2
2026-09-19T08:01:07,2026-09-19T07:50,20895,登戸駅前店,満席,4,FULL,0
2026-09-19T08:01:07,2026-09-19T07:50,20391,百合ヶ丘店,残3席,1,AVAILABLE,3
2026-09-19T08:01:07,2026-09-19T07:50,20332,横浜北山田店,残10席以上,1,AVAILABLE,10
2026-09-19T08:17:04,2026-09-19T08:10,20903,調布南口店,残2席,1,AVAILABLE,2
2026-09-19T08:17:04,2026-09-19T08:10,20895,登戸駅前店,満席,4,FULL,0
2026-09-19T08:17:04,2026-09-19T08:10,20391,百合ヶ丘店,残3席,1,AVAILABLE,3
2026-09-19T08:17:04,2026-09-19T08:10,20332,横浜北山田店,残10席以上,1,AVAILABLE,10
2026-09-19T08:26:24,2026-09-19T08:20,20903,調布南口店,残3席,1,AVAILABLE,3
2026-09-19T08:26:24,2026-09-19T08:20,20895,登戸駅前店,満席,4,FULL,0
2026-09-19T08:26:24,2026-09-19T08:20,20391,百合ヶ丘店,残3席,1,AVAILABLE,3
2026-09-19T08:26:24,2026-09-19T08:20,20332,横浜北山田店,残10席以上,1,AVAILABLE,10
2026-09-19T08:33:43,2026-09-19T08:30,20903,調布南口店,残3席,1,AVAILABLE,3
2026-09-19T08:33:43,2026-09-19T08:30,20895,登戸駅前店,満席,4,FULL,0
2026-09-19T08:33:43,2026-09-19T08:30,20391,百合ヶ丘店,残3席,1,AVAILABLE,3
2026-09-19T08:33:43,2026-09-19T08:30,20332,横浜北山田店,残10席以上,1,AVAILABLE,10
2026-09-19T08:41:44,2026-09-19T08:30,20903,調布南口店,残3席,1,AVAILABLE,3
2026-09-19T08:41:44,2026-09-19T08:30,20895,登戸駅前店,満席,4,FULL,0
2026-09-19T08:41:44,2026-09-19T08:30,20391,百合ヶ丘店,残3席,1,AVAILABLE,3
2026-09-19T08:41:44,2026-09-19T08:30,20332,横浜北山田店,残10席以上,1,AVAILABLE,10
2026-09-19T08:51:47,2026-09-19T08:40,20903,調布南口店,残2席,1,AVAILABLE,2
2026-09-19T08:51:47,2026-09-19T08:40,20895,登戸駅前店,満席,4,FULL,0
2026-09-19T08:51:47,2026-09-19T08:40,20391,百合ヶ丘店,残3席,1,AVAILABLE,3
2026-09-19T08:51:47,2026-09-19T08:40,20332,横浜北山田店,残9席,1,AVAILABLE,9
2026-09-19T09:00:54,2026-09-19T08:50,20903,調布南口店,残2席,1,AVAILABLE,2
2026-09-19T09:00:54,2026-09-19T08:50,20895,登戸駅前店,残1席,1,AVAILABLE,1
2026-09-19T09:00:54,2026-09-19T08:50,20391,百合ヶ丘店,残2席,1,AVAILABLE,2
2026-09-19T09:00:54,2026-09-19T08:50,20332,横浜北山田店,残6席,1,AVAILABLE,6
2026-09-19T09:25:01,2026-09-19T09:20,20903,調布南口店,満席,4,FULL,0
2026-09-19T09:25:01,2026-09-19T09:20,20895,登戸駅前店,残1席,1,AVAILABLE,1
2026-09-19T09:25:01,2026-09-19T09:20,20391,百合ヶ丘店,残2席,1,AVAILABLE,2
2026-09-19T09:25:01,2026-09-19T09:20,20332,横浜北山田店,残5席,1,AVAILABLE,5
2026-09-19T09:38:31,2026-09-19T09:30,20903,調布南口店,満席,4,FULL,0
2026-09-19T09:38:31,2026-09-19T09:30,20895,登戸駅前店,残1席,1,AVAILABLE,1
2026-09-19T09:38:31,2026-09-19T09:30,20391,百合ヶ丘店,残2席,1,AVAILABLE,2
2026-09-19T09:38:31,2026-09-19T09:30,20332,横浜北山田店,残5席,1,AVAILABLE,5
2026-09-19T09:49:18,2026-09-19T09:40,20903,調布南口店,満席,4,FULL,0
2026-09-19T09:49:18,2026-09-19T09:40,20895,登戸駅前店,残1席,1,AVAILABLE,1
2026-09-19T09:49:18,2026-09-19T09:40,20391,百合ヶ丘店,残2席,1,AVAILABLE,2
2026-09-19T09:49:18,2026-09-19T09:40,20332,横浜北山田店,残3席,1,AVAILABLE,3
2026-09-19T09:56:24,2026-09-19T09:50,20903,調布南口店,満席,4,FULL,0
2026-09-19T09:56:24,2026-09-19T09:50,20895,登戸駅前店,残1席,1,AVAILABLE,1
2026-09-19T09:56:24,2026-09-19T09:50,20391,百合ヶ丘店,残2席,1,AVAILABLE,2
2026-09-19T09:56:24,2026-09-19T09:50,20332,横浜北山田店,残4席,1,AVAILABLE,4
2026-09-19T10:03:23,2026-09-19T10:00,20903,調布南口店,満席,4,FULL,0
2026-09-19T10:03:23,2026-09-19T10:00,20895,登戸駅前店,満席,4,FULL,0
2026-09-19T10:03:23,2026-09-19T10:00,20391,百合ヶ丘店,残2席,1,AVAILABLE,2
2026-09-19T10:03:23,2026-09-19T10:00,20332,横浜北山田店,残3席,1,AVAILABLE,3
2026-09-19T10:16:29,2026-09-19T10:10,20903,調布南口店,満席,4,FULL,0
2026-09-19T10:16:29,2026-09-19T10:10,20895,登戸駅前店,満席,4,FULL,0
2026-09-19T10:16:29,2026-09-19T10:10,20391,百合ヶ丘店,残2席,1,AVAILABLE,2
2026-09-19T10:16:29,2026-09-19T10:10,20332,横浜北山田店,残4席,1,AVAILABLE,4
2026-09-19T10:26:48,2026-09-19T10:20,20903,調布南口店,満席,4,FULL,0
2026-09-19T10:26:48,2026-09-19T10:20,20895,登戸駅前店,満席,4,FULL,0
2026-09-19T10:26:48,2026-09-19T10:20,20391,百合ヶ丘店,残2席,1,AVAILABLE,2
2026-09-19T10:26:48,2026-09-19T10:20,20332,横浜北山田店,残5席,1,AVAILABLE,5
2026-09-19T10:35:39,2026-09-19T10:30,20903,調布南口店,満席,4,FULL,0
2026-09-19T10:35:39,2026-09-19T10:30,20895,登戸駅前店,満席,4,FULL,0
2026-09-19T10:35:39,2026-09-19T10:30,20391,百合ヶ丘店,残2席,1,AVAILABLE,2
2026-09-19T10:35:39,2026-09-19T10:30,20332,横浜北山田店,残5席,1,AVAILABLE,5
2026-09-19T10:44:28,2026-09-19T10:40,20903,調布南口店,満席,4,FULL,0
2026-09-19T10:44:28,2026-09-19T10:40,20895,登戸駅前店,満席,4,FULL,0
2026-09-19T10:44:28,2026-09-19T10:40,20391,百合ヶ丘店,残3席,1,AVAILABLE,3
2026-09-19T10:44:28,2026-09-19T10:40,20332,横浜北山田店,残6席,1,AVAILABLE,6
2026-09-19T10:52:04,2026-09-19T10:50,20903,調布南口店,満席,4,FULL,0
2026-09-19T10:52:04,2026-09-19T10:50,20895,登戸駅前店,満席,4,FULL,0
2026-09-19T10:52:04,2026-09-19T10:50,20391,百合ヶ丘店,残3席,1,AVAILABLE,3
2026-09-19T10:52:04,2026-09-19T10:50,20332,横浜北山田店,残6席,1,AVAILABLE,6
2026-09-19T11:00:49,2026-09-19T10:50,20903,調布南口店,満席,4,FULL,0
2026-09-19T11:00:49,2026-09-19T10:50,20895,登戸駅前店,満席,4,FULL,0
2026-09-19T11:00:49,2026-09-19T10:50,20391,百合ヶ丘店,残2席,1,AVAILABLE,2
2026-09-19T11:00:49,2026-09-19T10:50,20332,横浜北山田店,残6席,1,AVAILABLE,6
2026-09-19T11:17:53,2026-09-19T11:10,20903,調布南口店,満席,4,FULL,0
2026-09-19T11:17:53,2026-09-19T11:10,20895,登戸駅前店,満席,4,FULL,0
2026-09-19T11:17:53,2026-09-19T11:10,20391,百合ヶ丘店,残3席,1,AVAILABLE,3
2026-09-19T11:17:53,2026-09-19T11:10,20332,横浜北山田店,残2席,1,AVAILABLE,2
2026-09-19T11:28:11,2026-09-19T11:20,20903,調布南口店,満席,4,FULL,0
2026-09-19T11:28:11,2026-09-19T11:20,20895,登戸駅前店,満席,4,FULL,0
2026-09-19T11:28:11,2026-09-19T11:20,20391,百合ヶ丘店,残2席,1,AVAILABLE,2
2026-09-19T11:28:11,2026-09-19T11:20,20332,横浜北山田店,残2席,1,AVAILABLE,2
2026-09-19T11:37:07,2026-09-19T11:30,20903,調布南口店,満席,4,FULL,0
2026-09-19T11:37:07,2026-09-19T11:30,20895,登戸駅前店,満席,4,FULL,0
2026-09-19T11:37:07,2026-09-19T11:30,20391,百合ヶ丘店,残2席,1,AVAILABLE,2
2026-09-19T11:37:07,2026-09-19T11:30,20332,横浜北山田店,残1席,1,AVAILABLE,1
2026-09-19T11:45:21,2026-09-19T11:40,20903,調布南口店,満席,4,FULL,0
2026-09-19T11:45:21,2026-09-19T11:40,20895,登戸駅前店,満席,4,FULL,0
2026-09-19T11:45:21,2026-09-19T11:40,20391,百合ヶ丘店,残1席,1,AVAILABLE,1
2026-09-19T11:45:21,2026-09-19T11:40,20332,横浜北山田店,残1席,1,AVAILABLE,1
2026-09-19T11:51:52,2026-09-19T11:40,20903,調布南口店,満席,4,FULL,0
2026-09-19T11:51:52,2026-09-19T11:40,20895,登戸駅前店,満席,4,FULL,0
2026-09-19T11:51:52,2026-09-19T11:40,20391,百合ヶ丘店,残1席,1,AVAILABLE,1
2026-09-19T11:51:52,2026-09-19T11:40,20332,横浜北山田店,残1席,1,AVAILABLE,1
2026-09-19T12:00:44,2026-09-19T11:50,20903,調布南口店,満席,4,FULL,0
2026-09-19T12:00:44,2026-09-19T11:50,20895,登戸駅前店,満席,4,FULL,0
2026-09-19T12:00:44,2026-09-19T11:50,20391,百合ヶ丘店,残1席,1,AVAILABLE,1
2026-09-19T12:00:44,2026-09-19T11:50,20332,横浜北山田店,残2席,1,AVAILABLE,2
2026-09-19T12:18:07,2026-09-19T12:10,20903,調布南口店,満席,4,FULL,0
2026-09-19T12:18:07,2026-09-19T12:10,20895,登戸駅前店,残1席,1,AVAILABLE,1
2026-09-19T12:18:07,2026-09-19T12:10,20391,百合ヶ丘店,満席,4,FULL,0
2026-09-19T12:18:07,2026-09-19T12:10,20332,横浜北山田店,残4席,1,AVAILABLE,4
2026-09-19T12:28:18,2026-09-19T12:20,20903,調布南口店,満席,4,FULL,0
2026-09-19T12:28:18,2026-09-19T12:20,20895,登戸駅前店,残1席,1,AVAILABLE,1
2026-09-19T12:28:18,2026-09-19T12:20,20391,百合ヶ丘店,満席,4,FULL,0
2026-09-19T12:28:18,2026-09-19T12:20,20332,横浜北山田店,残4席,1,AVAILABLE,4
2026-09-19T12:37:54,2026-09-19T12:30,20903,調布南口店,満席,4,FULL,0
2026-09-19T12:37:54,2026-09-19T12:30,20895,登戸駅前店,満席,4,FULL,0
2026-09-19T12:37:54,2026-09-19T12:30,20391,百合ヶ丘店,満席,4,FULL,0
2026-09-19T12:37:54,2026-09-19T12:30,20332,横浜北山田店,残5席,1,AVAILABLE,5
2026-09-19T12:45:37,2026-09-19T12:40,20903,調布南口店,満席,4,FULL,0
2026-09-19T12:45:37,2026-09-19T12:40,20895,登戸駅前店,残1席,1,AVAILABLE,1
2026-09-19T12:45:37,2026-09-19T12:40,20391,百合ヶ丘店,満席,4,FULL,0
2026-09-19T12:45:37,2026-09-19T12:40,20332,横浜北山田店,残5席,1,AVAILABLE,5
2026-09-19T12:52:23,2026-09-19T12:50,20903,調布南口店,満席,4,FULL,0
2026-09-19T12:52:23,2026-09-19T12:50,20895,登戸駅前店,満席,4,FULL,0
2026-09-19T12:52:23,2026-09-19T12:50,20391,百合ヶ丘店,満席,4,FULL,0
2026-09-19T12:52:23,2026-09-19T12:50,20332,横浜北山田店,残4席,1,AVAILABLE,4
2026-09-19T13:00:53,2026-09-19T12:50,20903,調布南口店,満席,4,FULL,0
2026-09-19T13:00:53,2026-09-19T12:50,20895,登戸駅前店,満席,4,FULL,0
2026-09-19T13:00:53,2026-09-19T12:50,20391,百合ヶ丘店,満席,4,FULL,0
2026-09-19T13:00:53,2026-09-19T12:50,20332,横浜北山田店,残4席,1,AVAILABLE,4
2026-09-19T13:18:18,2026-09-19T13:10,20903,調布南口店,残1席,1,AVAILABLE,1
2026-09-19T13:18:18,2026-09-19T13:10,20895,登戸駅前店,満席,4,FULL,0
2026-09-19T13:18:18,2026-09-19T13:10,20391,百合ヶ丘店,満席,4,FULL,0
2026-09-19T13:18:18,2026-09-19T13:10,20332,横浜北山田店,残5席,1,AVAILABLE,5
2026-09-19T13:28:42,2026-09-19T13:20,20903,調布南口店,残1席,1,AVAILABLE,1
2026-09-19T13:28:42,2026-09-19T13:20,20895,登戸駅前店,残1席,1,AVAILABLE,1
2026-09-19T13:28:42,2026-09-19T13:20,20391,百合ヶ丘店,満席,4,FULL,0
2026-09-19T13:28:42,2026-09-19T13:20,20332,横浜北山田店,残6席,1,AVAILABLE,6
2026-09-19T13:38:04,2026-09-19T13:30,20903,調布南口店,残1席,1,AVAILABLE,1
2026-09-19T13:38:04,2026-09-19T13:30,20895,登戸駅前店,満席,4,FULL,0
2026-09-19T13:38:04,2026-09-19T13:30,20391,百合ヶ丘店,満席,4,FULL,0
2026-09-19T13:38:04,2026-09-19T13:30,20332,横浜北山田店,残4席,1,AVAILABLE,4
2026-09-19T13:45:43,2026-09-19T13:40,20903,調布南口店,残2席,1,AVAILABLE,2
2026-09-19T13:45:43,2026-09-19T13:40,20895,登戸駅前店,満席,4,FULL,0
2026-09-19T13:45:43,2026-09-19T13:40,20391,百合ヶ丘店,満席,4,FULL,0
2026-09-19T13:45:43,2026-09-19T13:40,20332,横浜北山田店,残3席,1,AVAILABLE,3
2026-09-19T13:51:56,2026-09-19T13:40,20903,調布南口店,残2席,1,AVAILABLE,2
2026-09-19T13:51:56,2026-09-19T13:40,20895,登戸駅前店,満席,4,FULL,0
2026-09-19T13:51:56,2026-09-19T13:40,20391,百合ヶ丘店,満席,4,FULL,0
2026-09-19T13:51:56,2026-09-19T13:40,20332,横浜北山田店,残3席,1,AVAILABLE,3
2026-09-19T14:00:51,2026-09-19T13:50,20903,調布南口店,満席,4,FULL,0
2026-09-19T14:00:51,2026-09-19T13:50,20895,登戸駅前店,満席,4,FULL,0
2026-09-19T14:00:51,2026-09-19T13:50,20391,百合ヶ丘店,残1席,1,AVAILABLE,1
2026-09-19T14:00:51,2026-09-19T13:50,20332,横浜北山田店,残3席,1,AVAILABLE,3
2026-09-19T14:17:28,2026-09-19T14:10,20903,調布南口店,満席,4,FULL,0
2026-09-19T14:17:28,2026-09-19T14:10,20895,登戸駅前店,満席,4,FULL,0
2026-09-19T14:17:28,2026-09-19T14:10,20391,百合ヶ丘店,残1席,1,AVAILABLE,1
2026-09-19T14:17:28,2026-09-19T14:10,20332,横浜北山田店,残3席,1,AVAILABLE,3
2026-09-19T14:26:03,2026-09-19T14:20,20903,調布南口店,満席,4,FULL,0
2026-09-19T14:26:03,2026-09-19T14:20,20895,登戸駅前店,満席,4,FULL,0
2026-09-19T14:26:03,2026-09-19T14:20,20391,百合ヶ丘店,残1席,1,AVAILABLE,1
2026-09-19T14:26:03,2026-09-19T14:20,20332,横浜北山田店,残2席,1,AVAILABLE,2
2026-09-19T14:33:57,2026-09-19T14:30,20903,調布南口店,残1席,1,AVAILABLE,1
2026-09-19T14:33:57,2026-09-19T14:30,20895,登戸駅前店,満席,4,FULL,0
2026-09-19T14:33:57,2026-09-19T14:30,20391,百合ヶ丘店,残1席,1,AVAILABLE,1
2026-09-19T14:33:57,2026-09-19T14:30,20332,横浜北山田店,残2席,1,AVAILABLE,2
2026-09-19T14:42:56,2026-09-19T14:40,20903,調布南口店,残1席,1,AVAILABLE,1
2026-09-19T14:42:56,2026-09-19T14:40,20895,登戸駅前店,満席,4,FULL,0
2026-09-19T14:42:56,2026-09-19T14:40,20391,百合ヶ丘店,残1席,1,AVAILABLE,1
2026-09-19T14:42:56,2026-09-19T14:40,20332,横浜北山田店,残2席,1,AVAILABLE,2
2026-09-19T14:51:19,2026-09-19T14:40,20903,調布南口店,残1席,1,AVAILABLE,1
2026-09-19T14:51:19,2026-09-19T14:40,20895,登戸駅前店,満席,4,FULL,0
2026-09-19T14:51:19,2026-09-19T14:40,20391,百合ヶ丘店,残1席,1,AVAILABLE,1
2026-09-19T14:51:19,2026-09-19T14:40,20332,横浜北山田店,残2席,1,AVAILABLE,2
2026-09-19T15:01:11,2026-09-19T14:50,20903,調布南口店,残2席,1,AVAILABLE,2
2026-09-19T15:01:11,2026-09-19T14:50,20895,登戸駅前店,満席,4,FULL,0
2026-09-19T15:01:11,2026-09-19T14:50,20391,百合ヶ丘店,残2席,1,AVAILABLE,2
2026-09-19T15:01:11,2026-09-19T14:50,20332,横浜北山田店,残4席,1,AVAILABLE,4
2026-09-19T15:22:27,2026-09-19T15:20,20903,調布南口店,残2席,1,AVAILABLE,2
2026-09-19T15:22:27,2026-09-19T15:20,20895,登戸駅前店,満席,4,FULL,0
2026-09-19T15:22:27,2026-09-19T15:20,20391,百合ヶ丘店,満席,4,FULL,0
2026-09-19T15:22:27,2026-09-19T15:20,20332,横浜北山田店,残2席,1,AVAILABLE,2
2026-09-19T15:37:41,2026-09-19T15:30,20903,調布南口店,残2席,1,AVAILABLE,2
2026-09-19T15:37:41,2026-09-19T15:30,20895,登戸駅前店,満席,4,FULL,0
2026-09-19T15:37:41,2026-09-19T15:30,20391,百合ヶ丘店,満席,4,FULL,0
2026-09-19T15:37:41,2026-09-19T15:30,20332,横浜北山田店,残1席,1,AVAILABLE,1
2026-09-19T15:47:49,2026-09-19T15:40,20903,調布南口店,残2席,1,AVAILABLE,2
2026-09-19T15:47:49,2026-09-19T15:40,20895,登戸駅前店,満席,4,FULL,0
2026-09-19T15:47:49,2026-09-19T15:40,20391,百合ヶ丘店,満席,4,FULL,0
2026-09-19T15:47:49,2026-09-19T15:40,20332,横浜北山田店,残1席,1,AVAILABLE,1
2026-09-19T15:55:29,2026-09-19T15:50,20903,調布南口店,残2席,1,AVAILABLE,2
2026-09-19T15:55:29,2026-09-19T15:50,20895,登戸駅前店,満席,4,FULL,0
2026-09-19T15:55:29,2026-09-19T15:50,20391,百合ヶ丘店,満席,4,FULL,0
2026-09-19T15:55:29,2026-09-19T15:50,20332,横浜北山田店,残1席,1,AVAILABLE,1
2026-09-19T16:01:45,2026-09-19T15:50,20903,調布南口店,残2席,1,AVAILABLE,2
2026-09-19T16:01:45,2026-09-19T15:50,20895,登戸駅前店,満席,4,FULL,0
2026-09-19T16:01:45,2026-09-19T15:50,20391,百合ヶ丘店,満席,4,FULL,0
2026-09-19T16:01:45,2026-09-19T15:50,20332,横浜北山田店,残1席,1,AVAILABLE,1
2026-09-19T16:17:15,2026-09-19T16:10,20903,調布南口店,残1席,1,AVAILABLE,1
2026-09-19T16:17:15,2026-09-19T16:10,20895,登戸駅前店,満席,4,FULL,0
2026-09-19T16:17:15,2026-09-19T16:10,20391,百合ヶ丘店,満席,4,FULL,0
2026-09-19T16:17:15,2026-09-19T16:10,20332,横浜北山田店,残2席,1,AVAILABLE,2
2026-09-19T16:26:32,2026-09-19T16:20,20903,調布南口店,満席,4,FULL,0
2026-09-19T16:26:32,2026-09-19T16:20,20895,登戸駅前店,満席,4,FULL,0
2026-09-19T16:26:32,2026-09-19T16:20,20391,百合ヶ丘店,満席,4,FULL,0
2026-09-19T16:26:32,2026-09-19T16:20,20332,横浜北山田店,残2席,1,AVAILABLE,2
2026-09-19T16:34:08,2026-09-19T16:30,20903,調布南口店,満席,4,FULL,0
2026-09-19T16:34:08,2026-09-19T16:30,20895,登戸駅前店,満席,4,FULL,0
2026-09-19T16:34:08,2026-09-19T16:30,20391,百合ヶ丘店,残1席,1,AVAILABLE,1
2026-09-19T16:34:08,2026-09-19T16:30,20332,横浜北山田店,残3席,1,AVAILABLE,3
2026-09-19T16:42:49,2026-09-19T16:40,20903,調布南口店,満席,4,FULL,0
2026-09-19T16:42:49,2026-09-19T16:40,20895,登戸駅前店,残1席,1,AVAILABLE,1
2026-09-19T16:42:49,2026-09-19T16:40,20391,百合ヶ丘店,残1席,1,AVAILABLE,1
2026-09-19T16:42:49,2026-09-19T16:40,20332,横浜北山田店,残3席,1,AVAILABLE,3
2026-09-19T16:50:47,2026-09-19T16:40,20903,調布南口店,満席,4,FULL,0
2026-09-19T16:50:47,2026-09-19T16:40,20895,登戸駅前店,残1席,1,AVAILABLE,1
2026-09-19T16:50:47,2026-09-19T16:40,20391,百合ヶ丘店,残1席,1,AVAILABLE,1
2026-09-19T16:50:47,2026-09-19T16:40,20332,横浜北山田店,残3席,1,AVAILABLE,3
2026-09-19T17:00:53,2026-09-19T16:50,20903,調布南口店,満席,4,FULL,0
2026-09-19T17:00:53,2026-09-19T16:50,20895,登戸駅前店,満席,4,FULL,0
2026-09-19T17:00:53,2026-09-19T16:50,20391,百合ヶ丘店,残1席,1,AVAILABLE,1
2026-09-19T17:00:53,2026-09-19T16:50,20332,横浜北山田店,残5席,1,AVAILABLE,5
2026-09-19T17:19:18,2026-09-19T17:10,20903,調布南口店,満席,4,FULL,0
2026-09-19T17:19:18,2026-09-19T17:10,20895,登戸駅前店,満席,4,FULL,0
2026-09-19T17:19:18,2026-09-19T17:10,20391,百合ヶ丘店,残2席,1,AVAILABLE,2
2026-09-19T17:19:18,2026-09-19T17:10,20332,横浜北山田店,残3席,1,AVAILABLE,3
2026-09-19T17:30:29,2026-09-19T17:20,20903,調布南口店,満席,4,FULL,0
2026-09-19T17:30:29,2026-09-19T17:20,20895,登戸駅前店,満席,4,FULL,0
2026-09-19T17:30:29,2026-09-19T17:20,20391,百合ヶ丘店,残2席,1,AVAILABLE,2
2026-09-19T17:30:29,2026-09-19T17:20,20332,横浜北山田店,残2席,1,AVAILABLE,2
2026-09-19T17:44:03,2026-09-19T17:40,20903,調布南口店,満席,4,FULL,0
2026-09-19T17:44:03,2026-09-19T17:40,20895,登戸駅前店,満席,4,FULL,0
2026-09-19T17:44:03,2026-09-19T17:40,20391,百合ヶ丘店,残1席,1,AVAILABLE,1
2026-09-19T17:44:03,2026-09-19T17:40,20332,横浜北山田店,残3席,1,AVAILABLE,3
2026-09-19T17:52:01,2026-09-19T17:50,20903,調布南口店,満席,4,FULL,0
2026-09-19T17:52:01,2026-09-19T17:50,20895,登戸駅前店,満席,4,FULL,0
2026-09-19T17:52:01,2026-09-19T17:50,20391,百合ヶ丘店,残1席,1,AVAILABLE,1
2026-09-19T17:52:01,2026-09-19T17:50,20332,横浜北山田店,残3席,1,AVAILABLE,3
2026-09-19T18:00:57,2026-09-19T17:50,20903,調布南口店,満席,4,FULL,0
2026-09-19T18:00:57,2026-09-19T17:50,20895,登戸駅前店,満席,4,FULL,0
2026-09-19T18:00:57,2026-09-19T17:50,20391,百合ヶ丘店,残1席,1,AVAILABLE,1
2026-09-19T18:00:57,2026-09-19T17:50,20332,横浜北山田店,残2席,1,AVAILABLE,2
2026-09-19T18:18:09,2026-09-19T18:10,20903,調布南口店,満席,4,FULL,0
2026-09-19T18:18:09,2026-09-19T18:10,20895,登戸駅前店,満席,4,FULL,0
2026-09-19T18:18:09,2026-09-19T18:10,20391,百合ヶ丘店,残1席,1,AVAILABLE,1
2026-09-19T18:18:09,2026-09-19T18:10,20332,横浜北山田店,残3席,1,AVAILABLE,3
2026-09-19T18:28:04,2026-09-19T18:20,20903,調布南口店,満席,4,FULL,0
2026-09-19T18:28:04,2026-09-19T18:20,20895,登戸駅前店,満席,4,FULL,0
2026-09-19T18:28:04,2026-09-19T18:20,20391,百合ヶ丘店,残1席,1,AVAILABLE,1
2026-09-19T18:28:04,2026-09-19T18:20,20332,横浜北山田店,残3席,1,AVAILABLE,3
2026-09-19T18:36:56,2026-09-19T18:30,20903,調布南口店,残1席,1,AVAILABLE,1
2026-09-19T18:36:56,2026-09-19T18:30,20895,登戸駅前店,満席,4,FULL,0
2026-09-19T18:36:56,2026-09-19T18:30,20391,百合ヶ丘店,残1席,1,AVAILABLE,1
2026-09-19T18:36:56,2026-09-19T18:30,20332,横浜北山田店,残2席,1,AVAILABLE,2
2026-09-19T18:44:03,2026-09-19T18:40,20903,調布南口店,満席,4,FULL,0
2026-09-19T18:44:03,2026-09-19T18:40,20895,登戸駅前店,残1席,1,AVAILABLE,1
2026-09-19T18:44:03,2026-09-19T18:40,20391,百合ヶ丘店,残2席,1,AVAILABLE,2
2026-09-19T18:44:03,2026-09-19T18:40,20332,横浜北山田店,残2席,1,AVAILABLE,2
2026-09-19T18:51:11,2026-09-19T18:40,20903,調布南口店,満席,4,FULL,0
2026-09-19T18:51:11,2026-09-19T18:40,20895,登戸駅前店,残1席,1,AVAILABLE,1
2026-09-19T18:51:11,2026-09-19T18:40,20391,百合ヶ丘店,残2席,1,AVAILABLE,2
2026-09-19T18:51:11,2026-09-19T18:40,20332,横浜北山田店,残2席,1,AVAILABLE,2
2026-09-19T19:02:09,2026-09-19T19:00,20903,調布南口店,満席,4,FULL,0
2026-09-19T19:02:09,2026-09-19T19:00,20895,登戸駅前店,残2席,1,AVAILABLE,2
2026-09-19T19:02:09,2026-09-19T19:00,20391,百合ヶ丘店,残2席,1,AVAILABLE,2
2026-09-19T19:02:09,2026-09-19T19:00,20332,横浜北山田店,残5席,1,AVAILABLE,5
2026-09-19T19:17:50,2026-09-19T19:10,20903,調布南口店,満席,4,FULL,0
2026-09-19T19:17:50,2026-09-19T19:10,20895,登戸駅前店,残2席,1,AVAILABLE,2
2026-09-19T19:17:50,2026-09-19T19:10,20391,百合ヶ丘店,残1席,1,AVAILABLE,1
2026-09-19T19:17:50,2026-09-19T19:10,20332,横浜北山田店,残5席,1,AVAILABLE,5
2026-09-19T19:27:21,2026-09-19T19:20,20903,調布南口店,満席,4,FULL,0
2026-09-19T19:27:21,2026-09-19T19:20,20895,登戸駅前店,残1席,1,AVAILABLE,1
2026-09-19T19:27:21,2026-09-19T19:20,20391,百合ヶ丘店,残1席,1,AVAILABLE,1
2026-09-19T19:27:21,2026-09-19T19:20,20332,横浜北山田店,残6席,1,AVAILABLE,6
2026-09-19T19:35:29,2026-09-19T19:30,20903,調布南口店,満席,4,FULL,0
2026-09-19T19:35:29,2026-09-19T19:30,20895,登戸駅前店,満席,4,FULL,0
2026-09-19T19:35:29,2026-09-19T19:30,20391,百合ヶ丘店,残1席,1,AVAILABLE,1
2026-09-19T19:35:29,2026-09-19T19:30,20332,横浜北山田店,残6席,1,AVAILABLE,6
2026-09-19T19:43:11,2026-09-19T19:40,20903,調布南口店,満席,4,FULL,0
2026-09-19T19:43:11,2026-09-19T19:40,20895,登戸駅前店,満席,4,FULL,0
2026-09-19T19:43:11,2026-09-19T19:40,20391,百合ヶ丘店,残1席,1,AVAILABLE,1
2026-09-19T19:43:11,2026-09-19T19:40,20332,横浜北山田店,残6席,1,AVAILABLE,6
2026-09-19T19:50:36,2026-09-19T19:40,20903,調布南口店,満席,4,FULL,0
2026-09-19T19:50:36,2026-09-19T19:40,20895,登戸駅前店,満席,4,FULL,0
2026-09-19T19:50:36,2026-09-19T19:40,20391,百合ヶ丘店,残1席,1,AVAILABLE,1
2026-09-19T19:50:36,2026-09-19T19:40,20332,横浜北山田店,残6席,1,AVAILABLE,6
2026-09-19T20:00:59,2026-09-19T19:50,20903,調布南口店,満席,4,FULL,0
2026-09-19T20:00:59,2026-09-19T19:50,20895,登戸駅前店,満席,4,FULL,0
2026-09-19T20:00:59,2026-09-19T19:50,20391,百合ヶ丘店,満席,4,FULL,0
2026-09-19T20:00:59,2026-09-19T19:50,20332,横浜北山田店,残7席,1,AVAILABLE,7
2026-09-19T20:16:40,2026-09-19T20:10,20903,調布南口店,満席,4,FULL,0
2026-09-19T20:16:40,2026-09-19T20:10,20895,登戸駅前店,満席,4,FULL,0
2026-09-19T20:16:40,2026-09-19T20:10,20391,百合ヶ丘店,満席,4,FULL,0
2026-09-19T20:16:40,2026-09-19T20:10,20332,横浜北山田店,残6席,1,AVAILABLE,6
2026-09-19T20:25:26,2026-09-19T20:20,20903,調布南口店,満席,4,FULL,0
2026-09-19T20:25:26,2026-09-19T20:20,20895,登戸駅前店,満席,4,FULL,0
2026-09-19T20:25:26,2026-09-19T20:20,20391,百合ヶ丘店,満席,4,FULL,0
2026-09-19T20:25:26,2026-09-19T20:20,20332,横浜北山田店,残7席,1,AVAILABLE,7
2026-09-19T20:32:28,2026-09-19T20:30,20903,調布南口店,満席,4,FULL,0
2026-09-19T20:32:28,2026-09-19T20:30,20895,登戸駅前店,満席,4,FULL,0
2026-09-19T20:32:28,2026-09-19T20:30,20391,百合ヶ丘店,満席,4,FULL,0
2026-09-19T20:32:28,2026-09-19T20:30,20332,横浜北山田店,残9席,1,AVAILABLE,9
2026-09-19T20:42:17,2026-09-19T20:40,20903,調布南口店,満席,4,FULL,0
2026-09-19T20:42:17,2026-09-19T20:40,20895,登戸駅前店,満席,4,FULL,0
2026-09-19T20:42:17,2026-09-19T20:40,20391,百合ヶ丘店,満席,4,FULL,0
2026-09-19T20:42:17,2026-09-19T20:40,20332,横浜北山田店,残9席,1,AVAILABLE,9
2026-09-19T20:50:57,2026-09-19T20:40,20903,調布南口店,満席,4,FULL,0
2026-09-19T20:50:57,2026-09-19T20:40,20895,登戸駅前店,満席,4,FULL,0
2026-09-19T20:50:57,2026-09-19T20:40,20391,百合ヶ丘店,満席,4,FULL,0
2026-09-19T20:50:57,2026-09-19T20:40,20332,横浜北山田店,残9席,1,AVAILABLE,9
2026-09-19T21:00:47,2026-09-19T20:50,20903,調布南口店,満席,4,FULL,0
2026-09-19T21:00:47,2026-09-19T20:50,20895,登戸駅前店,満席,4,FULL,0
2026-09-19T21:00:47,2026-09-19T20:50,20391,百合ヶ丘店,満席,4,FULL,0
2026-09-19T21:00:47,2026-09-19T20:50,20332,横浜北山田店,残7席,1,AVAILABLE,7
2026-09-19T21:22:24,2026-09-19T21:20,20903,調布南口店,残1席,1,AVAILABLE,1
2026-09-19T21:22:24,2026-09-19T21:20,20895,登戸駅前店,満席,4,FULL,0
2026-09-19T21:22:24,2026-09-19T21:20,20391,百合ヶ丘店,満席,4,FULL,0
2026-09-19T21:22:24,2026-09-19T21:20,20332,横浜北山田店,残4席,1,AVAILABLE,4
2026-09-19T21:36:50,2026-09-19T21:30,20903,調布南口店,残2席,1,AVAILABLE,2
2026-09-19T21:36:50,2026-09-19T21:30,20895,登戸駅前店,満席,4,FULL,0
2026-09-19T21:36:50,2026-09-19T21:30,20391,百合ヶ丘店,満席,4,FULL,0
2026-09-19T21:36:50,2026-09-19T21:30,20332,横浜北山田店,残3席,1,AVAILABLE,3
2026-09-19T21:47:15,2026-09-19T21:40,20903,調布南口店,残2席,1,AVAILABLE,2
2026-09-19T21:47:15,2026-09-19T21:40,20895,登戸駅前店,満席,4,FULL,0
2026-09-19T21:47:15,2026-09-19T21:40,20391,百合ヶ丘店,満席,4,FULL,0
2026-09-19T21:47:15,2026-09-19T21:40,20332,横浜北山田店,残1席,1,AVAILABLE,1
2026-09-19T21:54:34,2026-09-19T21:50,20903,調布南口店,残2席,1,AVAILABLE,2
2026-09-19T21:54:34,2026-09-19T21:50,20895,登戸駅前店,残1席,1,AVAILABLE,1
2026-09-19T21:54:34,2026-09-19T21:50,20391,百合ヶ丘店,満席,4,FULL,0
2026-09-19T21:54:34,2026-09-19T21:50,20332,横浜北山田店,残1席,1,AVAILABLE,1
2026-09-19T22:01:02,2026-09-19T21:50,20903,調布南口店,残2席,1,AVAILABLE,2
2026-09-19T22:01:02,2026-09-19T21:50,20895,登戸駅前店,残1席,1,AVAILABLE,1
2026-09-19T22:01:02,2026-09-19T21:50,20391,百合ヶ丘店,満席,4,FULL,0
2026-09-19T22:01:02,2026-09-19T21:50,20332,横浜北山田店,残1席,1,AVAILABLE,1
2026-09-19T22:17:57,2026-09-19T22:10,20903,調布南口店,残1席,1,AVAILABLE,1
2026-09-19T22:17:57,2026-09-19T22:10,20895,登戸駅前店,残1席,1,AVAILABLE,1
2026-09-19T22:17:57,2026-09-19T22:10,20391,百合ヶ丘店,残1席,1,AVAILABLE,1
2026-09-19T22:17:57,2026-09-19T22:10,20332,横浜北山田店,残1席,1,AVAILABLE,1
2026-09-19T22:27:26,2026-09-19T22:20,20903,調布南口店,残1席,1,AVAILABLE,1
2026-09-19T22:27:26,2026-09-19T22:20,20895,登戸駅前店,満席,4,FULL,0
2026-09-19T22:27:26,2026-09-19T22:20,20391,百合ヶ丘店,満席,4,FULL,0
2026-09-19T22:27:26,2026-09-19T22:20,20332,横浜北山田店,残1席,1,AVAILABLE,1
2026-09-19T22:34:53,2026-09-19T22:30,20903,調布南口店,残1席,1,AVAILABLE,1
2026-09-19T22:34:53,2026-09-19T22:30,20895,登戸駅前店,満席,4,FULL,0
2026-09-19T22:34:53,2026-09-19T22:30,20391,百合ヶ丘店,満席,4,FULL,0
2026-09-19T22:34:53,2026-09-19T22:30,20332,横浜北山田店,満席,4,FULL,0
2026-09-19T22:42:22,2026-09-19T22:40,20903,調布南口店,満席,4,FULL,0
2026-09-19T22:42:22,2026-09-19T22:40,20895,登戸駅前店,満席,4,FULL,0
2026-09-19T22:42:22,2026-09-19T22:40,20391,百合ヶ丘店,満席,4,FULL,0
2026-09-19T22:42:22,2026-09-19T22:40,20332,横浜北山田店,残2席,1,AVAILABLE,2
2026-09-19T22:50:31,2026-09-19T22:40,20903,調布南口店,満席,4,FULL,0
2026-09-19T22:50:31,2026-09-19T22:40,20895,登戸駅前店,満席,4,FULL,0
2026-09-19T22:50:31,2026-09-19T22:40,20391,百合ヶ丘店,満席,4,FULL,0
2026-09-19T22:50:31,2026-09-19T22:40,20332,横浜北山田店,残2席,1,AVAILABLE,2
2026-09-19T23:01:32,2026-09-19T22:50,20903,調布南口店,満席,4,FULL,0
2026-09-19T23:01:32,2026-09-19T22:50,20895,登戸駅前店,満席,4,FULL,0
2026-09-19T23:01:32,2026-09-19T22:50,20391,百合ヶ丘店,満席,4,FULL,0
2026-09-19T23:01:32,2026-09-19T22:50,20332,横浜北山田店,満席,4,FULL,0
2026-09-19T23:17:23,2026-09-19T23:10,20903,調布南口店,残2席,1,AVAILABLE,2
2026-09-19T23:17:23,2026-09-19T23:10,20895,登戸駅前店,満席,4,FULL,0
2026-09-19T23:17:23,2026-09-19T23:10,20391,百合ヶ丘店,満席,4,FULL,0
2026-09-19T23:17:23,2026-09-19T23:10,20332,横浜北山田店,満席,4,FULL,0
2026-09-19T23:26:27,2026-09-19T23:20,20903,調布南口店,残2席,1,AVAILABLE,2
2026-09-19T23:26:27,2026-09-19T23:20,20895,登戸駅前店,満席,4,FULL,0
2026-09-19T23:26:27,2026-09-19T23:20,20391,百合ヶ丘店,満席,4,FULL,0
2026-09-19T23:26:27,2026-09-19T23:20,20332,横浜北山田店,満席,4,FULL,0
2026-09-19T23:34:39,2026-09-19T23:30,20903,調布南口店,残2席,1,AVAILABLE,2
2026-09-19T23:34:39,2026-09-19T23:30,20895,登戸駅前店,満席,4,FULL,0
2026-09-19T23:34:39,2026-09-19T23:30,20391,百合ヶ丘店,満席,4,FULL,0
2026-09-19T23:34:39,2026-09-19T23:30,20332,横浜北山田店,残1席,1,AVAILABLE,1
2026-09-19T23:42:50,2026-09-19T23:40,20903,調布南口店,残1席,1,AVAILABLE,1
2026-09-19T23:42:50,2026-09-19T23:40,20895,登戸駅前店,満席,4,FULL,0
2026-09-19T23:42:50,2026-09-19T23:40,20391,百合ヶ丘店,満席,4,FULL,0
2026-09-19T23:42:50,2026-09-19T23:40,20332,横浜北山田店,残1席,1,AVAILABLE,1
2026-09-19T23:50:54,2026-09-19T23:40,20903,調布南口店,残1席,1,AVAILABLE,1
2026-09-19T23:50:54,2026-09-19T23:40,20895,登戸駅前店,満席,4,FULL,0
2026-09-19T23:50:54,2026-09-19T23:40,20391,百合ヶ丘店,満席,4,FULL,0
2026-09-19T23:50:54,2026-09-19T23:40,20332,横浜北山田店,残1席,1,AVAILABLE,1
2026-09-20T00:01:20,2026-09-19T23:50,20903,調布南口店,残1席,1,AVAILABLE,1
2026-09-20T00:01:20,2026-09-19T23:50,20895,登戸駅前店,残1席,1,AVAILABLE,1
2026-09-20T00:01:20,2026-09-19T23:50,20391,百合ヶ丘店,満席,4,FULL,0
2026-09-20T00:01:20,2026-09-19T23:50,20332,横浜北山田店,残1席,1,AVAILABLE,1
2026-09-20T00:16:59,2026-09-20T00:10,20903,調布南口店,満席,4,FULL,0
2026-09-20T00:16:59,2026-09-20T00:10,20895,登戸駅前店,残1席,1,AVAILABLE,1
2026-09-20T00:16:59,2026-09-20T00:10,20391,百合ヶ丘店,満席,4,FULL,0
2026-09-20T00:16:59,2026-09-20T00:10,20332,横浜北山田店,残4席,1,AVAILABLE,4
2026-09-20T00:26:12,2026-09-20T00:20,20903,調布南口店,満席,4,FULL,0
2026-09-20T00:26:12,2026-09-20T00:20,20895,登戸駅前店,残1席,1,AVAILABLE,1
2026-09-20T00:26:12,2026-09-20T00:20,20391,百合ヶ丘店,満席,4,FULL,0
2026-09-20T00:26:12,2026-09-20T00:20,20332,横浜北山田店,残6席,1,AVAILABLE,6
2026-09-20T00:33:46,2026-09-20T00:30,20903,調布南口店,満席,4,FULL,0
2026-09-20T00:33:46,2026-09-20T00:30,20895,登戸駅前店,残1席,1,AVAILABLE,1
2026-09-20T00:33:46,2026-09-20T00:30,20391,百合ヶ丘店,満席,4,FULL,0
2026-09-20T00:33:46,2026-09-20T00:30,20332,横浜北山田店,残6席,1,AVAILABLE,6
2026-09-20T00:42:32,2026-09-20T00:40,20903,調布南口店,残1席,1,AVAILABLE,1
2026-09-20T00:42:32,2026-09-20T00:40,20895,登戸駅前店,残1席,1,AVAILABLE,1
2026-09-20T00:42:32,2026-09-20T00:40,20391,百合ヶ丘店,満席,4,FULL,0
2026-09-20T00:42:32,2026-09-20T00:40,20332,横浜北山田店,残4席,1,AVAILABLE,4
2026-09-20T00:50:33,2026-09-20T00:40,20903,調布南口店,残1席,1,AVAILABLE,1
2026-09-20T00:50:33,2026-09-20T00:40,20895,登戸駅前店,残1席,1,AVAILABLE,1
2026-09-20T00:50:33,2026-09-20T00:40,20391,百合ヶ丘店,満席,4,FULL,0
2026-09-20T00:50:33,2026-09-20T00:40,20332,横浜北山田店,残4席,1,AVAILABLE,4
2026-09-20T01:00:51,2026-09-20T00:50,20903,調布南口店,残1席,1,AVAILABLE,1
2026-09-20T01:00:51,2026-09-20T00:50,20895,登戸駅前店,満席,4,FULL,0
2026-09-20T01:00:51,2026-09-20T00:50,20391,百合ヶ丘店,満席,4,FULL,0
2026-09-20T01:00:51,2026-09-20T00:50,20332,横浜北山田店,残5席,1,AVAILABLE,5
2026-09-20T01:18:02,2026-09-20T01:10,20903,調布南口店,満席,4,FULL,0
2026-09-20T01:18:02,2026-09-20T01:10,20895,登戸駅前店,満席,4,FULL,0
2026-09-20T01:18:02,2026-09-20T01:10,20391,百合ヶ丘店,満席,4,FULL,0
2026-09-20T01:18:02,2026-09-20T01:10,20332,横浜北山田店,残4席,1,AVAILABLE,4
2026-09-20T01:28:17,2026-09-20T01:20,20903,調布南口店,満席,4,FULL,0
2026-09-20T01:28:17,2026-09-20T01:20,20895,登戸駅前店,満席,4,FULL,0
2026-09-20T01:28:17,2026-09-20T01:20,20391,百合ヶ丘店,満席,4,FULL,0
2026-09-20T01:28:17,2026-09-20T01:20,20332,横浜北山田店,残4席,1,AVAILABLE,4
2026-09-20T01:37:06,2026-09-20T01:30,20903,調布南口店,満席,4,FULL,0
2026-09-20T01:37:06,2026-09-20T01:30,20895,登戸駅前店,満席,4,FULL,0
2026-09-20T01:37:06,2026-09-20T01:30,20391,百合ヶ丘店,満席,4,FULL,0
2026-09-20T01:37:06,2026-09-20T01:30,20332,横浜北山田店,残5席,1,AVAILABLE,5
2026-09-20T01:44:10,2026-09-20T01:40,20903,調布南口店,満席,4,FULL,0
2026-09-20T01:44:10,2026-09-20T01:40,20895,登戸駅前店,満席,4,FULL,0
2026-09-20T01:44:10,2026-09-20T01:40,20391,百合ヶ丘店,満席,4,FULL,0
2026-09-20T01:44:10,2026-09-20T01:40,20332,横浜北山田店,残4席,1,AVAILABLE,4
2026-09-20T01:51:49,2026-09-20T01:40,20903,調布南口店,満席,4,FULL,0
2026-09-20T01:51:49,2026-09-20T01:40,20895,登戸駅前店,満席,4,FULL,0
2026-09-20T01:51:49,2026-09-20T01:40,20391,百合ヶ丘店,満席,4,FULL,0
2026-09-20T01:51:49,2026-09-20T01:40,20332,横浜北山田店,残4席,1,AVAILABLE,4
2026-09-20T02:01:04,2026-09-20T01:50,20903,調布南口店,満席,4,FULL,0
2026-09-20T02:01:04,2026-09-20T01:50,20895,登戸駅前店,満席,4,FULL,0
2026-09-20T02:01:04,2026-09-20T01:50,20391,百合ヶ丘店,残1席,1,AVAILABLE,1
2026-09-20T02:01:04,2026-09-20T01:50,20332,横浜北山田店,残4席,1,AVAILABLE,4
2026-09-20T02:16:10,2026-09-20T02:10,20903,調布南口店,満席,4,FULL,0
2026-09-20T02:16:10,2026-09-20T02:10,20895,登戸駅前店,満席,4,FULL,0
2026-09-20T02:16:10,2026-09-20T02:10,20391,百合ヶ丘店,残2席,1,AVAILABLE,2
2026-09-20T02:16:10,2026-09-20T02:10,20332,横浜北山田店,残5席,1,AVAILABLE,5
2026-09-20T02:24:29,2026-09-20T02:20,20903,調布南口店,満席,4,FULL,0
2026-09-20T02:24:29,2026-09-20T02:20,20895,登戸駅前店,満席,4,FULL,0
2026-09-20T02:24:29,2026-09-20T02:20,20391,百合ヶ丘店,残2席,1,AVAILABLE,2
2026-09-20T02:24:29,2026-09-20T02:20,20332,横浜北山田店,残5席,1,AVAILABLE,5
2026-09-20T02:31:30,2026-09-20T02:20,20903,調布南口店,満席,4,FULL,0
2026-09-20T02:31:30,2026-09-20T02:20,20895,登戸駅前店,満席,4,FULL,0
2026-09-20T02:31:30,2026-09-20T02:20,20391,百合ヶ丘店,残2席,1,AVAILABLE,2
2026-09-20T02:31:30,2026-09-20T02:20,20332,横浜北山田店,残5席,1,AVAILABLE,5
2026-09-20T02:41:34,2026-09-20T02:30,20903,調布南口店,満席,4,FULL,0
2026-09-20T02:41:34,2026-09-20T02:30,20895,登戸駅前店,満席,4,FULL,0
2026-09-20T02:41:34,2026-09-20T02:30,20391,百合ヶ丘店,残1席,1,AVAILABLE,1
2026-09-20T02:41:34,2026-09-20T02:30,20332,横浜北山田店,残4席,1,AVAILABLE,4
2026-09-20T02:51:07,2026-09-20T02:40,20903,調布南口店,満席,4,FULL,0
2026-09-20T02:51:07,2026-09-20T02:40,20895,登戸駅前店,満席,4,FULL,0
2026-09-20T02:51:07,2026-09-20T02:40,20391,百合ヶ丘店,残1席,1,AVAILABLE,1
2026-09-20T02:51:07,2026-09-20T02:40,20332,横浜北山田店,残4席,1,AVAILABLE,4
2026-09-20T03:01:28,2026-09-20T02:50,20903,調布南口店,満席,4,FULL,0
2026-09-20T03:01:28,2026-09-20T02:50,20895,登戸駅前店,満席,4,FULL,0
2026-09-20T03:01:28,2026-09-20T02:50,20391,百合ヶ丘店,残1席,1,AVAILABLE,1
2026-09-20T03:01:28,2026-09-20T02:50,20332,横浜北山田店,残4席,1,AVAILABLE,4
2026-09-20T03:20:18,2026-09-20T03:10,20903,調布南口店,残1席,1,AVAILABLE,1
2026-09-20T03:20:18,2026-09-20T03:10,20895,登戸駅前店,満席,4,FULL,0
2026-09-20T03:20:18,2026-09-20T03:10,20391,百合ヶ丘店,残1席,1,AVAILABLE,1
2026-09-20T03:20:18,2026-09-20T03:10,20332,横浜北山田店,残5席,1,AVAILABLE,5
2026-09-20T03:34:54,2026-09-20T03:30,20903,調布南口店,残1席,1,AVAILABLE,1
2026-09-20T03:34:54,2026-09-20T03:30,20895,登戸駅前店,残1席,1,AVAILABLE,1
2026-09-20T03:34:54,2026-09-20T03:30,20391,百合ヶ丘店,残1席,1,AVAILABLE,1
2026-09-20T03:34:54,2026-09-20T03:30,20332,横浜北山田店,残6席,1,AVAILABLE,6
2026-09-20T03:44:37,2026-09-20T03:40,20903,調布南口店,残1席,1,AVAILABLE,1
2026-09-20T03:44:37,2026-09-20T03:40,20895,登戸駅前店,残1席,1,AVAILABLE,1
2026-09-20T03:44:37,2026-09-20T03:40,20391,百合ヶ丘店,残1席,1,AVAILABLE,1
2026-09-20T03:44:37,2026-09-20T03:40,20332,横浜北山田店,残6席,1,AVAILABLE,6
2026-09-20T03:51:51,2026-09-20T03:40,20903,調布南口店,残1席,1,AVAILABLE,1
2026-09-20T03:51:51,2026-09-20T03:40,20895,登戸駅前店,残1席,1,AVAILABLE,1
2026-09-20T03:51:51,2026-09-20T03:40,20391,百合ヶ丘店,残1席,1,AVAILABLE,1
2026-09-20T03:51:51,2026-09-20T03:40,20332,横浜北山田店,残6席,1,AVAILABLE,6
2026-09-20T04:00:53,2026-09-20T03:50,20903,調布南口店,残1席,1,AVAILABLE,1
2026-09-20T04:00:53,2026-09-20T03:50,20895,登戸駅前店,残1席,1,AVAILABLE,1
2026-09-20T04:00:53,2026-09-20T03:50,20391,百合ヶ丘店,残1席,1,AVAILABLE,1
2026-09-20T04:00:53,2026-09-20T03:50,20332,横浜北山田店,残5席,1,AVAILABLE,5
2026-09-20T04:15:14,2026-09-20T04:10,20903,調布南口店,残1席,1,AVAILABLE,1
2026-09-20T04:15:14,2026-09-20T04:10,20895,登戸駅前店,残1席,1,AVAILABLE,1
2026-09-20T04:15:14,2026-09-20T04:10,20391,百合ヶ丘店,残2席,1,AVAILABLE,2
2026-09-20T04:15:14,2026-09-20T04:10,20332,横浜北山田店,残8席,1,AVAILABLE,8
2026-09-20T04:22:27,2026-09-20T04:20,20903,調布南口店,残1席,1,AVAILABLE,1
2026-09-20T04:22:27,2026-09-20T04:20,20895,登戸駅前店,残1席,1,AVAILABLE,1
2026-09-20T04:22:27,2026-09-20T04:20,20391,百合ヶ丘店,残2席,1,AVAILABLE,2
2026-09-20T04:22:27,2026-09-20T04:20,20332,横浜北山田店,残9席,1,AVAILABLE,9
2026-09-20T04:30:40,2026-09-20T04:20,20903,調布南口店,残1席,1,AVAILABLE,1
2026-09-20T04:30:40,2026-09-20T04:20,20895,登戸駅前店,残1席,1,AVAILABLE,1
2026-09-20T04:30:40,2026-09-20T04:20,20391,百合ヶ丘店,残2席,1,AVAILABLE,2
2026-09-20T04:30:40,2026-09-20T04:20,20332,横浜北山田店,残9席,1,AVAILABLE,9
2026-09-20T04:41:40,2026-09-20T04:30,20903,調布南口店,満席,4,FULL,0
2026-09-20T04:41:40,2026-09-20T04:30,20895,登戸駅前店,残1席,1,AVAILABLE,1
2026-09-20T04:41:40,2026-09-20T04:30,20391,百合ヶ丘店,残2席,1,AVAILABLE,2
2026-09-20T04:41:40,2026-09-20T04:30,20332,横浜北山田店,残10席以上,1,AVAILABLE,10
2026-09-20T04:50:41,2026-09-20T04:40,20903,調布南口店,満席,4,FULL,0
2026-09-20T04:50:41,2026-09-20T04:40,20895,登戸駅前店,残1席,1,AVAILABLE,1
2026-09-20T04:50:41,2026-09-20T04:40,20391,百合ヶ丘店,残2席,1,AVAILABLE,2
2026-09-20T04:50:41,2026-09-20T04:40,20332,横浜北山田店,残10席以上,1,AVAILABLE,10
2026-09-20T05:00:58,2026-09-20T04:50,20903,調布南口店,満席,4,FULL,0
2026-09-20T05:00:58,2026-09-20T04:50,20895,登戸駅前店,残3席,1,AVAILABLE,3
2026-09-20T05:00:58,2026-09-20T04:50,20391,百合ヶ丘店,残2席,1,AVAILABLE,2
2026-09-20T05:00:58,2026-09-20T04:50,20332,横浜北山田店,残8席,1,AVAILABLE,8
2026-09-20T05:17:42,2026-09-20T05:10,20903,調布南口店,満席,4,FULL,0
2026-09-20T05:17:42,2026-09-20T05:10,20895,登戸駅前店,残3席,1,AVAILABLE,3
2026-09-20T05:17:42,2026-09-20T05:10,20391,百合ヶ丘店,残1席,1,AVAILABLE,1
2026-09-20T05:17:42,2026-09-20T05:10,20332,横浜北山田店,残6席,1,AVAILABLE,6
2026-09-20T05:27:28,2026-09-20T05:20,20903,調布南口店,満席,4,FULL,0
2026-09-20T05:27:28,2026-09-20T05:20,20895,登戸駅前店,残3席,1,AVAILABLE,3
2026-09-20T05:27:28,2026-09-20T05:20,20391,百合ヶ丘店,満席,4,FULL,0
2026-09-20T05:27:28,2026-09-20T05:20,20332,横浜北山田店,残6席,1,AVAILABLE,6
2026-09-20T05:35:52,2026-09-20T05:30,20903,調布南口店,残1席,1,AVAILABLE,1
2026-09-20T05:35:52,2026-09-20T05:30,20895,登戸駅前店,残2席,1,AVAILABLE,2
2026-09-20T05:35:52,2026-09-20T05:30,20391,百合ヶ丘店,満席,4,FULL,0
2026-09-20T05:35:52,2026-09-20T05:30,20332,横浜北山田店,残10席以上,1,AVAILABLE,10
2026-09-20T05:43:05,2026-09-20T05:40,20903,調布南口店,残1席,1,AVAILABLE,1
2026-09-20T05:43:05,2026-09-20T05:40,20895,登戸駅前店,残1席,1,AVAILABLE,1
2026-09-20T05:43:05,2026-09-20T05:40,20391,百合ヶ丘店,残1席,1,AVAILABLE,1
2026-09-20T05:43:05,2026-09-20T05:40,20332,横浜北山田店,残9席,1,AVAILABLE,9
2026-09-20T05:50:33,2026-09-20T05:40,20903,調布南口店,残1席,1,AVAILABLE,1
2026-09-20T05:50:33,2026-09-20T05:40,20895,登戸駅前店,残1席,1,AVAILABLE,1
2026-09-20T05:50:33,2026-09-20T05:40,20391,百合ヶ丘店,残1席,1,AVAILABLE,1
2026-09-20T05:50:33,2026-09-20T05:40,20332,横浜北山田店,残9席,1,AVAILABLE,9
2026-09-20T06:00:58,2026-09-20T05:50,20903,調布南口店,残1席,1,AVAILABLE,1
2026-09-20T06:00:58,2026-09-20T05:50,20895,登戸駅前店,残2席,1,AVAILABLE,2
2026-09-20T06:00:58,2026-09-20T05:50,20391,百合ヶ丘店,残1席,1,AVAILABLE,1
2026-09-20T06:00:58,2026-09-20T05:50,20332,横浜北山田店,残9席,1,AVAILABLE,9
2026-09-20T06:16:51,2026-09-20T06:10,20903,調布南口店,残3席,1,AVAILABLE,3
2026-09-20T06:16:51,2026-09-20T06:10,20895,登戸駅前店,残2席,1,AVAILABLE,2
2026-09-20T06:16:51,2026-09-20T06:10,20391,百合ヶ丘店,残1席,1,AVAILABLE,1
2026-09-20T06:16:51,2026-09-20T06:10,20332,横浜北山田店,残9席,1,AVAILABLE,9
2026-09-20T06:25:54,2026-09-20T06:20,20903,調布南口店,残3席,1,AVAILABLE,3
2026-09-20T06:25:54,2026-09-20T06:20,20895,登戸駅前店,残1席,1,AVAILABLE,1
2026-09-20T06:25:54,2026-09-20T06:20,20391,百合ヶ丘店,残1席,1,AVAILABLE,1
2026-09-20T06:25:54,2026-09-20T06:20,20332,横浜北山田店,残9席,1,AVAILABLE,9
2026-09-20T06:33:12,2026-09-20T06:30,20903,調布南口店,残3席,1,AVAILABLE,3
2026-09-20T06:33:12,2026-09-20T06:30,20895,登戸駅前店,残1席,1,AVAILABLE,1
2026-09-20T06:33:12,2026-09-20T06:30,20391,百合ヶ丘店,残1席,1,AVAILABLE,1
2026-09-20T06:33:12,2026-09-20T06:30,20332,横浜北山田店,残9席,1,AVAILABLE,9
2026-09-20T06:41:48,2026-09-20T06:30,20903,調布南口店,残3席,1,AVAILABLE,3
2026-09-20T06:41:48,2026-09-20T06:30,20895,登戸駅前店,残1席,1,AVAILABLE,1
2026-09-20T06:41:48,2026-09-20T06:30,20391,百合ヶ丘店,残1席,1,AVAILABLE,1
2026-09-20T06:41:48,2026-09-20T06:30,20332,横浜北山田店,残9席,1,AVAILABLE,9
2026-09-20T06:51:02,2026-09-20T06:40,20903,調布南口店,残3席,1,AVAILABLE,3
2026-09-20T06:51:02,2026-09-20T06:40,20895,登戸駅前店,残1席,1,AVAILABLE,1
2026-09-20T06:51:02,2026-09-20T06:40,20391,百合ヶ丘店,満席,4,FULL,0
2026-09-20T06:51:02,2026-09-20T06:40,20332,横浜北山田店,残9席,1,AVAILABLE,9
2026-09-20T07:00:50,2026-09-20T06:50,20903,調布南口店,残3席,1,AVAILABLE,3
2026-09-20T07:00:50,2026-09-20T06:50,20895,登戸駅前店,残1席,1,AVAILABLE,1
2026-09-20T07:00:50,2026-09-20T06:50,20391,百合ヶ丘店,残2席,1,AVAILABLE,2
2026-09-20T07:00:50,2026-09-20T06:50,20332,横浜北山田店,残10席以上,1,AVAILABLE,10
2026-09-20T07:17:09,2026-09-20T07:10,20903,調布南口店,残3席,1,AVAILABLE,3
2026-09-20T07:17:09,2026-09-20T07:10,20895,登戸駅前店,満席,4,FULL,0
2026-09-20T07:17:09,2026-09-20T07:10,20391,百合ヶ丘店,残2席,1,AVAILABLE,2
2026-09-20T07:17:09,2026-09-20T07:10,20332,横浜北山田店,残7席,1,AVAILABLE,7
2026-09-20T07:26:10,2026-09-20T07:20,20903,調布南口店,残4席,1,AVAILABLE,4
2026-09-20T07:26:10,2026-09-20T07:20,20895,登戸駅前店,満席,4,FULL,0
2026-09-20T07:26:10,2026-09-20T07:20,20391,百合ヶ丘店,残2席,1,AVAILABLE,2
2026-09-20T07:26:10,2026-09-20T07:20,20332,横浜北山田店,残5席,1,AVAILABLE,5
2026-09-20T07:33:24,2026-09-20T07:30,20903,調布南口店,残4席,1,AVAILABLE,4
2026-09-20T07:33:24,2026-09-20T07:30,20895,登戸駅前店,満席,4,FULL,0
2026-09-20T07:33:24,2026-09-20T07:30,20391,百合ヶ丘店,残2席,1,AVAILABLE,2
2026-09-20T07:33:24,2026-09-20T07:30,20332,横浜北山田店,残5席,1,AVAILABLE,5
2026-09-20T07:41:57,2026-09-20T07:30,20903,調布南口店,残4席,1,AVAILABLE,4
2026-09-20T07:41:57,2026-09-20T07:30,20895,登戸駅前店,満席,4,FULL,0
2026-09-20T07:41:57,2026-09-20T07:30,20391,百合ヶ丘店,残2席,1,AVAILABLE,2
2026-09-20T07:41:57,2026-09-20T07:30,20332,横浜北山田店,残5席,1,AVAILABLE,5
2026-09-20T07:50:33,2026-09-20T07:40,20903,調布南口店,残4席,1,AVAILABLE,4
2026-09-20T07:50:33,2026-09-20T07:40,20895,登戸駅前店,満席,4,FULL,0
2026-09-20T07:50:33,2026-09-20T07:40,20391,百合ヶ丘店,残2席,1,AVAILABLE,2
2026-09-20T07:50:33,2026-09-20T07:40,20332,横浜北山田店,残4席,1,AVAILABLE,4
2026-09-20T08:00:37,2026-09-20T07:50,20903,調布南口店,残4席,1,AVAILABLE,4
2026-09-20T08:00:37,2026-09-20T07:50,20895,登戸駅前店,満席,4,FULL,0
2026-09-20T08:00:37,2026-09-20T07:50,20391,百合ヶ丘店,残2席,1,AVAILABLE,2
2026-09-20T08:00:37,2026-09-20T07:50,20332,横浜北山田店,残4席,1,AVAILABLE,4
2026-09-20T08:16:00,2026-09-20T08:10,20903,調布南口店,残1席,1,AVAILABLE,1
2026-09-20T08:16:00,2026-09-20T08:10,20895,登戸駅前店,満席,4,FULL,0
2026-09-20T08:16:00,2026-09-20T08:10,20391,百合ヶ丘店,残2席,1,AVAILABLE,2
2026-09-20T08:16:00,2026-09-20T08:10,20332,横浜北山田店,残3席,1,AVAILABLE,3
2026-09-20T08:24:00,2026-09-20T08:20,20903,調布南口店,満席,4,FULL,0
2026-09-20T08:24:00,2026-09-20T08:20,20895,登戸駅前店,満席,4,FULL,0
2026-09-20T08:24:00,2026-09-20T08:20,20391,百合ヶ丘店,残2席,1,AVAILABLE,2
2026-09-20T08:24:00,2026-09-20T08:20,20332,横浜北山田店,残3席,1,AVAILABLE,3
2026-09-20T08:30:52,2026-09-20T08:20,20903,調布南口店,満席,4,FULL,0
2026-09-20T08:30:52,2026-09-20T08:20,20895,登戸駅前店,満席,4,FULL,0
2026-09-20T08:30:52,2026-09-20T08:20,20391,百合ヶ丘店,残2席,1,AVAILABLE,2
2026-09-20T08:30:52,2026-09-20T08:20,20332,横浜北山田店,残3席,1,AVAILABLE,3
2026-09-20T08:42:18,2026-09-20T08:40,20903,調布南口店,満席,4,FULL,0
2026-09-20T08:42:18,2026-09-20T08:40,20895,登戸駅前店,満席,4,FULL,0
2026-09-20T08:42:18,2026-09-20T08:40,20391,百合ヶ丘店,残1席,1,AVAILABLE,1
2026-09-20T08:42:18,2026-09-20T08:40,20332,横浜北山田店,残4席,1,AVAILABLE,4
2026-09-20T08:50:39,2026-09-20T08:40,20903,調布南口店,満席,4,FULL,0
2026-09-20T08:50:39,2026-09-20T08:40,20895,登戸駅前店,満席,4,FULL,0
2026-09-20T08:50:39,2026-09-20T08:40,20391,百合ヶ丘店,残2席,1,AVAILABLE,2
2026-09-20T08:50:39,2026-09-20T08:40,20332,横浜北山田店,残4席,1,AVAILABLE,4
2026-09-20T09:01:04,2026-09-20T08:50,20903,調布南口店,満席,4,FULL,0
2026-09-20T09:01:04,2026-09-20T08:50,20895,登戸駅前店,満席,4,FULL,0
2026-09-20T09:01:04,2026-09-20T08:50,20391,百合ヶ丘店,残2席,1,AVAILABLE,2
2026-09-20T09:01:04,2026-09-20T08:50,20332,横浜北山田店,残4席,1,AVAILABLE,4
2026-09-20T09:26:25,2026-09-20T09:20,20903,調布南口店,満席,4,FULL,0
2026-09-20T09:26:25,2026-09-20T09:20,20895,登戸駅前店,残1席,1,AVAILABLE,1
2026-09-20T09:26:25,2026-09-20T09:20,20391,百合ヶ丘店,満席,4,FULL,0
2026-09-20T09:26:25,2026-09-20T09:20,20332,横浜北山田店,残1席,1,AVAILABLE,1
2026-09-20T09:41:12,2026-09-20T09:30,20903,調布南口店,残2席,1,AVAILABLE,2
2026-09-20T09:41:12,2026-09-20T09:30,20895,登戸駅前店,残1席,1,AVAILABLE,1
2026-09-20T09:41:12,2026-09-20T09:30,20391,百合ヶ丘店,満席,4,FULL,0
2026-09-20T09:41:12,2026-09-20T09:30,20332,横浜北山田店,残2席,1,AVAILABLE,2
2026-09-20T09:55:21,2026-09-20T09:50,20903,調布南口店,残2席,1,AVAILABLE,2
2026-09-20T09:55:21,2026-09-20T09:50,20895,登戸駅前店,残2席,1,AVAILABLE,2
2026-09-20T09:55:21,2026-09-20T09:50,20391,百合ヶ丘店,満席,4,FULL,0
2026-09-20T09:55:21,2026-09-20T09:50,20332,横浜北山田店,残3席,1,AVAILABLE,3
2026-09-20T10:01:18,2026-09-20T09:50,20903,調布南口店,残2席,1,AVAILABLE,2
2026-09-20T10:01:18,2026-09-20T09:50,20895,登戸駅前店,残2席,1,AVAILABLE,2
2026-09-20T10:01:18,2026-09-20T09:50,20391,百合ヶ丘店,満席,4,FULL,0
2026-09-20T10:01:18,2026-09-20T09:50,20332,横浜北山田店,残3席,1,AVAILABLE,3
2026-09-20T10:16:41,2026-09-20T10:10,20903,調布南口店,残2席,1,AVAILABLE,2
2026-09-20T10:16:41,2026-09-20T10:10,20895,登戸駅前店,残1席,1,AVAILABLE,1
2026-09-20T10:16:41,2026-09-20T10:10,20391,百合ヶ丘店,満席,4,FULL,0
2026-09-20T10:16:41,2026-09-20T10:10,20332,横浜北山田店,残4席,1,AVAILABLE,4
2026-09-20T10:26:27,2026-09-20T10:20,20903,調布南口店,残2席,1,AVAILABLE,2
2026-09-20T10:26:27,2026-09-20T10:20,20895,登戸駅前店,残1席,1,AVAILABLE,1
2026-09-20T10:26:27,2026-09-20T10:20,20391,百合ヶ丘店,満席,4,FULL,0
2026-09-20T10:26:27,2026-09-20T10:20,20332,横浜北山田店,残4席,1,AVAILABLE,4
2026-09-20T10:34:28,2026-09-20T10:30,20903,調布南口店,残1席,1,AVAILABLE,1
2026-09-20T10:34:28,2026-09-20T10:30,20895,登戸駅前店,残2席,1,AVAILABLE,2
2026-09-20T10:34:28,2026-09-20T10:30,20391,百合ヶ丘店,満席,4,FULL,0
2026-09-20T10:34:28,2026-09-20T10:30,20332,横浜北山田店,残8席,1,AVAILABLE,8
2026-09-20T10:43:17,2026-09-20T10:40,20903,調布南口店,残1席,1,AVAILABLE,1
2026-09-20T10:43:17,2026-09-20T10:40,20895,登戸駅前店,残1席,1,AVAILABLE,1
2026-09-20T10:43:17,2026-09-20T10:40,20391,百合ヶ丘店,満席,4,FULL,0
2026-09-20T10:43:17,2026-09-20T10:40,20332,横浜北山田店,残6席,1,AVAILABLE,6
2026-09-20T10:51:46,2026-09-20T10:40,20903,調布南口店,残1席,1,AVAILABLE,1
2026-09-20T10:51:46,2026-09-20T10:40,20895,登戸駅前店,残1席,1,AVAILABLE,1
2026-09-20T10:51:46,2026-09-20T10:40,20391,百合ヶ丘店,満席,4,FULL,0
2026-09-20T10:51:46,2026-09-20T10:40,20332,横浜北山田店,残6席,1,AVAILABLE,6
2026-09-20T11:01:09,2026-09-20T10:50,20903,調布南口店,残1席,1,AVAILABLE,1
2026-09-20T11:01:09,2026-09-20T10:50,20895,登戸駅前店,残2席,1,AVAILABLE,2
2026-09-20T11:01:09,2026-09-20T10:50,20391,百合ヶ丘店,残1席,1,AVAILABLE,1
2026-09-20T11:01:09,2026-09-20T10:50,20332,横浜北山田店,残8席,1,AVAILABLE,8
2026-09-20T11:18:24,2026-09-20T11:10,20903,調布南口店,残1席,1,AVAILABLE,1
2026-09-20T11:18:24,2026-09-20T11:10,20895,登戸駅前店,残2席,1,AVAILABLE,2
2026-09-20T11:18:24,2026-09-20T11:10,20391,百合ヶ丘店,残1席,1,AVAILABLE,1
2026-09-20T11:18:24,2026-09-20T11:10,20332,横浜北山田店,残7席,1,AVAILABLE,7
2026-09-20T11:29:02,2026-09-20T11:20,20903,調布南口店,満席,4,FULL,0
2026-09-20T11:29:02,2026-09-20T11:20,20895,登戸駅前店,残2席,1,AVAILABLE,2
2026-09-20T11:29:02,2026-09-20T11:20,20391,百合ヶ丘店,残1席,1,AVAILABLE,1
2026-09-20T11:29:02,2026-09-20T11:20,20332,横浜北山田店,残7席,1,AVAILABLE,7
2026-09-20T11:38:32,2026-09-20T11:30,20903,調布南口店,残1席,1,AVAILABLE,1
2026-09-20T11:38:32,2026-09-20T11:30,20895,登戸駅前店,残2席,1,AVAILABLE,2
2026-09-20T11:38:32,2026-09-20T11:30,20391,百合ヶ丘店,残1席,1,AVAILABLE,1
2026-09-20T11:38:32,2026-09-20T11:30,20332,横浜北山田店,残5席,1,AVAILABLE,5
2026-09-20T11:46:21,2026-09-20T11:40,20903,調布南口店,残1席,1,AVAILABLE,1
2026-09-20T11:46:21,2026-09-20T11:40,20895,登戸駅前店,残2席,1,AVAILABLE,2
2026-09-20T11:46:21,2026-09-20T11:40,20391,百合ヶ丘店,残1席,1,AVAILABLE,1
2026-09-20T11:46:21,2026-09-20T11:40,20332,横浜北山田店,残4席,1,AVAILABLE,4
2026-09-20T11:53:02,2026-09-20T11:50,20903,調布南口店,満席,4,FULL,0
2026-09-20T11:53:02,2026-09-20T11:50,20895,登戸駅前店,残2席,1,AVAILABLE,2
2026-09-20T11:53:02,2026-09-20T11:50,20391,百合ヶ丘店,残1席,1,AVAILABLE,1
2026-09-20T11:53:02,2026-09-20T11:50,20332,横浜北山田店,残3席,1,AVAILABLE,3
2026-09-20T12:00:43,2026-09-20T11:50,20903,調布南口店,満席,4,FULL,0
2026-09-20T12:00:43,2026-09-20T11:50,20895,登戸駅前店,残2席,1,AVAILABLE,2
2026-09-20T12:00:43,2026-09-20T11:50,20391,百合ヶ丘店,残1席,1,AVAILABLE,1
2026-09-20T12:00:43,2026-09-20T11:50,20332,横浜北山田店,残3席,1,AVAILABLE,3
2026-09-20T12:18:56,2026-09-20T12:10,20903,調布南口店,残1席,1,AVAILABLE,1
2026-09-20T12:18:56,2026-09-20T12:10,20895,登戸駅前店,残1席,1,AVAILABLE,1
2026-09-20T12:18:56,2026-09-20T12:10,20391,百合ヶ丘店,残1席,1,AVAILABLE,1
2026-09-20T12:18:56,2026-09-20T12:10,20332,横浜北山田店,残3席,1,AVAILABLE,3
2026-09-20T12:30:09,2026-09-20T12:20,20903,調布南口店,残1席,1,AVAILABLE,1
2026-09-20T12:30:09,2026-09-20T12:20,20895,登戸駅前店,残1席,1,AVAILABLE,1
2026-09-20T12:30:09,2026-09-20T12:20,20391,百合ヶ丘店,残1席,1,AVAILABLE,1
2026-09-20T12:30:09,2026-09-20T12:20,20332,横浜北山田店,残4席,1,AVAILABLE,4
2026-09-20T12:44:39,2026-09-20T12:40,20903,調布南口店,残1席,1,AVAILABLE,1
2026-09-20T12:44:39,2026-09-20T12:40,20895,登戸駅前店,残1席,1,AVAILABLE,1
2026-09-20T12:44:39,2026-09-20T12:40,20391,百合ヶ丘店,残2席,1,AVAILABLE,2
2026-09-20T12:44:39,2026-09-20T12:40,20332,横浜北山田店,残3席,1,AVAILABLE,3
2026-09-20T12:52:34,2026-09-20T12:50,20903,調布南口店,残1席,1,AVAILABLE,1
2026-09-20T12:52:34,2026-09-20T12:50,20895,登戸駅前店,残1席,1,AVAILABLE,1
2026-09-20T12:52:34,2026-09-20T12:50,20391,百合ヶ丘店,残1席,1,AVAILABLE,1
2026-09-20T12:52:34,2026-09-20T12:50,20332,横浜北山田店,残4席,1,AVAILABLE,4
2026-09-20T13:00:47,2026-09-20T12:50,20903,調布南口店,残1席,1,AVAILABLE,1
2026-09-20T13:00:47,2026-09-20T12:50,20895,登戸駅前店,残1席,1,AVAILABLE,1
2026-09-20T13:00:47,2026-09-20T12:50,20391,百合ヶ丘店,残1席,1,AVAILABLE,1
2026-09-20T13:00:47,2026-09-20T12:50,20332,横浜北山田店,残4席,1,AVAILABLE,4
2026-09-20T13:19:07,2026-09-20T13:10,20903,調布南口店,満席,4,FULL,0
2026-09-20T13:19:07,2026-09-20T13:10,20895,登戸駅前店,残1席,1,AVAILABLE,1
2026-09-20T13:19:07,2026-09-20T13:10,20391,百合ヶ丘店,残2席,1,AVAILABLE,2
2026-09-20T13:19:07,2026-09-20T13:10,20332,横浜北山田店,残4席,1,AVAILABLE,4
2026-09-20T13:30:14,2026-09-20T13:20,20903,調布南口店,満席,4,FULL,0
2026-09-20T13:30:14,2026-09-20T13:20,20895,登戸駅前店,残2席,1,AVAILABLE,2
2026-09-20T13:30:14,2026-09-20T13:20,20391,百合ヶ丘店,残2席,1,AVAILABLE,2
2026-09-20T13:30:14,2026-09-20T13:20,20332,横浜北山田店,残3席,1,AVAILABLE,3
2026-09-20T13:44:02,2026-09-20T13:40,20903,調布南口店,残1席,1,AVAILABLE,1
2026-09-20T13:44:02,2026-09-20T13:40,20895,登戸駅前店,残2席,1,AVAILABLE,2
2026-09-20T13:44:02,2026-09-20T13:40,20391,百合ヶ丘店,残1席,1,AVAILABLE,1
2026-09-20T13:44:02,2026-09-20T13:40,20332,横浜北山田店,残3席,1,AVAILABLE,3
2026-09-20T13:52:18,2026-09-20T13:50,20903,調布南口店,残1席,1,AVAILABLE,1
2026-09-20T13:52:18,2026-09-20T13:50,20895,登戸駅前店,残2席,1,AVAILABLE,2
2026-09-20T13:52:18,2026-09-20T13:50,20391,百合ヶ丘店,残1席,1,AVAILABLE,1
2026-09-20T13:52:18,2026-09-20T13:50,20332,横浜北山田店,残3席,1,AVAILABLE,3
2026-09-20T14:00:51,2026-09-20T13:50,20903,調布南口店,残1席,1,AVAILABLE,1
2026-09-20T14:00:51,2026-09-20T13:50,20895,登戸駅前店,残2席,1,AVAILABLE,2
2026-09-20T14:00:51,2026-09-20T13:50,20391,百合ヶ丘店,残1席,1,AVAILABLE,1
2026-09-20T14:00:51,2026-09-20T13:50,20332,横浜北山田店,残3席,1,AVAILABLE,3
2026-09-20T14:17:39,2026-09-20T14:10,20903,調布南口店,満席,4,FULL,0
2026-09-20T14:17:39,2026-09-20T14:10,20895,登戸駅前店,残2席,1,AVAILABLE,2
2026-09-20T14:17:39,2026-09-20T14:10,20391,百合ヶ丘店,満席,4,FULL,0
2026-09-20T14:17:39,2026-09-20T14:10,20332,横浜北山田店,残1席,1,AVAILABLE,1
2026-09-20T14:26:58,2026-09-20T14:20,20903,調布南口店,満席,4,FULL,0
2026-09-20T14:26:58,2026-09-20T14:20,20895,登戸駅前店,残1席,1,AVAILABLE,1
2026-09-20T14:26:58,2026-09-20T14:20,20391,百合ヶ丘店,満席,4,FULL,0
2026-09-20T14:26:58,2026-09-20T14:20,20332,横浜北山田店,満席,4,FULL,0
2026-09-20T14:35:11,2026-09-20T14:30,20903,調布南口店,満席,4,FULL,0
2026-09-20T14:35:11,2026-09-20T14:30,20895,登戸駅前店,残1席,1,AVAILABLE,1
2026-09-20T14:35:11,2026-09-20T14:30,20391,百合ヶ丘店,満席,4,FULL,0
2026-09-20T14:35:11,2026-09-20T14:30,20332,横浜北山田店,残1席,1,AVAILABLE,1
2026-09-20T14:43:31,2026-09-20T14:40,20903,調布南口店,満席,4,FULL,0
2026-09-20T14:43:31,2026-09-20T14:40,20895,登戸駅前店,満席,4,FULL,0
2026-09-20T14:43:31,2026-09-20T14:40,20391,百合ヶ丘店,満席,4,FULL,0
2026-09-20T14:43:31,2026-09-20T14:40,20332,横浜北山田店,満席,4,FULL,0
2026-09-20T14:51:43,2026-09-20T14:40,20903,調布南口店,満席,4,FULL,0
2026-09-20T14:51:43,2026-09-20T14:40,20895,登戸駅前店,満席,4,FULL,0
2026-09-20T14:51:43,2026-09-20T14:40,20391,百合ヶ丘店,満席,4,FULL,0
2026-09-20T14:51:43,2026-09-20T14:40,20332,横浜北山田店,満席,4,FULL,0
2026-09-20T15:01:00,2026-09-20T14:50,20903,調布南口店,残2席,1,AVAILABLE,2
2026-09-20T15:01:00,2026-09-20T14:50,20895,登戸駅前店,満席,4,FULL,0
2026-09-20T15:01:00,2026-09-20T14:50,20391,百合ヶ丘店,満席,4,FULL,0
2026-09-20T15:01:00,2026-09-20T14:50,20332,横浜北山田店,満席,4,FULL,0
2026-09-20T15:22:45,2026-09-20T15:20,20903,調布南口店,残1席,1,AVAILABLE,1
2026-09-20T15:22:45,2026-09-20T15:20,20895,登戸駅前店,満席,4,FULL,0
2026-09-20T15:22:45,2026-09-20T15:20,20391,百合ヶ丘店,満席,4,FULL,0
2026-09-20T15:22:45,2026-09-20T15:20,20332,横浜北山田店,残1席,1,AVAILABLE,1
2026-09-20T15:37:38,2026-09-20T15:30,20903,調布南口店,残1席,1,AVAILABLE,1
2026-09-20T15:37:38,2026-09-20T15:30,20895,登戸駅前店,満席,4,FULL,0
2026-09-20T15:37:38,2026-09-20T15:30,20391,百合ヶ丘店,満席,4,FULL,0
2026-09-20T15:37:38,2026-09-20T15:30,20332,横浜北山田店,満席,4,FULL,0
2026-09-20T15:48:44,2026-09-20T15:40,20903,調布南口店,満席,4,FULL,0
2026-09-20T15:48:44,2026-09-20T15:40,20895,登戸駅前店,満席,4,FULL,0
2026-09-20T15:48:44,2026-09-20T15:40,20391,百合ヶ丘店,満席,4,FULL,0
2026-09-20T15:48:44,2026-09-20T15:40,20332,横浜北山田店,満席,4,FULL,0
2026-09-20T15:56:27,2026-09-20T15:50,20903,調布南口店,残2席,1,AVAILABLE,2
2026-09-20T15:56:27,2026-09-20T15:50,20895,登戸駅前店,満席,4,FULL,0
2026-09-20T15:56:27,2026-09-20T15:50,20391,百合ヶ丘店,残1席,1,AVAILABLE,1
2026-09-20T15:56:27,2026-09-20T15:50,20332,横浜北山田店,満席,4,FULL,0
2026-09-20T16:03:27,2026-09-20T16:00,20903,調布南口店,残2席,1,AVAILABLE,2
2026-09-20T16:03:27,2026-09-20T16:00,20895,登戸駅前店,満席,4,FULL,0
2026-09-20T16:03:27,2026-09-20T16:00,20391,百合ヶ丘店,残1席,1,AVAILABLE,1
2026-09-20T16:03:27,2026-09-20T16:00,20332,横浜北山田店,残1席,1,AVAILABLE,1
2026-09-20T16:17:30,2026-09-20T16:10,20903,調布南口店,残2席,1,AVAILABLE,2
2026-09-20T16:17:30,2026-09-20T16:10,20895,登戸駅前店,満席,4,FULL,0
2026-09-20T16:17:30,2026-09-20T16:10,20391,百合ヶ丘店,残1席,1,AVAILABLE,1
2026-09-20T16:17:30,2026-09-20T16:10,20332,横浜北山田店,満席,4,FULL,0
2026-09-20T16:26:59,2026-09-20T16:20,20903,調布南口店,残2席,1,AVAILABLE,2
2026-09-20T16:26:59,2026-09-20T16:20,20895,登戸駅前店,満席,4,FULL,0
2026-09-20T16:26:59,2026-09-20T16:20,20391,百合ヶ丘店,満席,4,FULL,0
2026-09-20T16:26:59,2026-09-20T16:20,20332,横浜北山田店,満席,4,FULL,0
2026-09-20T16:35:13,2026-09-20T16:30,20903,調布南口店,残1席,1,AVAILABLE,1
2026-09-20T16:35:13,2026-09-20T16:30,20895,登戸駅前店,満席,4,FULL,0
2026-09-20T16:35:13,2026-09-20T16:30,20391,百合ヶ丘店,満席,4,FULL,0
2026-09-20T16:35:13,2026-09-20T16:30,20332,横浜北山田店,残3席,1,AVAILABLE,3
2026-09-20T16:43:05,2026-09-20T16:40,20903,調布南口店,満席,4,FULL,0
2026-09-20T16:43:05,2026-09-20T16:40,20895,登戸駅前店,満席,4,FULL,0
2026-09-20T16:43:05,2026-09-20T16:40,20391,百合ヶ丘店,満席,4,FULL,0
2026-09-20T16:43:05,2026-09-20T16:40,20332,横浜北山田店,残3席,1,AVAILABLE,3
2026-09-20T16:51:00,2026-09-20T16:40,20903,調布南口店,満席,4,FULL,0
2026-09-20T16:51:00,2026-09-20T16:40,20895,登戸駅前店,満席,4,FULL,0
2026-09-20T16:51:00,2026-09-20T16:40,20391,百合ヶ丘店,満席,4,FULL,0
2026-09-20T16:51:00,2026-09-20T16:40,20332,横浜北山田店,残3席,1,AVAILABLE,3
2026-09-20T17:00:52,2026-09-20T16:50,20903,調布南口店,満席,4,FULL,0
2026-09-20T17:00:52,2026-09-20T16:50,20895,登戸駅前店,満席,4,FULL,0
2026-09-20T17:00:52,2026-09-20T16:50,20391,百合ヶ丘店,満席,4,FULL,0
2026-09-20T17:00:52,2026-09-20T16:50,20332,横浜北山田店,残1席,1,AVAILABLE,1
2026-09-20T17:18:44,2026-09-20T17:10,20903,調布南口店,満席,4,FULL,0
2026-09-20T17:18:44,2026-09-20T17:10,20895,登戸駅前店,残1席,1,AVAILABLE,1
2026-09-20T17:18:44,2026-09-20T17:10,20391,百合ヶ丘店,満席,4,FULL,0
2026-09-20T17:18:44,2026-09-20T17:10,20332,横浜北山田店,残5席,1,AVAILABLE,5
2026-09-20T17:29:46,2026-09-20T17:20,20903,調布南口店,満席,4,FULL,0
2026-09-20T17:29:46,2026-09-20T17:20,20895,登戸駅前店,満席,4,FULL,0
2026-09-20T17:29:46,2026-09-20T17:20,20391,百合ヶ丘店,満席,4,FULL,0
2026-09-20T17:29:46,2026-09-20T17:20,20332,横浜北山田店,残5席,1,AVAILABLE,5
2026-09-20T17:39:43,2026-09-20T17:30,20903,調布南口店,満席,4,FULL,0
2026-09-20T17:39:43,2026-09-20T17:30,20895,登戸駅前店,満席,4,FULL,0
2026-09-20T17:39:43,2026-09-20T17:30,20391,百合ヶ丘店,満席,4,FULL,0
2026-09-20T17:39:43,2026-09-20T17:30,20332,横浜北山田店,残5席,1,AVAILABLE,5
2026-09-20T17:47:23,2026-09-20T17:40,20903,調布南口店,満席,4,FULL,0
2026-09-20T17:47:23,2026-09-20T17:40,20895,登戸駅前店,残1席,1,AVAILABLE,1
2026-09-20T17:47:23,2026-09-20T17:40,20391,百合ヶ丘店,満席,4,FULL,0
2026-09-20T17:47:23,2026-09-20T17:40,20332,横浜北山田店,残4席,1,AVAILABLE,4
2026-09-20T17:53:57,2026-09-20T17:50,20903,調布南口店,満席,4,FULL,0
2026-09-20T17:53:57,2026-09-20T17:50,20895,登戸駅前店,残2席,1,AVAILABLE,2
2026-09-20T17:53:57,2026-09-20T17:50,20391,百合ヶ丘店,満席,4,FULL,0
2026-09-20T17:53:57,2026-09-20T17:50,20332,横浜北山田店,残4席,1,AVAILABLE,4
2026-09-20T18:00:58,2026-09-20T17:50,20903,調布南口店,満席,4,FULL,0
2026-09-20T18:00:58,2026-09-20T17:50,20895,登戸駅前店,残2席,1,AVAILABLE,2
2026-09-20T18:00:58,2026-09-20T17:50,20391,百合ヶ丘店,満席,4,FULL,0
2026-09-20T18:00:58,2026-09-20T17:50,20332,横浜北山田店,残4席,1,AVAILABLE,4
2026-09-20T18:17:43,2026-09-20T18:10,20903,調布南口店,残1席,1,AVAILABLE,1
2026-09-20T18:17:43,2026-09-20T18:10,20895,登戸駅前店,残1席,1,AVAILABLE,1
2026-09-20T18:17:43,2026-09-20T18:10,20391,百合ヶ丘店,満席,4,FULL,0
2026-09-20T18:17:43,2026-09-20T18:10,20332,横浜北山田店,満席,4,FULL,0
2026-09-20T18:27:07,2026-09-20T18:20,20903,調布南口店,残1席,1,AVAILABLE,1
2026-09-20T18:27:07,2026-09-20T18:20,20895,登戸駅前店,満席,4,FULL,0
2026-09-20T18:27:07,2026-09-20T18:20,20391,百合ヶ丘店,満席,4,FULL,0
2026-09-20T18:27:07,2026-09-20T18:20,20332,横浜北山田店,満席,4,FULL,0
2026-09-20T18:35:16,2026-09-20T18:30,20903,調布南口店,残1席,1,AVAILABLE,1
2026-09-20T18:35:16,2026-09-20T18:30,20895,登戸駅前店,満席,4,FULL,0
2026-09-20T18:35:16,2026-09-20T18:30,20391,百合ヶ丘店,満席,4,FULL,0
2026-09-20T18:35:16,2026-09-20T18:30,20332,横浜北山田店,満席,4,FULL,0
2026-09-20T18:43:11,2026-09-20T18:40,20903,調布南口店,残2席,1,AVAILABLE,2
2026-09-20T18:43:11,2026-09-20T18:40,20895,登戸駅前店,満席,4,FULL,0
2026-09-20T18:43:11,2026-09-20T18:40,20391,百合ヶ丘店,満席,4,FULL,0
2026-09-20T18:43:11,2026-09-20T18:40,20332,横浜北山田店,残2席,1,AVAILABLE,2
2026-09-20T18:51:17,2026-09-20T18:40,20903,調布南口店,残2席,1,AVAILABLE,2
2026-09-20T18:51:17,2026-09-20T18:40,20895,登戸駅前店,満席,4,FULL,0
2026-09-20T18:51:17,2026-09-20T18:40,20391,百合ヶ丘店,満席,4,FULL,0
2026-09-20T18:51:17,2026-09-20T18:40,20332,横浜北山田店,残2席,1,AVAILABLE,2
2026-09-20T19:01:03,2026-09-20T18:50,20903,調布南口店,残2席,1,AVAILABLE,2
2026-09-20T19:01:03,2026-09-20T18:50,20895,登戸駅前店,満席,4,FULL,0
2026-09-20T19:01:03,2026-09-20T18:50,20391,百合ヶ丘店,満席,4,FULL,0
2026-09-20T19:01:03,2026-09-20T18:50,20332,横浜北山田店,満席,4,FULL,0
2026-09-20T19:17:45,2026-09-20T19:10,20903,調布南口店,残1席,1,AVAILABLE,1
2026-09-20T19:17:45,2026-09-20T19:10,20895,登戸駅前店,満席,4,FULL,0
2026-09-20T19:17:45,2026-09-20T19:10,20391,百合ヶ丘店,満席,4,FULL,0
2026-09-20T19:17:45,2026-09-20T19:10,20332,横浜北山田店,満席,4,FULL,0
2026-09-20T19:27:38,2026-09-20T19:20,20903,調布南口店,満席,4,FULL,0
2026-09-20T19:27:38,2026-09-20T19:20,20895,登戸駅前店,満席,4,FULL,0
2026-09-20T19:27:38,2026-09-20T19:20,20391,百合ヶ丘店,満席,4,FULL,0
2026-09-20T19:27:38,2026-09-20T19:20,20332,横浜北山田店,満席,4,FULL,0
2026-09-20T19:36:05,2026-09-20T19:30,20903,調布南口店,満席,4,FULL,0
2026-09-20T19:36:05,2026-09-20T19:30,20895,登戸駅前店,満席,4,FULL,0
2026-09-20T19:36:05,2026-09-20T19:30,20391,百合ヶ丘店,残1席,1,AVAILABLE,1
2026-09-20T19:36:05,2026-09-20T19:30,20332,横浜北山田店,満席,4,FULL,0
2026-09-20T19:43:30,2026-09-20T19:40,20903,調布南口店,満席,4,FULL,0
2026-09-20T19:43:30,2026-09-20T19:40,20895,登戸駅前店,満席,4,FULL,0
2026-09-20T19:43:30,2026-09-20T19:40,20391,百合ヶ丘店,残1席,1,AVAILABLE,1
2026-09-20T19:43:30,2026-09-20T19:40,20332,横浜北山田店,満席,4,FULL,0
2026-09-20T19:51:32,2026-09-20T19:40,20903,調布南口店,満席,4,FULL,0
2026-09-20T19:51:32,2026-09-20T19:40,20895,登戸駅前店,満席,4,FULL,0
2026-09-20T19:51:32,2026-09-20T19:40,20391,百合ヶ丘店,残1席,1,AVAILABLE,1
2026-09-20T19:51:32,2026-09-20T19:40,20332,横浜北山田店,満席,4,FULL,0
2026-09-20T20:01:05,2026-09-20T19:50,20903,調布南口店,満席,4,FULL,0
2026-09-20T20:01:05,2026-09-20T19:50,20895,登戸駅前店,満席,4,FULL,0
2026-09-20T20:01:05,2026-09-20T19:50,20391,百合ヶ丘店,満席,4,FULL,0
2026-09-20T20:01:05,2026-09-20T19:50,20332,横浜北山田店,満席,4,FULL,0
2026-09-20T20:16:47,2026-09-20T20:10,20903,調布南口店,満席,4,FULL,0
2026-09-20T20:16:47,2026-09-20T20:10,20895,登戸駅前店,満席,4,FULL,0
2026-09-20T20:16:47,2026-09-20T20:10,20391,百合ヶ丘店,満席,4,FULL,0
2026-09-20T20:16:47,2026-09-20T20:10,20332,横浜北山田店,残1席,1,AVAILABLE,1
2026-09-20T20:25:46,2026-09-20T20:20,20903,調布南口店,残1席,1,AVAILABLE,1
2026-09-20T20:25:46,2026-09-20T20:20,20895,登戸駅前店,満席,4,FULL,0
2026-09-20T20:25:46,2026-09-20T20:20,20391,百合ヶ丘店,満席,4,FULL,0
2026-09-20T20:25:46,2026-09-20T20:20,20332,横浜北山田店,満席,4,FULL,0
2026-09-20T20:33:33,2026-09-20T20:30,20903,調布南口店,残1席,1,AVAILABLE,1
2026-09-20T20:33:33,2026-09-20T20:30,20895,登戸駅前店,満席,4,FULL,0
2026-09-20T20:33:33,2026-09-20T20:30,20391,百合ヶ丘店,満席,4,FULL,0
2026-09-20T20:33:33,2026-09-20T20:30,20332,横浜北山田店,残1席,1,AVAILABLE,1
2026-09-20T20:42:08,2026-09-20T20:40,20903,調布南口店,残1席,1,AVAILABLE,1
2026-09-20T20:42:08,2026-09-20T20:40,20895,登戸駅前店,満席,4,FULL,0
2026-09-20T20:42:08,2026-09-20T20:40,20391,百合ヶ丘店,満席,4,FULL,0
2026-09-20T20:42:08,2026-09-20T20:40,20332,横浜北山田店,残1席,1,AVAILABLE,1
2026-09-20T20:50:44,2026-09-20T20:40,20903,調布南口店,残2席,1,AVAILABLE,2
2026-09-20T20:50:44,2026-09-20T20:40,20895,登戸駅前店,満席,4,FULL,0
2026-09-20T20:50:44,2026-09-20T20:40,20391,百合ヶ丘店,満席,4,FULL,0
2026-09-20T20:50:44,2026-09-20T20:40,20332,横浜北山田店,満席,4,FULL,0
2026-09-20T21:00:46,2026-09-20T20:50,20903,調布南口店,残1席,1,AVAILABLE,1
2026-09-20T21:00:46,2026-09-20T20:50,20895,登戸駅前店,満席,4,FULL,0
2026-09-20T21:00:46,2026-09-20T20:50,20391,百合ヶ丘店,満席,4,FULL,0
2026-09-20T21:00:46,2026-09-20T20:50,20332,横浜北山田店,満席,4,FULL,0
2026-09-20T21:22:20,2026-09-20T21:20,20903,調布南口店,満席,4,FULL,0
2026-09-20T21:22:20,2026-09-20T21:20,20895,登戸駅前店,満席,4,FULL,0
2026-09-20T21:22:20,2026-09-20T21:20,20391,百合ヶ丘店,満席,4,FULL,0
2026-09-20T21:22:20,2026-09-20T21:20,20332,横浜北山田店,残1席,1,AVAILABLE,1
2026-09-20T21:37:07,2026-09-20T21:30,20903,調布南口店,満席,4,FULL,0
2026-09-20T21:37:07,2026-09-20T21:30,20895,登戸駅前店,満席,4,FULL,0
2026-09-20T21:37:07,2026-09-20T21:30,20391,百合ヶ丘店,満席,4,FULL,0
2026-09-20T21:37:07,2026-09-20T21:30,20332,横浜北山田店,満席,4,FULL,0
2026-09-20T21:48:03,2026-09-20T21:40,20903,調布南口店,満席,4,FULL,0
2026-09-20T21:48:03,2026-09-20T21:40,20895,登戸駅前店,満席,4,FULL,0
2026-09-20T21:48:03,2026-09-20T21:40,20391,百合ヶ丘店,残1席,1,AVAILABLE,1
2026-09-20T21:48:03,2026-09-20T21:40,20332,横浜北山田店,満席,4,FULL,0
2026-09-20T21:55:36,2026-09-20T21:50,20903,調布南口店,満席,4,FULL,0
2026-09-20T21:55:36,2026-09-20T21:50,20895,登戸駅前店,満席,4,FULL,0
2026-09-20T21:55:36,2026-09-20T21:50,20391,百合ヶ丘店,満席,4,FULL,0
2026-09-20T21:55:36,2026-09-20T21:50,20332,横浜北山田店,満席,4,FULL,0
2026-09-20T22:01:43,2026-09-20T21:50,20903,調布南口店,満席,4,FULL,0
2026-09-20T22:01:43,2026-09-20T21:50,20895,登戸駅前店,満席,4,FULL,0
2026-09-20T22:01:43,2026-09-20T21:50,20391,百合ヶ丘店,満席,4,FULL,0
2026-09-20T22:01:43,2026-09-20T21:50,20332,横浜北山田店,満席,4,FULL,0
2026-09-20T22:18:23,2026-09-20T22:10,20903,調布南口店,満席,4,FULL,0
2026-09-20T22:18:23,2026-09-20T22:10,20895,登戸駅前店,満席,4,FULL,0
2026-09-20T22:18:23,2026-09-20T22:10,20391,百合ヶ丘店,満席,4,FULL,0
2026-09-20T22:18:23,2026-09-20T22:10,20332,横浜北山田店,満席,4,FULL,0
2026-09-20T22:27:18,2026-09-20T22:20,20903,調布南口店,満席,4,FULL,0
2026-09-20T22:27:18,2026-09-20T22:20,20895,登戸駅前店,満席,4,FULL,0
2026-09-20T22:27:18,2026-09-20T22:20,20391,百合ヶ丘店,満席,4,FULL,0
2026-09-20T22:27:18,2026-09-20T22:20,20332,横浜北山田店,満席,4,FULL,0
2026-09-20T22:35:18,2026-09-20T22:30,20903,調布南口店,満席,4,FULL,0
2026-09-20T22:35:18,2026-09-20T22:30,20895,登戸駅前店,残2席,1,AVAILABLE,2
2026-09-20T22:35:18,2026-09-20T22:30,20391,百合ヶ丘店,残2席,1,AVAILABLE,2
2026-09-20T22:35:18,2026-09-20T22:30,20332,横浜北山田店,満席,4,FULL,0
2026-09-20T22:42:37,2026-09-20T22:40,20903,調布南口店,満席,4,FULL,0
2026-09-20T22:42:37,2026-09-20T22:40,20895,登戸駅前店,残2席,1,AVAILABLE,2
2026-09-20T22:42:37,2026-09-20T22:40,20391,百合ヶ丘店,満席,4,FULL,0
2026-09-20T22:42:37,2026-09-20T22:40,20332,横浜北山田店,残1席,1,AVAILABLE,1
2026-09-20T22:51:33,2026-09-20T22:40,20903,調布南口店,満席,4,FULL,0
2026-09-20T22:51:33,2026-09-20T22:40,20895,登戸駅前店,残2席,1,AVAILABLE,2
2026-09-20T22:51:33,2026-09-20T22:40,20391,百合ヶ丘店,満席,4,FULL,0
2026-09-20T22:51:33,2026-09-20T22:40,20332,横浜北山田店,残1席,1,AVAILABLE,1
2026-09-20T23:00:51,2026-09-20T22:50,20903,調布南口店,満席,4,FULL,0
2026-09-20T23:00:51,2026-09-20T22:50,20895,登戸駅前店,満席,4,FULL,0
2026-09-20T23:00:51,2026-09-20T22:50,20391,百合ヶ丘店,満席,4,FULL,0
2026-09-20T23:00:51,2026-09-20T22:50,20332,横浜北山田店,満席,4,FULL,0
2026-09-20T23:17:27,2026-09-20T23:10,20903,調布南口店,満席,4,FULL,0
2026-09-20T23:17:27,2026-09-20T23:10,20895,登戸駅前店,満席,4,FULL,0
2026-09-20T23:17:27,2026-09-20T23:10,20391,百合ヶ丘店,満席,4,FULL,0
2026-09-20T23:17:27,2026-09-20T23:10,20332,横浜北山田店,満席,4,FULL,0
2026-09-20T23:27:03,2026-09-20T23:20,20903,調布南口店,満席,4,FULL,0
2026-09-20T23:27:03,2026-09-20T23:20,20895,登戸駅前店,満席,4,FULL,0
2026-09-20T23:27:03,2026-09-20T23:20,20391,百合ヶ丘店,満席,4,FULL,0
2026-09-20T23:27:03,2026-09-20T23:20,20332,横浜北山田店,満席,4,FULL,0
2026-09-20T23:35:26,2026-09-20T23:30,20903,調布南口店,満席,4,FULL,0
2026-09-20T23:35:26,2026-09-20T23:30,20895,登戸駅前店,満席,4,FULL,0
2026-09-20T23:35:26,2026-09-20T23:30,20391,百合ヶ丘店,満席,4,FULL,0
2026-09-20T23:35:26,2026-09-20T23:30,20332,横浜北山田店,満席,4,FULL,0
2026-09-20T23:43:00,2026-09-20T23:40,20903,調布南口店,満席,4,FULL,0
2026-09-20T23:43:00,2026-09-20T23:40,20895,登戸駅前店,満席,4,FULL,0
2026-09-20T23:43:00,2026-09-20T23:40,20391,百合ヶ丘店,満席,4,FULL,0
2026-09-20T23:43:00,2026-09-20T23:40,20332,横浜北山田店,満席,4,FULL,0
2026-09-20T23:50:51,2026-09-20T23:40,20903,調布南口店,満席,4,FULL,0
2026-09-20T23:50:51,2026-09-20T23:40,20895,登戸駅前店,満席,4,FULL,0
2026-09-20T23:50:51,2026-09-20T23:40,20391,百合ヶ丘店,満席,4,FULL,0
2026-09-20T23:50:51,2026-09-20T23:40,20332,横浜北山田店,満席,4,FULL,0
2026-09-21T00:00:49,2026-09-20T23:50,20903,調布南口店,満席,4,FULL,0
2026-09-21T00:00:49,2026-09-20T23:50,20895,登戸駅前店,満席,4,FULL,0
2026-09-21T00:00:49,2026-09-20T23:50,20391,百合ヶ丘店,満席,4,FULL,0
2026-09-21T00:00:49,2026-09-20T23:50,20332,横浜北山田店,満席,4,FULL,0
2026-09-21T00:17:33,2026-09-21T00:10,20903,調布南口店,満席,4,FULL,0
2026-09-21T00:17:33,2026-09-21T00:10,20895,登戸駅前店,満席,4,FULL,0
2026-09-21T00:17:33,2026-09-21T00:10,20391,百合ヶ丘店,満席,4,FULL,0
2026-09-21T00:17:33,2026-09-21T00:10,20332,横浜北山田店,満席,4,FULL,0
2026-09-21T00:27:11,2026-09-21T00:20,20903,調布南口店,残3席,1,AVAILABLE,3
2026-09-21T00:27:11,2026-09-21T00:20,20895,登戸駅前店,満席,4,FULL,0
2026-09-21T00:27:11,2026-09-21T00:20,20391,百合ヶ丘店,満席,4,FULL,0
2026-09-21T00:27:11,2026-09-21T00:20,20332,横浜北山田店,残1席,1,AVAILABLE,1
2026-09-21T00:35:47,2026-09-21T00:30,20903,調布南口店,残3席,1,AVAILABLE,3
2026-09-21T00:35:47,2026-09-21T00:30,20895,登戸駅前店,満席,4,FULL,0
2026-09-21T00:35:47,2026-09-21T00:30,20391,百合ヶ丘店,満席,4,FULL,0
2026-09-21T00:35:47,2026-09-21T00:30,20332,横浜北山田店,満席,4,FULL,0
2026-09-21T00:43:10,2026-09-21T00:40,20903,調布南口店,残3席,1,AVAILABLE,3
2026-09-21T00:43:10,2026-09-21T00:40,20895,登戸駅前店,満席,4,FULL,0
2026-09-21T00:43:10,2026-09-21T00:40,20391,百合ヶ丘店,満席,4,FULL,0
2026-09-21T00:43:10,2026-09-21T00:40,20332,横浜北山田店,満席,4,FULL,0
2026-09-21T00:51:01,2026-09-21T00:40,20903,調布南口店,残3席,1,AVAILABLE,3
2026-09-21T00:51:01,2026-09-21T00:40,20895,登戸駅前店,満席,4,FULL,0
2026-09-21T00:51:01,2026-09-21T00:40,20391,百合ヶ丘店,満席,4,FULL,0
2026-09-21T00:51:01,2026-09-21T00:40,20332,横浜北山田店,満席,4,FULL,0
2026-09-21T01:00:57,2026-09-21T00:50,20903,調布南口店,残3席,1,AVAILABLE,3
2026-09-21T01:00:57,2026-09-21T00:50,20895,登戸駅前店,満席,4,FULL,0
2026-09-21T01:00:57,2026-09-21T00:50,20391,百合ヶ丘店,満席,4,FULL,0
2026-09-21T01:00:57,2026-09-21T00:50,20332,横浜北山田店,満席,4,FULL,0
2026-09-21T01:18:21,2026-09-21T01:10,20903,調布南口店,残2席,1,AVAILABLE,2
2026-09-21T01:18:21,2026-09-21T01:10,20895,登戸駅前店,満席,4,FULL,0
2026-09-21T01:18:21,2026-09-21T01:10,20391,百合ヶ丘店,満席,4,FULL,0
2026-09-21T01:18:21,2026-09-21T01:10,20332,横浜北山田店,残1席,1,AVAILABLE,1
2026-09-21T01:28:50,2026-09-21T01:20,20903,調布南口店,残2席,1,AVAILABLE,2
2026-09-21T01:28:50,2026-09-21T01:20,20895,登戸駅前店,満席,4,FULL,0
2026-09-21T01:28:50,2026-09-21T01:20,20391,百合ヶ丘店,満席,4,FULL,0
2026-09-21T01:28:50,2026-09-21T01:20,20332,横浜北山田店,残1席,1,AVAILABLE,1
2026-09-21T01:38:14,2026-09-21T01:30,20903,調布南口店,残2席,1,AVAILABLE,2
2026-09-21T01:38:14,2026-09-21T01:30,20895,登戸駅前店,満席,4,FULL,0
2026-09-21T01:38:14,2026-09-21T01:30,20391,百合ヶ丘店,満席,4,FULL,0
2026-09-21T01:38:14,2026-09-21T01:30,20332,横浜北山田店,残2席,1,AVAILABLE,2
2026-09-21T01:45:15,2026-09-21T01:40,20903,調布南口店,残1席,1,AVAILABLE,1
2026-09-21T01:45:15,2026-09-21T01:40,20895,登戸駅前店,満席,4,FULL,0
2026-09-21T01:45:15,2026-09-21T01:40,20391,百合ヶ丘店,満席,4,FULL,0
2026-09-21T01:45:15,2026-09-21T01:40,20332,横浜北山田店,残2席,1,AVAILABLE,2
2026-09-21T01:51:53,2026-09-21T01:40,20903,調布南口店,残1席,1,AVAILABLE,1
2026-09-21T01:51:53,2026-09-21T01:40,20895,登戸駅前店,満席,4,FULL,0
2026-09-21T01:51:53,2026-09-21T01:40,20391,百合ヶ丘店,満席,4,FULL,0
2026-09-21T01:51:53,2026-09-21T01:40,20332,横浜北山田店,残2席,1,AVAILABLE,2
2026-09-21T02:00:53,2026-09-21T01:50,20903,調布南口店,残1席,1,AVAILABLE,1
2026-09-21T02:00:53,2026-09-21T01:50,20895,登戸駅前店,満席,4,FULL,0
2026-09-21T02:00:53,2026-09-21T01:50,20391,百合ヶ丘店,満席,4,FULL,0
2026-09-21T02:00:53,2026-09-21T01:50,20332,横浜北山田店,残2席,1,AVAILABLE,2
2026-09-21T02:16:23,2026-09-21T02:10,20903,調布南口店,残1席,1,AVAILABLE,1
2026-09-21T02:16:23,2026-09-21T02:10,20895,登戸駅前店,満席,4,FULL,0
2026-09-21T02:16:23,2026-09-21T02:10,20391,百合ヶ丘店,満席,4,FULL,0
2026-09-21T02:16:23,2026-09-21T02:10,20332,横浜北山田店,残4席,1,AVAILABLE,4
2026-09-21T02:25:21,2026-09-21T02:20,20903,調布南口店,残1席,1,AVAILABLE,1
2026-09-21T02:25:21,2026-09-21T02:20,20895,登戸駅前店,満席,4,FULL,0
2026-09-21T02:25:21,2026-09-21T02:20,20391,百合ヶ丘店,満席,4,FULL,0
2026-09-21T02:25:21,2026-09-21T02:20,20332,横浜北山田店,残3席,1,AVAILABLE,3
2026-09-21T02:32:36,2026-09-21T02:30,20903,調布南口店,残2席,1,AVAILABLE,2
2026-09-21T02:32:36,2026-09-21T02:30,20895,登戸駅前店,満席,4,FULL,0
2026-09-21T02:32:36,2026-09-21T02:30,20391,百合ヶ丘店,満席,4,FULL,0
2026-09-21T02:32:36,2026-09-21T02:30,20332,横浜北山田店,残3席,1,AVAILABLE,3
2026-09-21T02:41:53,2026-09-21T02:30,20903,調布南口店,残2席,1,AVAILABLE,2
2026-09-21T02:41:53,2026-09-21T02:30,20895,登戸駅前店,満席,4,FULL,0
2026-09-21T02:41:53,2026-09-21T02:30,20391,百合ヶ丘店,満席,4,FULL,0
2026-09-21T02:41:53,2026-09-21T02:30,20332,横浜北山田店,残3席,1,AVAILABLE,3
2026-09-21T02:51:09,2026-09-21T02:40,20903,調布南口店,残2席,1,AVAILABLE,2
2026-09-21T02:51:09,2026-09-21T02:40,20895,登戸駅前店,満席,4,FULL,0
2026-09-21T02:51:09,2026-09-21T02:40,20391,百合ヶ丘店,残1席,1,AVAILABLE,1
2026-09-21T02:51:09,2026-09-21T02:40,20332,横浜北山田店,残2席,1,AVAILABLE,2
2026-09-21T03:01:04,2026-09-21T02:50,20903,調布南口店,残2席,1,AVAILABLE,2
2026-09-21T03:01:04,2026-09-21T02:50,20895,登戸駅前店,満席,4,FULL,0
2026-09-21T03:01:04,2026-09-21T02:50,20391,百合ヶ丘店,残1席,1,AVAILABLE,1
2026-09-21T03:01:04,2026-09-21T02:50,20332,横浜北山田店,残1席,1,AVAILABLE,1
2026-09-21T03:19:42,2026-09-21T03:10,20903,調布南口店,残2席,1,AVAILABLE,2
2026-09-21T03:19:42,2026-09-21T03:10,20895,登戸駅前店,満席,4,FULL,0
2026-09-21T03:19:42,2026-09-21T03:10,20391,百合ヶ丘店,満席,4,FULL,0
2026-09-21T03:19:42,2026-09-21T03:10,20332,横浜北山田店,残3席,1,AVAILABLE,3
2026-09-21T03:31:46,2026-09-21T03:20,20903,調布南口店,残4席,1,AVAILABLE,4
2026-09-21T03:31:46,2026-09-21T03:20,20895,登戸駅前店,満席,4,FULL,0
2026-09-21T03:31:46,2026-09-21T03:20,20391,百合ヶ丘店,満席,4,FULL,0
2026-09-21T03:31:46,2026-09-21T03:20,20332,横浜北山田店,残2席,1,AVAILABLE,2
2026-09-21T03:44:15,2026-09-21T03:40,20903,調布南口店,残4席,1,AVAILABLE,4
2026-09-21T03:44:15,2026-09-21T03:40,20895,登戸駅前店,満席,4,FULL,0
2026-09-21T03:44:15,2026-09-21T03:40,20391,百合ヶ丘店,満席,4,FULL,0
2026-09-21T03:44:15,2026-09-21T03:40,20332,横浜北山田店,残2席,1,AVAILABLE,2
2026-09-21T03:50:59,2026-09-21T03:40,20903,調布南口店,残4席,1,AVAILABLE,4
2026-09-21T03:50:59,2026-09-21T03:40,20895,登戸駅前店,満席,4,FULL,0
2026-09-21T03:50:59,2026-09-21T03:40,20391,百合ヶ丘店,満席,4,FULL,0
2026-09-21T03:50:59,2026-09-21T03:40,20332,横浜北山田店,残2席,1,AVAILABLE,2
2026-09-21T04:00:57,2026-09-21T03:50,20903,調布南口店,残4席,1,AVAILABLE,4
2026-09-21T04:00:57,2026-09-21T03:50,20895,登戸駅前店,満席,4,FULL,0
2026-09-21T04:00:57,2026-09-21T03:50,20391,百合ヶ丘店,満席,4,FULL,0
2026-09-21T04:00:57,2026-09-21T03:50,20332,横浜北山田店,残4席,1,AVAILABLE,4
2026-09-21T04:15:08,2026-09-21T04:10,20903,調布南口店,残4席,1,AVAILABLE,4
2026-09-21T04:15:08,2026-09-21T04:10,20895,登戸駅前店,満席,4,FULL,0
2026-09-21T04:15:08,2026-09-21T04:10,20391,百合ヶ丘店,満席,4,FULL,0
2026-09-21T04:15:08,2026-09-21T04:10,20332,横浜北山田店,残4席,1,AVAILABLE,4
2026-09-21T04:22:49,2026-09-21T04:20,20903,調布南口店,残4席,1,AVAILABLE,4
2026-09-21T04:22:49,2026-09-21T04:20,20895,登戸駅前店,満席,4,FULL,0
2026-09-21T04:22:49,2026-09-21T04:20,20391,百合ヶ丘店,満席,4,FULL,0
2026-09-21T04:22:49,2026-09-21T04:20,20332,横浜北山田店,残4席,1,AVAILABLE,4
2026-09-21T04:30:41,2026-09-21T04:20,20903,調布南口店,残4席,1,AVAILABLE,4
2026-09-21T04:30:41,2026-09-21T04:20,20895,登戸駅前店,満席,4,FULL,0
2026-09-21T04:30:41,2026-09-21T04:20,20391,百合ヶ丘店,満席,4,FULL,0
2026-09-21T04:30:41,2026-09-21T04:20,20332,横浜北山田店,残4席,1,AVAILABLE,4
2026-09-21T04:40:59,2026-09-21T04:30,20903,調布南口店,残4席,1,AVAILABLE,4
2026-09-21T04:40:59,2026-09-21T04:30,20895,登戸駅前店,満席,4,FULL,0
2026-09-21T04:40:59,2026-09-21T04:30,20391,百合ヶ丘店,満席,4,FULL,0
2026-09-21T04:40:59,2026-09-21T04:30,20332,横浜北山田店,残4席,1,AVAILABLE,4
2026-09-21T04:50:32,2026-09-21T04:40,20903,調布南口店,残4席,1,AVAILABLE,4
2026-09-21T04:50:32,2026-09-21T04:40,20895,登戸駅前店,満席,4,FULL,0
2026-09-21T04:50:32,2026-09-21T04:40,20391,百合ヶ丘店,満席,4,FULL,0
2026-09-21T04:50:32,2026-09-21T04:40,20332,横浜北山田店,残3席,1,AVAILABLE,3
2026-09-21T05:00:59,2026-09-21T04:50,20903,調布南口店,残4席,1,AVAILABLE,4
2026-09-21T05:00:59,2026-09-21T04:50,20895,登戸駅前店,残1席,1,AVAILABLE,1
2026-09-21T05:00:59,2026-09-21T04:50,20391,百合ヶ丘店,満席,4,FULL,0
2026-09-21T05:00:59,2026-09-21T04:50,20332,横浜北山田店,残5席,1,AVAILABLE,5
2026-09-21T05:17:37,2026-09-21T05:10,20903,調布南口店,残2席,1,AVAILABLE,2
2026-09-21T05:17:37,2026-09-21T05:10,20895,登戸駅前店,満席,4,FULL,0
2026-09-21T05:17:37,2026-09-21T05:10,20391,百合ヶ丘店,満席,4,FULL,0
2026-09-21T05:17:37,2026-09-21T05:10,20332,横浜北山田店,残7席,1,AVAILABLE,7
2026-09-21T05:27:22,2026-09-21T05:20,20903,調布南口店,残2席,1,AVAILABLE,2
2026-09-21T05:27:22,2026-09-21T05:20,20895,登戸駅前店,満席,4,FULL,0
2026-09-21T05:27:22,2026-09-21T05:20,20391,百合ヶ丘店,満席,4,FULL,0
2026-09-21T05:27:22,2026-09-21T05:20,20332,横浜北山田店,残7席,1,AVAILABLE,7
2026-09-21T05:35:48,2026-09-21T05:30,20903,調布南口店,残2席,1,AVAILABLE,2
2026-09-21T05:35:48,2026-09-21T05:30,20895,登戸駅前店,満席,4,FULL,0
2026-09-21T05:35:48,2026-09-21T05:30,20391,百合ヶ丘店,満席,4,FULL,0
2026-09-21T05:35:48,2026-09-21T05:30,20332,横浜北山田店,残7席,1,AVAILABLE,7
2026-09-21T05:43:14,2026-09-21T05:40,20903,調布南口店,残2席,1,AVAILABLE,2
2026-09-21T05:43:14,2026-09-21T05:40,20895,登戸駅前店,満席,4,FULL,0
2026-09-21T05:43:14,2026-09-21T05:40,20391,百合ヶ丘店,満席,4,FULL,0
2026-09-21T05:43:14,2026-09-21T05:40,20332,横浜北山田店,残8席,1,AVAILABLE,8
2026-09-21T05:51:00,2026-09-21T05:40,20903,調布南口店,残2席,1,AVAILABLE,2
2026-09-21T05:51:00,2026-09-21T05:40,20895,登戸駅前店,満席,4,FULL,0
2026-09-21T05:51:00,2026-09-21T05:40,20391,百合ヶ丘店,満席,4,FULL,0
2026-09-21T05:51:00,2026-09-21T05:40,20332,横浜北山田店,残8席,1,AVAILABLE,8
2026-09-21T06:01:09,2026-09-21T05:50,20903,調布南口店,残2席,1,AVAILABLE,2
2026-09-21T06:01:09,2026-09-21T05:50,20895,登戸駅前店,満席,4,FULL,0
2026-09-21T06:01:09,2026-09-21T05:50,20391,百合ヶ丘店,満席,4,FULL,0
2026-09-21T06:01:09,2026-09-21T05:50,20332,横浜北山田店,残10席以上,1,AVAILABLE,10
2026-09-21T06:17:10,2026-09-21T06:10,20903,調布南口店,残2席,1,AVAILABLE,2
2026-09-21T06:17:10,2026-09-21T06:10,20895,登戸駅前店,満席,4,FULL,0
2026-09-21T06:17:10,2026-09-21T06:10,20391,百合ヶ丘店,満席,4,FULL,0
2026-09-21T06:17:10,2026-09-21T06:10,20332,横浜北山田店,残8席,1,AVAILABLE,8
2026-09-21T06:26:32,2026-09-21T06:20,20903,調布南口店,残2席,1,AVAILABLE,2
2026-09-21T06:26:32,2026-09-21T06:20,20895,登戸駅前店,残1席,1,AVAILABLE,1
2026-09-21T06:26:32,2026-09-21T06:20,20391,百合ヶ丘店,満席,4,FULL,0
2026-09-21T06:26:32,2026-09-21T06:20,20332,横浜北山田店,残8席,1,AVAILABLE,8
2026-09-21T06:34:33,2026-09-21T06:30,20903,調布南口店,残2席,1,AVAILABLE,2
2026-09-21T06:34:33,2026-09-21T06:30,20895,登戸駅前店,残1席,1,AVAILABLE,1
2026-09-21T06:34:33,2026-09-21T06:30,20391,百合ヶ丘店,満席,4,FULL,0
2026-09-21T06:34:33,2026-09-21T06:30,20332,横浜北山田店,残8席,1,AVAILABLE,8
2026-09-21T06:43:07,2026-09-21T06:40,20903,調布南口店,残2席,1,AVAILABLE,2
2026-09-21T06:43:07,2026-09-21T06:40,20895,登戸駅前店,満席,4,FULL,0
2026-09-21T06:43:07,2026-09-21T06:40,20391,百合ヶ丘店,満席,4,FULL,0
2026-09-21T06:43:07,2026-09-21T06:40,20332,横浜北山田店,残9席,1,AVAILABLE,9
2026-09-21T06:51:01,2026-09-21T06:40,20903,調布南口店,残2席,1,AVAILABLE,2
2026-09-21T06:51:01,2026-09-21T06:40,20895,登戸駅前店,満席,4,FULL,0
2026-09-21T06:51:01,2026-09-21T06:40,20391,百合ヶ丘店,満席,4,FULL,0
2026-09-21T06:51:01,2026-09-21T06:40,20332,横浜北山田店,残9席,1,AVAILABLE,9
2026-09-21T07:00:46,2026-09-21T06:50,20903,調布南口店,残2席,1,AVAILABLE,2
2026-09-21T07:00:46,2026-09-21T06:50,20895,登戸駅前店,満席,4,FULL,0
2026-09-21T07:00:46,2026-09-21T06:50,20391,百合ヶ丘店,満席,4,FULL,0
2026-09-21T07:00:46,2026-09-21T06:50,20332,横浜北山田店,残8席,1,AVAILABLE,8
2026-09-21T07:17:10,2026-09-21T07:10,20903,調布南口店,残2席,1,AVAILABLE,2
2026-09-21T07:17:10,2026-09-21T07:10,20895,登戸駅前店,満席,4,FULL,0
2026-09-21T07:17:10,2026-09-21T07:10,20391,百合ヶ丘店,満席,4,FULL,0
2026-09-21T07:17:10,2026-09-21T07:10,20332,横浜北山田店,残10席以上,1,AVAILABLE,10
2026-09-21T07:26:19,2026-09-21T07:20,20903,調布南口店,残2席,1,AVAILABLE,2
2026-09-21T07:26:19,2026-09-21T07:20,20895,登戸駅前店,満席,4,FULL,0
2026-09-21T07:26:19,2026-09-21T07:20,20391,百合ヶ丘店,満席,4,FULL,0
2026-09-21T07:26:19,2026-09-21T07:20,20332,横浜北山田店,残9席,1,AVAILABLE,9
2026-09-21T07:34:08,2026-09-21T07:30,20903,調布南口店,残3席,1,AVAILABLE,3
2026-09-21T07:34:08,2026-09-21T07:30,20895,登戸駅前店,満席,4,FULL,0
2026-09-21T07:34:08,2026-09-21T07:30,20391,百合ヶ丘店,満席,4,FULL,0
2026-09-21T07:34:08,2026-09-21T07:30,20332,横浜北山田店,残9席,1,AVAILABLE,9
2026-09-21T07:42:51,2026-09-21T07:40,20903,調布南口店,残3席,1,AVAILABLE,3
2026-09-21T07:42:51,2026-09-21T07:40,20895,登戸駅前店,満席,4,FULL,0
2026-09-21T07:42:51,2026-09-21T07:40,20391,百合ヶ丘店,残2席,1,AVAILABLE,2
2026-09-21T07:42:51,2026-09-21T07:40,20332,横浜北山田店,残9席,1,AVAILABLE,9
2026-09-21T07:51:40,2026-09-21T07:40,20903,調布南口店,残3席,1,AVAILABLE,3
2026-09-21T07:51:40,2026-09-21T07:40,20895,登戸駅前店,満席,4,FULL,0
2026-09-21T07:51:40,2026-09-21T07:40,20391,百合ヶ丘店,残2席,1,AVAILABLE,2
2026-09-21T07:51:40,2026-09-21T07:40,20332,横浜北山田店,残9席,1,AVAILABLE,9
2026-09-21T08:00:50,2026-09-21T07:50,20903,調布南口店,残3席,1,AVAILABLE,3
2026-09-21T08:00:50,2026-09-21T07:50,20895,登戸駅前店,満席,4,FULL,0
2026-09-21T08:00:50,2026-09-21T07:50,20391,百合ヶ丘店,残2席,1,AVAILABLE,2
2026-09-21T08:00:50,2026-09-21T07:50,20332,横浜北山田店,残8席,1,AVAILABLE,8
2026-09-21T08:16:43,2026-09-21T08:10,20903,調布南口店,残3席,1,AVAILABLE,3
2026-09-21T08:16:43,2026-09-21T08:10,20895,登戸駅前店,残1席,1,AVAILABLE,1
2026-09-21T08:16:43,2026-09-21T08:10,20391,百合ヶ丘店,残2席,1,AVAILABLE,2
2026-09-21T08:16:43,2026-09-21T08:10,20332,横浜北山田店,残8席,1,AVAILABLE,8
2026-09-21T08:25:25,2026-09-21T08:20,20903,調布南口店,残2席,1,AVAILABLE,2
2026-09-21T08:25:25,2026-09-21T08:20,20895,登戸駅前店,残2席,1,AVAILABLE,2
2026-09-21T08:25:25,2026-09-21T08:20,20391,百合ヶ丘店,残1席,1,AVAILABLE,1
2026-09-21T08:25:25,2026-09-21T08:20,20332,横浜北山田店,残6席,1,AVAILABLE,6
2026-09-21T08:31:42,2026-09-21T08:20,20903,調布南口店,残2席,1,AVAILABLE,2
2026-09-21T08:31:42,2026-09-21T08:20,20895,登戸駅前店,残2席,1,AVAILABLE,2
2026-09-21T08:31:42,2026-09-21T08:20,20391,百合ヶ丘店,残1席,1,AVAILABLE,1
2026-09-21T08:31:42,2026-09-21T08:20,20332,横浜北山田店,残6席,1,AVAILABLE,6
2026-09-21T08:42:49,2026-09-21T08:40,20903,調布南口店,残2席,1,AVAILABLE,2
2026-09-21T08:42:49,2026-09-21T08:40,20895,登戸駅前店,残2席,1,AVAILABLE,2
2026-09-21T08:42:49,2026-09-21T08:40,20391,百合ヶ丘店,残1席,1,AVAILABLE,1
2026-09-21T08:42:49,2026-09-21T08:40,20332,横浜北山田店,残4席,1,AVAILABLE,4
2026-09-21T08:50:48,2026-09-21T08:40,20903,調布南口店,残2席,1,AVAILABLE,2
2026-09-21T08:50:48,2026-09-21T08:40,20895,登戸駅前店,残2席,1,AVAILABLE,2
2026-09-21T08:50:48,2026-09-21T08:40,20391,百合ヶ丘店,残1席,1,AVAILABLE,1
2026-09-21T08:50:48,2026-09-21T08:40,20332,横浜北山田店,残4席,1,AVAILABLE,4
2026-09-21T09:00:49,2026-09-21T08:50,20903,調布南口店,残1席,1,AVAILABLE,1
2026-09-21T09:00:49,2026-09-21T08:50,20895,登戸駅前店,残2席,1,AVAILABLE,2
2026-09-21T09:00:49,2026-09-21T08:50,20391,百合ヶ丘店,残1席,1,AVAILABLE,1
2026-09-21T09:00:49,2026-09-21T08:50,20332,横浜北山田店,残3席,1,AVAILABLE,3
2026-09-21T09:25:56,2026-09-21T09:20,20903,調布南口店,満席,4,FULL,0
2026-09-21T09:25:56,2026-09-21T09:20,20895,登戸駅前店,満席,4,FULL,0
2026-09-21T09:25:56,2026-09-21T09:20,20391,百合ヶ丘店,満席,4,FULL,0
2026-09-21T09:25:56,2026-09-21T09:20,20332,横浜北山田店,残1席,1,AVAILABLE,1
2026-09-21T09:40:50,2026-09-21T09:30,20903,調布南口店,満席,4,FULL,0
2026-09-21T09:40:50,2026-09-21T09:30,20895,登戸駅前店,残1席,1,AVAILABLE,1
2026-09-21T09:40:50,2026-09-21T09:30,20391,百合ヶ丘店,満席,4,FULL,0
2026-09-21T09:40:50,2026-09-21T09:30,20332,横浜北山田店,残1席,1,AVAILABLE,1
2026-09-21T09:55:41,2026-09-21T09:50,20903,調布南口店,満席,4,FULL,0
2026-09-21T09:55:41,2026-09-21T09:50,20895,登戸駅前店,残1席,1,AVAILABLE,1
2026-09-21T09:55:41,2026-09-21T09:50,20391,百合ヶ丘店,満席,4,FULL,0
2026-09-21T09:55:41,2026-09-21T09:50,20332,横浜北山田店,満席,4,FULL,0
2026-09-21T10:02:28,2026-09-21T10:00,20903,調布南口店,満席,4,FULL,0
2026-09-21T10:02:28,2026-09-21T10:00,20895,登戸駅前店,残1席,1,AVAILABLE,1
2026-09-21T10:02:28,2026-09-21T10:00,20391,百合ヶ丘店,満席,4,FULL,0
2026-09-21T10:02:28,2026-09-21T10:00,20332,横浜北山田店,満席,4,FULL,0
2026-09-21T10:17:45,2026-09-21T10:10,20903,調布南口店,満席,4,FULL,0
2026-09-21T10:17:45,2026-09-21T10:10,20895,登戸駅前店,残2席,1,AVAILABLE,2
2026-09-21T10:17:45,2026-09-21T10:10,20391,百合ヶ丘店,満席,4,FULL,0
2026-09-21T10:17:45,2026-09-21T10:10,20332,横浜北山田店,満席,4,FULL,0
2026-09-21T10:28:55,2026-09-21T10:20,20903,調布南口店,満席,4,FULL,0
2026-09-21T10:28:55,2026-09-21T10:20,20895,登戸駅前店,残2席,1,AVAILABLE,2
2026-09-21T10:28:55,2026-09-21T10:20,20391,百合ヶ丘店,満席,4,FULL,0
2026-09-21T10:28:55,2026-09-21T10:20,20332,横浜北山田店,満席,4,FULL,0
2026-09-21T10:38:54,2026-09-21T10:30,20903,調布南口店,満席,4,FULL,0
2026-09-21T10:38:54,2026-09-21T10:30,20895,登戸駅前店,残1席,1,AVAILABLE,1
2026-09-21T10:38:54,2026-09-21T10:30,20391,百合ヶ丘店,満席,4,FULL,0
2026-09-21T10:38:54,2026-09-21T10:30,20332,横浜北山田店,満席,4,FULL,0
2026-09-21T10:47:21,2026-09-21T10:40,20903,調布南口店,満席,4,FULL,0
2026-09-21T10:47:21,2026-09-21T10:40,20895,登戸駅前店,残2席,1,AVAILABLE,2
2026-09-21T10:47:21,2026-09-21T10:40,20391,百合ヶ丘店,残1席,1,AVAILABLE,1
2026-09-21T10:47:21,2026-09-21T10:40,20332,横浜北山田店,満席,4,FULL,0
2026-09-21T10:55:27,2026-09-21T10:50,20903,調布南口店,満席,4,FULL,0
2026-09-21T10:55:27,2026-09-21T10:50,20895,登戸駅前店,残2席,1,AVAILABLE,2
2026-09-21T10:55:27,2026-09-21T10:50,20391,百合ヶ丘店,残1席,1,AVAILABLE,1
2026-09-21T10:55:27,2026-09-21T10:50,20332,横浜北山田店,満席,4,FULL,0
2026-09-21T11:01:41,2026-09-21T10:50,20903,調布南口店,満席,4,FULL,0
2026-09-21T11:01:41,2026-09-21T10:50,20895,登戸駅前店,残2席,1,AVAILABLE,2
2026-09-21T11:01:41,2026-09-21T10:50,20391,百合ヶ丘店,残1席,1,AVAILABLE,1
2026-09-21T11:01:41,2026-09-21T10:50,20332,横浜北山田店,満席,4,FULL,0
2026-09-21T11:18:42,2026-09-21T11:10,20903,調布南口店,満席,4,FULL,0
2026-09-21T11:18:42,2026-09-21T11:10,20895,登戸駅前店,残2席,1,AVAILABLE,2
2026-09-21T11:18:42,2026-09-21T11:10,20391,百合ヶ丘店,満席,4,FULL,0
2026-09-21T11:18:42,2026-09-21T11:10,20332,横浜北山田店,残1席,1,AVAILABLE,1
2026-09-21T11:30:44,2026-09-21T11:20,20903,調布南口店,満席,4,FULL,0
2026-09-21T11:30:44,2026-09-21T11:20,20895,登戸駅前店,残2席,1,AVAILABLE,2
2026-09-21T11:30:44,2026-09-21T11:20,20391,百合ヶ丘店,満席,4,FULL,0
2026-09-21T11:30:44,2026-09-21T11:20,20332,横浜北山田店,残2席,1,AVAILABLE,2
2026-09-21T11:45:32,2026-09-21T11:40,20903,調布南口店,満席,4,FULL,0
2026-09-21T11:45:32,2026-09-21T11:40,20895,登戸駅前店,残2席,1,AVAILABLE,2
2026-09-21T11:45:32,2026-09-21T11:40,20391,百合ヶ丘店,満席,4,FULL,0
2026-09-21T11:45:32,2026-09-21T11:40,20332,横浜北山田店,満席,4,FULL,0
2026-09-21T11:53:32,2026-09-21T11:50,20903,調布南口店,満席,4,FULL,0
2026-09-21T11:53:32,2026-09-21T11:50,20895,登戸駅前店,残1席,1,AVAILABLE,1
2026-09-21T11:53:32,2026-09-21T11:50,20391,百合ヶ丘店,満席,4,FULL,0
2026-09-21T11:53:32,2026-09-21T11:50,20332,横浜北山田店,残1席,1,AVAILABLE,1
2026-09-21T12:00:51,2026-09-21T11:50,20903,調布南口店,満席,4,FULL,0
2026-09-21T12:00:51,2026-09-21T11:50,20895,登戸駅前店,残1席,1,AVAILABLE,1
2026-09-21T12:00:51,2026-09-21T11:50,20391,百合ヶ丘店,満席,4,FULL,0
2026-09-21T12:00:51,2026-09-21T11:50,20332,横浜北山田店,残1席,1,AVAILABLE,1
2026-09-21T12:19:38,2026-09-21T12:10,20903,調布南口店,残1席,1,AVAILABLE,1
2026-09-21T12:19:38,2026-09-21T12:10,20895,登戸駅前店,残2席,1,AVAILABLE,2
2026-09-21T12:19:38,2026-09-21T12:10,20391,百合ヶ丘店,満席,4,FULL,0
2026-09-21T12:19:38,2026-09-21T12:10,20332,横浜北山田店,残1席,1,AVAILABLE,1
2026-09-21T12:32:24,2026-09-21T12:30,20903,調布南口店,残2席,1,AVAILABLE,2
2026-09-21T12:32:24,2026-09-21T12:30,20895,登戸駅前店,残1席,1,AVAILABLE,1
2026-09-21T12:32:24,2026-09-21T12:30,20391,百合ヶ丘店,満席,4,FULL,0
2026-09-21T12:32:24,2026-09-21T12:30,20332,横浜北山田店,満席,4,FULL,0
2026-09-21T12:46:41,2026-09-21T12:40,20903,調布南口店,残2席,1,AVAILABLE,2
2026-09-21T12:46:41,2026-09-21T12:40,20895,登戸駅前店,満席,4,FULL,0
2026-09-21T12:46:41,2026-09-21T12:40,20391,百合ヶ丘店,満席,4,FULL,0
2026-09-21T12:46:41,2026-09-21T12:40,20332,横浜北山田店,満席,4,FULL,0
2026-09-21T12:55:08,2026-09-21T12:50,20903,調布南口店,残2席,1,AVAILABLE,2
2026-09-21T12:55:08,2026-09-21T12:50,20895,登戸駅前店,満席,4,FULL,0
2026-09-21T12:55:08,2026-09-21T12:50,20391,百合ヶ丘店,満席,4,FULL,0
2026-09-21T12:55:08,2026-09-21T12:50,20332,横浜北山田店,残2席,1,AVAILABLE,2
2026-09-21T13:00:51,2026-09-21T12:50,20903,調布南口店,残2席,1,AVAILABLE,2
2026-09-21T13:00:51,2026-09-21T12:50,20895,登戸駅前店,満席,4,FULL,0
2026-09-21T13:00:51,2026-09-21T12:50,20391,百合ヶ丘店,満席,4,FULL,0
2026-09-21T13:00:51,2026-09-21T12:50,20332,横浜北山田店,残2席,1,AVAILABLE,2
2026-09-21T13:19:39,2026-09-21T13:10,20903,調布南口店,残1席,1,AVAILABLE,1
2026-09-21T13:19:39,2026-09-21T13:10,20895,登戸駅前店,満席,4,FULL,0
2026-09-21T13:19:39,2026-09-21T13:10,20391,百合ヶ丘店,満席,4,FULL,0
2026-09-21T13:19:39,2026-09-21T13:10,20332,横浜北山田店,残1席,1,AVAILABLE,1
2026-09-21T13:32:26,2026-09-21T13:30,20903,調布南口店,残1席,1,AVAILABLE,1
2026-09-21T13:32:26,2026-09-21T13:30,20895,登戸駅前店,満席,4,FULL,0
2026-09-21T13:32:26,2026-09-21T13:30,20391,百合ヶ丘店,満席,4,FULL,0
2026-09-21T13:32:26,2026-09-21T13:30,20332,横浜北山田店,満席,4,FULL,0
2026-09-21T13:46:23,2026-09-21T13:40,20903,調布南口店,残1席,1,AVAILABLE,1
2026-09-21T13:46:23,2026-09-21T13:40,20895,登戸駅前店,満席,4,FULL,0
2026-09-21T13:46:23,2026-09-21T13:40,20391,百合ヶ丘店,満席,4,FULL,0
2026-09-21T13:46:23,2026-09-21T13:40,20332,横浜北山田店,満席,4,FULL,0
2026-09-21T13:55:05,2026-09-21T13:50,20903,調布南口店,残1席,1,AVAILABLE,1
2026-09-21T13:55:05,2026-09-21T13:50,20895,登戸駅前店,満席,4,FULL,0
2026-09-21T13:55:05,2026-09-21T13:50,20391,百合ヶ丘店,満席,4,FULL,0
2026-09-21T13:55:05,2026-09-21T13:50,20332,横浜北山田店,満席,4,FULL,0
2026-09-21T14:01:27,2026-09-21T13:50,20903,調布南口店,残1席,1,AVAILABLE,1
2026-09-21T14:01:27,2026-09-21T13:50,20895,登戸駅前店,満席,4,FULL,0
2026-09-21T14:01:27,2026-09-21T13:50,20391,百合ヶ丘店,満席,4,FULL,0
2026-09-21T14:01:27,2026-09-21T13:50,20332,横浜北山田店,満席,4,FULL,0
2026-09-21T14:18:27,2026-09-21T14:10,20903,調布南口店,残2席,1,AVAILABLE,2
2026-09-21T14:18:27,2026-09-21T14:10,20895,登戸駅前店,満席,4,FULL,0
2026-09-21T14:18:27,2026-09-21T14:10,20391,百合ヶ丘店,残1席,1,AVAILABLE,1
2026-09-21T14:18:27,2026-09-21T14:10,20332,横浜北山田店,満席,4,FULL,0
2026-09-21T14:29:33,2026-09-21T14:20,20903,調布南口店,残2席,1,AVAILABLE,2
2026-09-21T14:29:33,2026-09-21T14:20,20895,登戸駅前店,満席,4,FULL,0
2026-09-21T14:29:33,2026-09-21T14:20,20391,百合ヶ丘店,残1席,1,AVAILABLE,1
2026-09-21T14:29:33,2026-09-21T14:20,20332,横浜北山田店,満席,4,FULL,0
2026-09-21T14:40:11,2026-09-21T14:30,20903,調布南口店,残1席,1,AVAILABLE,1
2026-09-21T14:40:11,2026-09-21T14:30,20895,登戸駅前店,満席,4,FULL,0
2026-09-21T14:40:11,2026-09-21T14:30,20391,百合ヶ丘店,残1席,1,AVAILABLE,1
2026-09-21T14:40:11,2026-09-21T14:30,20332,横浜北山田店,満席,4,FULL,0
2026-09-21T14:53:31,2026-09-21T14:50,20903,調布南口店,残1席,1,AVAILABLE,1
2026-09-21T14:53:31,2026-09-21T14:50,20895,登戸駅前店,満席,4,FULL,0
2026-09-21T14:53:31,2026-09-21T14:50,20391,百合ヶ丘店,満席,4,FULL,0
2026-09-21T14:53:31,2026-09-21T14:50,20332,横浜北山田店,満席,4,FULL,0
2026-09-21T15:01:13,2026-09-21T14:50,20903,調布南口店,残1席,1,AVAILABLE,1
2026-09-21T15:01:13,2026-09-21T14:50,20895,登戸駅前店,満席,4,FULL,0
2026-09-21T15:01:13,2026-09-21T14:50,20391,百合ヶ丘店,満席,4,FULL,0
2026-09-21T15:01:13,2026-09-21T14:50,20332,横浜北山田店,満席,4,FULL,0
2026-09-21T15:26:29,2026-09-21T15:20,20903,調布南口店,満席,4,FULL,0
2026-09-21T15:26:29,2026-09-21T15:20,20895,登戸駅前店,満席,4,FULL,0
2026-09-21T15:26:29,2026-09-21T15:20,20391,百合ヶ丘店,満席,4,FULL,0
2026-09-21T15:26:29,2026-09-21T15:20,20332,横浜北山田店,残1席,1,AVAILABLE,1
2026-09-21T15:43:17,2026-09-21T15:40,20903,調布南口店,残1席,1,AVAILABLE,1
2026-09-21T15:43:17,2026-09-21T15:40,20895,登戸駅前店,満席,4,FULL,0
2026-09-21T15:43:17,2026-09-21T15:40,20391,百合ヶ丘店,満席,4,FULL,0
2026-09-21T15:43:17,2026-09-21T15:40,20332,横浜北山田店,満席,4,FULL,0
2026-09-21T15:57:46,2026-09-21T15:50,20903,調布南口店,満席,4,FULL,0
2026-09-21T15:57:46,2026-09-21T15:50,20895,登戸駅前店,満席,4,FULL,0
2026-09-21T15:57:46,2026-09-21T15:50,20391,百合ヶ丘店,満席,4,FULL,0
2026-09-21T15:57:46,2026-09-21T15:50,20332,横浜北山田店,満席,4,FULL,0
2026-09-21T16:07:45,2026-09-21T16:00,20903,調布南口店,満席,4,FULL,0
2026-09-21T16:07:45,2026-09-21T16:00,20895,登戸駅前店,満席,4,FULL,0
2026-09-21T16:07:45,2026-09-21T16:00,20391,百合ヶ丘店,満席,4,FULL,0
2026-09-21T16:07:45,2026-09-21T16:00,20332,横浜北山田店,満席,4,FULL,0
2026-09-21T16:22:28,2026-09-21T16:20,20903,調布南口店,満席,4,FULL,0
2026-09-21T16:22:28,2026-09-21T16:20,20895,登戸駅前店,満席,4,FULL,0
2026-09-21T16:22:28,2026-09-21T16:20,20391,百合ヶ丘店,満席,4,FULL,0
2026-09-21T16:22:28,2026-09-21T16:20,20332,横浜北山田店,満席,4,FULL,0
2026-09-21T16:36:00,2026-09-21T16:30,20903,調布南口店,満席,4,FULL,0
2026-09-21T16:36:00,2026-09-21T16:30,20895,登戸駅前店,残1席,1,AVAILABLE,1
2026-09-21T16:36:00,2026-09-21T16:30,20391,百合ヶ丘店,満席,4,FULL,0
2026-09-21T16:36:00,2026-09-21T16:30,20332,横浜北山田店,満席,4,FULL,0
2026-09-21T16:47:05,2026-09-21T16:40,20903,調布南口店,満席,4,FULL,0
2026-09-21T16:47:05,2026-09-21T16:40,20895,登戸駅前店,残1席,1,AVAILABLE,1
2026-09-21T16:47:05,2026-09-21T16:40,20391,百合ヶ丘店,満席,4,FULL,0
2026-09-21T16:47:05,2026-09-21T16:40,20332,横浜北山田店,残3席,1,AVAILABLE,3
2026-09-21T16:55:28,2026-09-21T16:50,20903,調布南口店,満席,4,FULL,0
2026-09-21T16:55:28,2026-09-21T16:50,20895,登戸駅前店,残1席,1,AVAILABLE,1
2026-09-21T16:55:28,2026-09-21T16:50,20391,百合ヶ丘店,満席,4,FULL,0
2026-09-21T16:55:28,2026-09-21T16:50,20332,横浜北山田店,残1席,1,AVAILABLE,1
2026-09-21T17:02:20,2026-09-21T17:00,20903,調布南口店,満席,4,FULL,0
2026-09-21T17:02:20,2026-09-21T17:00,20895,登戸駅前店,残1席,1,AVAILABLE,1
2026-09-21T17:02:20,2026-09-21T17:00,20391,百合ヶ丘店,満席,4,FULL,0
2026-09-21T17:02:20,2026-09-21T17:00,20332,横浜北山田店,残3席,1,AVAILABLE,3
2026-09-21T17:21:05,2026-09-21T17:10,20903,調布南口店,満席,4,FULL,0
2026-09-21T17:21:05,2026-09-21T17:10,20895,登戸駅前店,残1席,1,AVAILABLE,1
2026-09-21T17:21:05,2026-09-21T17:10,20391,百合ヶ丘店,満席,4,FULL,0
2026-09-21T17:21:05,2026-09-21T17:10,20332,横浜北山田店,満席,4,FULL,0
2026-09-21T17:35:44,2026-09-21T17:30,20903,調布南口店,満席,4,FULL,0
2026-09-21T17:35:44,2026-09-21T17:30,20895,登戸駅前店,残1席,1,AVAILABLE,1
2026-09-21T17:35:44,2026-09-21T17:30,20391,百合ヶ丘店,満席,4,FULL,0
2026-09-21T17:35:44,2026-09-21T17:30,20332,横浜北山田店,満席,4,FULL,0
2026-09-21T17:46:00,2026-09-21T17:40,20903,調布南口店,残2席,1,AVAILABLE,2
2026-09-21T17:46:00,2026-09-21T17:40,20895,登戸駅前店,残1席,1,AVAILABLE,1
2026-09-21T17:46:00,2026-09-21T17:40,20391,百合ヶ丘店,満席,4,FULL,0
2026-09-21T17:46:00,2026-09-21T17:40,20332,横浜北山田店,満席,4,FULL,0
2026-09-21T17:54:05,2026-09-21T17:50,20903,調布南口店,残2席,1,AVAILABLE,2
2026-09-21T17:54:05,2026-09-21T17:50,20895,登戸駅前店,満席,4,FULL,0
2026-09-21T17:54:05,2026-09-21T17:50,20391,百合ヶ丘店,満席,4,FULL,0
2026-09-21T17:54:05,2026-09-21T17:50,20332,横浜北山田店,残1席,1,AVAILABLE,1
2026-09-21T18:00:53,2026-09-21T17:50,20903,調布南口店,残2席,1,AVAILABLE,2
2026-09-21T18:00:53,2026-09-21T17:50,20895,登戸駅前店,満席,4,FULL,0
2026-09-21T18:00:53,2026-09-21T17:50,20391,百合ヶ丘店,満席,4,FULL,0
2026-09-21T18:00:53,2026-09-21T17:50,20332,横浜北山田店,残1席,1,AVAILABLE,1
2026-09-21T18:20:16,2026-09-21T18:10,20903,調布南口店,残2席,1,AVAILABLE,2
2026-09-21T18:20:16,2026-09-21T18:10,20895,登戸駅前店,満席,4,FULL,0
2026-09-21T18:20:16,2026-09-21T18:10,20391,百合ヶ丘店,残1席,1,AVAILABLE,1
2026-09-21T18:20:16,2026-09-21T18:10,20332,横浜北山田店,満席,4,FULL,0
2026-09-21T18:35:22,2026-09-21T18:30,20903,調布南口店,残2席,1,AVAILABLE,2
2026-09-21T18:35:22,2026-09-21T18:30,20895,登戸駅前店,満席,4,FULL,0
2026-09-21T18:35:22,2026-09-21T18:30,20391,百合ヶ丘店,残1席,1,AVAILABLE,1
2026-09-21T18:35:22,2026-09-21T18:30,20332,横浜北山田店,満席,4,FULL,0
2026-09-21T18:45:19,2026-09-21T18:40,20903,調布南口店,残1席,1,AVAILABLE,1
2026-09-21T18:45:19,2026-09-21T18:40,20895,登戸駅前店,残1席,1,AVAILABLE,1
2026-09-21T18:45:19,2026-09-21T18:40,20391,百合ヶ丘店,残1席,1,AVAILABLE,1
2026-09-21T18:45:19,2026-09-21T18:40,20332,横浜北山田店,満席,4,FULL,0
2026-09-21T18:52:50,2026-09-21T18:50,20903,調布南口店,残1席,1,AVAILABLE,1
2026-09-21T18:52:50,2026-09-21T18:50,20895,登戸駅前店,満席,4,FULL,0
2026-09-21T18:52:50,2026-09-21T18:50,20391,百合ヶ丘店,残1席,1,AVAILABLE,1
2026-09-21T18:52:50,2026-09-21T18:50,20332,横浜北山田店,残2席,1,AVAILABLE,2
2026-09-21T19:00:47,2026-09-21T18:50,20903,調布南口店,残1席,1,AVAILABLE,1
2026-09-21T19:00:47,2026-09-21T18:50,20895,登戸駅前店,満席,4,FULL,0
2026-09-21T19:00:47,2026-09-21T18:50,20391,百合ヶ丘店,残1席,1,AVAILABLE,1
2026-09-21T19:00:47,2026-09-21T18:50,20332,横浜北山田店,残2席,1,AVAILABLE,2
2026-09-21T19:20:03,2026-09-21T19:10,20903,調布南口店,満席,4,FULL,0
2026-09-21T19:20:03,2026-09-21T19:10,20895,登戸駅前店,満席,4,FULL,0
2026-09-21T19:20:03,2026-09-21T19:10,20391,百合ヶ丘店,満席,4,FULL,0
2026-09-21T19:20:03,2026-09-21T19:10,20332,横浜北山田店,残3席,1,AVAILABLE,3
2026-09-21T19:30:31,2026-09-21T19:20,20903,調布南口店,満席,4,FULL,0
2026-09-21T19:30:31,2026-09-21T19:20,20895,登戸駅前店,満席,4,FULL,0
2026-09-21T19:30:31,2026-09-21T19:20,20391,百合ヶ丘店,満席,4,FULL,0
2026-09-21T19:30:31,2026-09-21T19:20,20332,横浜北山田店,残3席,1,AVAILABLE,3
2026-09-21T19:44:29,2026-09-21T19:40,20903,調布南口店,満席,4,FULL,0
2026-09-21T19:44:29,2026-09-21T19:40,20895,登戸駅前店,満席,4,FULL,0
2026-09-21T19:44:29,2026-09-21T19:40,20391,百合ヶ丘店,満席,4,FULL,0
2026-09-21T19:44:29,2026-09-21T19:40,20332,横浜北山田店,残6席,1,AVAILABLE,6
2026-09-21T19:52:14,2026-09-21T19:50,20903,調布南口店,満席,4,FULL,0
2026-09-21T19:52:14,2026-09-21T19:50,20895,登戸駅前店,満席,4,FULL,0
2026-09-21T19:52:14,2026-09-21T19:50,20391,百合ヶ丘店,満席,4,FULL,0
2026-09-21T19:52:14,2026-09-21T19:50,20332,横浜北山田店,残6席,1,AVAILABLE,6
2026-09-21T20:00:55,2026-09-21T19:50,20903,調布南口店,満席,4,FULL,0
2026-09-21T20:00:55,2026-09-21T19:50,20895,登戸駅前店,満席,4,FULL,0
2026-09-21T20:00:55,2026-09-21T19:50,20391,百合ヶ丘店,残1席,1,AVAILABLE,1
2026-09-21T20:00:55,2026-09-21T19:50,20332,横浜北山田店,残4席,1,AVAILABLE,4
2026-09-21T20:19:12,2026-09-21T20:10,20903,調布南口店,満席,4,FULL,0
2026-09-21T20:19:12,2026-09-21T20:10,20895,登戸駅前店,満席,4,FULL,0
2026-09-21T20:19:12,2026-09-21T20:10,20391,百合ヶ丘店,残1席,1,AVAILABLE,1
2026-09-21T20:19:12,2026-09-21T20:10,20332,横浜北山田店,満席,4,FULL,0
2026-09-21T20:31:22,2026-09-21T20:20,20903,調布南口店,満席,4,FULL,0
2026-09-21T20:31:22,2026-09-21T20:20,20895,登戸駅前店,満席,4,FULL,0
2026-09-21T20:31:22,2026-09-21T20:20,20391,百合ヶ丘店,満席,4,FULL,0
2026-09-21T20:31:22,2026-09-21T20:20,20332,横浜北山田店,残1席,1,AVAILABLE,1
2026-09-21T20:45:35,2026-09-21T20:40,20903,調布南口店,満席,4,FULL,0
2026-09-21T20:45:35,2026-09-21T20:40,20895,登戸駅前店,満席,4,FULL,0
2026-09-21T20:45:35,2026-09-21T20:40,20391,百合ヶ丘店,満席,4,FULL,0
2026-09-21T20:45:35,2026-09-21T20:40,20332,横浜北山田店,残3席,1,AVAILABLE,3
2026-09-21T20:52:49,2026-09-21T20:50,20903,調布南口店,残1席,1,AVAILABLE,1
2026-09-21T20:52:49,2026-09-21T20:50,20895,登戸駅前店,満席,4,FULL,0
2026-09-21T20:52:49,2026-09-21T20:50,20391,百合ヶ丘店,満席,4,FULL,0
2026-09-21T20:52:49,2026-09-21T20:50,20332,横浜北山田店,残3席,1,AVAILABLE,3
2026-09-21T21:00:53,2026-09-21T20:50,20903,調布南口店,残1席,1,AVAILABLE,1
2026-09-21T21:00:53,2026-09-21T20:50,20895,登戸駅前店,満席,4,FULL,0
2026-09-21T21:00:53,2026-09-21T20:50,20391,百合ヶ丘店,満席,4,FULL,0
2026-09-21T21:00:53,2026-09-21T20:50,20332,横浜北山田店,残3席,1,AVAILABLE,3
2026-09-21T21:22:44,2026-09-21T21:20,20903,調布南口店,満席,4,FULL,0
2026-09-21T21:22:44,2026-09-21T21:20,20895,登戸駅前店,満席,4,FULL,0
2026-09-21T21:22:44,2026-09-21T21:20,20391,百合ヶ丘店,満席,4,FULL,0
2026-09-21T21:22:44,2026-09-21T21:20,20332,横浜北山田店,満席,4,FULL,0
2026-09-21T21:36:29,2026-09-21T21:30,20903,調布南口店,満席,4,FULL,0
2026-09-21T21:36:29,2026-09-21T21:30,20895,登戸駅前店,満席,4,FULL,0
2026-09-21T21:36:29,2026-09-21T21:30,20391,百合ヶ丘店,満席,4,FULL,0
2026-09-21T21:36:29,2026-09-21T21:30,20332,横浜北山田店,満席,4,FULL,0
2026-09-21T21:47:23,2026-09-21T21:40,20903,調布南口店,残1席,1,AVAILABLE,1
2026-09-21T21:47:23,2026-09-21T21:40,20895,登戸駅前店,残1席,1,AVAILABLE,1
2026-09-21T21:47:23,2026-09-21T21:40,20391,百合ヶ丘店,満席,4,FULL,0
2026-09-21T21:47:23,2026-09-21T21:40,20332,横浜北山田店,満席,4,FULL,0
2026-09-21T21:55:23,2026-09-21T21:50,20903,調布南口店,残1席,1,AVAILABLE,1
2026-09-21T21:55:23,2026-09-21T21:50,20895,登戸駅前店,満席,4,FULL,0
2026-09-21T21:55:23,2026-09-21T21:50,20391,百合ヶ丘店,満席,4,FULL,0
2026-09-21T21:55:23,2026-09-21T21:50,20332,横浜北山田店,満席,4,FULL,0
2026-09-21T22:01:18,2026-09-21T21:50,20903,調布南口店,残1席,1,AVAILABLE,1
2026-09-21T22:01:18,2026-09-21T21:50,20895,登戸駅前店,満席,4,FULL,0
2026-09-21T22:01:18,2026-09-21T21:50,20391,百合ヶ丘店,満席,4,FULL,0
2026-09-21T22:01:18,2026-09-21T21:50,20332,横浜北山田店,満席,4,FULL,0
2026-09-21T22:18:50,2026-09-21T22:10,20903,調布南口店,残1席,1,AVAILABLE,1
2026-09-21T22:18:50,2026-09-21T22:10,20895,登戸駅前店,満席,4,FULL,0
2026-09-21T22:18:50,2026-09-21T22:10,20391,百合ヶ丘店,満席,4,FULL,0
2026-09-21T22:18:50,2026-09-21T22:10,20332,横浜北山田店,残1席,1,AVAILABLE,1
2026-09-21T22:30:00,2026-09-21T22:20,20903,調布南口店,残1席,1,AVAILABLE,1
2026-09-21T22:30:00,2026-09-21T22:20,20895,登戸駅前店,満席,4,FULL,0
2026-09-21T22:30:00,2026-09-21T22:20,20391,百合ヶ丘店,満席,4,FULL,0
2026-09-21T22:30:00,2026-09-21T22:20,20332,横浜北山田店,満席,4,FULL,0
2026-09-21T22:40:13,2026-09-21T22:30,20903,調布南口店,残1席,1,AVAILABLE,1
2026-09-21T22:40:13,2026-09-21T22:30,20895,登戸駅前店,満席,4,FULL,0
2026-09-21T22:40:13,2026-09-21T22:30,20391,百合ヶ丘店,満席,4,FULL,0
2026-09-21T22:40:13,2026-09-21T22:30,20332,横浜北山田店,満席,4,FULL,0
2026-09-21T22:54:03,2026-09-21T22:50,20903,調布南口店,残1席,1,AVAILABLE,1
2026-09-21T22:54:03,2026-09-21T22:50,20895,登戸駅前店,満席,4,FULL,0
2026-09-21T22:54:03,2026-09-21T22:50,20391,百合ヶ丘店,満席,4,FULL,0
2026-09-21T22:54:03,2026-09-21T22:50,20332,横浜北山田店,満席,4,FULL,0
2026-09-21T23:01:01,2026-09-21T22:50,20903,調布南口店,残1席,1,AVAILABLE,1
2026-09-21T23:01:01,2026-09-21T22:50,20895,登戸駅前店,満席,4,FULL,0
2026-09-21T23:01:01,2026-09-21T22:50,20391,百合ヶ丘店,満席,4,FULL,0
2026-09-21T23:01:01,2026-09-21T22:50,20332,横浜北山田店,満席,4,FULL,0
2026-09-21T23:19:42,2026-09-21T23:10,20903,調布南口店,満席,4,FULL,0
2026-09-21T23:19:42,2026-09-21T23:10,20895,登戸駅前店,満席,4,FULL,0
2026-09-21T23:19:42,2026-09-21T23:10,20391,百合ヶ丘店,満席,4,FULL,0
2026-09-21T23:19:42,2026-09-21T23:10,20332,横浜北山田店,残1席,1,AVAILABLE,1
2026-09-21T23:31:22,2026-09-21T23:20,20903,調布南口店,残1席,1,AVAILABLE,1
2026-09-21T23:31:22,2026-09-21T23:20,20895,登戸駅前店,満席,4,FULL,0
2026-09-21T23:31:22,2026-09-21T23:20,20391,百合ヶ丘店,満席,4,FULL,0
2026-09-21T23:31:22,2026-09-21T23:20,20332,横浜北山田店,残1席,1,AVAILABLE,1
2026-09-21T23:46:07,2026-09-21T23:40,20903,調布南口店,残2席,1,AVAILABLE,2
2026-09-21T23:46:07,2026-09-21T23:40,20895,登戸駅前店,満席,4,FULL,0
2026-09-21T23:46:07,2026-09-21T23:40,20391,百合ヶ丘店,満席,4,FULL,0
2026-09-21T23:46:07,2026-09-21T23:40,20332,横浜北山田店,満席,4,FULL,0
2026-09-21T23:54:30,2026-09-21T23:50,20903,調布南口店,残2席,1,AVAILABLE,2
2026-09-21T23:54:30,2026-09-21T23:50,20895,登戸駅前店,満席,4,FULL,0
2026-09-21T23:54:30,2026-09-21T23:50,20391,百合ヶ丘店,残3席,1,AVAILABLE,3
2026-09-21T23:54:30,2026-09-21T23:50,20332,横浜北山田店,満席,4,FULL,0
2026-09-22T00:00:58,2026-09-21T23:50,20903,調布南口店,残2席,1,AVAILABLE,2
2026-09-22T00:00:58,2026-09-21T23:50,20895,登戸駅前店,満席,4,FULL,0
2026-09-22T00:00:58,2026-09-21T23:50,20391,百合ヶ丘店,残3席,1,AVAILABLE,3
2026-09-22T00:00:58,2026-09-21T23:50,20332,横浜北山田店,満席,4,FULL,0
2026-09-22T00:17:30,2026-09-22T00:10,20903,調布南口店,残2席,1,AVAILABLE,2
2026-09-22T00:17:30,2026-09-22T00:10,20895,登戸駅前店,満席,4,FULL,0
2026-09-22T00:17:30,2026-09-22T00:10,20391,百合ヶ丘店,満席,4,FULL,0
2026-09-22T00:17:30,2026-09-22T00:10,20332,横浜北山田店,満席,4,FULL,0
2026-09-22T00:27:21,2026-09-22T00:20,20903,調布南口店,残2席,1,AVAILABLE,2
2026-09-22T00:27:21,2026-09-22T00:20,20895,登戸駅前店,満席,4,FULL,0
2026-09-22T00:27:21,2026-09-22T00:20,20391,百合ヶ丘店,残1席,1,AVAILABLE,1
2026-09-22T00:27:21,2026-09-22T00:20,20332,横浜北山田店,残1席,1,AVAILABLE,1
2026-09-22T00:36:17,2026-09-22T00:30,20903,調布南口店,残1席,1,AVAILABLE,1
2026-09-22T00:36:17,2026-09-22T00:30,20895,登戸駅前店,満席,4,FULL,0
2026-09-22T00:36:17,2026-09-22T00:30,20391,百合ヶ丘店,残2席,1,AVAILABLE,2
2026-09-22T00:36:17,2026-09-22T00:30,20332,横浜北山田店,残2席,1,AVAILABLE,2
2026-09-22T00:45:45,2026-09-22T00:40,20903,調布南口店,残1席,1,AVAILABLE,1
2026-09-22T00:45:45,2026-09-22T00:40,20895,登戸駅前店,満席,4,FULL,0
2026-09-22T00:45:45,2026-09-22T00:40,20391,百合ヶ丘店,残2席,1,AVAILABLE,2
2026-09-22T00:45:45,2026-09-22T00:40,20332,横浜北山田店,残3席,1,AVAILABLE,3
2026-09-22T00:53:23,2026-09-22T00:50,20903,調布南口店,残1席,1,AVAILABLE,1
2026-09-22T00:53:23,2026-09-22T00:50,20895,登戸駅前店,満席,4,FULL,0
2026-09-22T00:53:23,2026-09-22T00:50,20391,百合ヶ丘店,残2席,1,AVAILABLE,2
2026-09-22T00:53:23,2026-09-22T00:50,20332,横浜北山田店,残2席,1,AVAILABLE,2
2026-09-22T01:00:49,2026-09-22T00:50,20903,調布南口店,残1席,1,AVAILABLE,1
2026-09-22T01:00:49,2026-09-22T00:50,20895,登戸駅前店,満席,4,FULL,0
2026-09-22T01:00:49,2026-09-22T00:50,20391,百合ヶ丘店,残2席,1,AVAILABLE,2
2026-09-22T01:00:49,2026-09-22T00:50,20332,横浜北山田店,残2席,1,AVAILABLE,2
2026-09-22T01:19:59,2026-09-22T01:10,20903,調布南口店,残1席,1,AVAILABLE,1
2026-09-22T01:19:59,2026-09-22T01:10,20895,登戸駅前店,満席,4,FULL,0
2026-09-22T01:19:59,2026-09-22T01:10,20391,百合ヶ丘店,満席,4,FULL,0
2026-09-22T01:19:59,2026-09-22T01:10,20332,横浜北山田店,満席,4,FULL,0
2026-09-22T01:31:34,2026-09-22T01:20,20903,調布南口店,満席,4,FULL,0
2026-09-22T01:31:34,2026-09-22T01:20,20895,登戸駅前店,満席,4,FULL,0
2026-09-22T01:31:34,2026-09-22T01:20,20391,百合ヶ丘店,満席,4,FULL,0
2026-09-22T01:31:34,2026-09-22T01:20,20332,横浜北山田店,満席,4,FULL,0
2026-09-22T01:45:42,2026-09-22T01:40,20903,調布南口店,満席,4,FULL,0
2026-09-22T01:45:42,2026-09-22T01:40,20895,登戸駅前店,満席,4,FULL,0
2026-09-22T01:45:42,2026-09-22T01:40,20391,百合ヶ丘店,満席,4,FULL,0
2026-09-22T01:45:42,2026-09-22T01:40,20332,横浜北山田店,残3席,1,AVAILABLE,3
2026-09-22T01:53:30,2026-09-22T01:50,20903,調布南口店,満席,4,FULL,0
2026-09-22T01:53:30,2026-09-22T01:50,20895,登戸駅前店,満席,4,FULL,0
2026-09-22T01:53:30,2026-09-22T01:50,20391,百合ヶ丘店,満席,4,FULL,0
2026-09-22T01:53:30,2026-09-22T01:50,20332,横浜北山田店,残2席,1,AVAILABLE,2
2026-09-22T02:00:42,2026-09-22T01:50,20903,調布南口店,満席,4,FULL,0
2026-09-22T02:00:42,2026-09-22T01:50,20895,登戸駅前店,満席,4,FULL,0
2026-09-22T02:00:42,2026-09-22T01:50,20391,百合ヶ丘店,満席,4,FULL,0
2026-09-22T02:00:42,2026-09-22T01:50,20332,横浜北山田店,残2席,1,AVAILABLE,2
2026-09-22T02:16:14,2026-09-22T02:10,20903,調布南口店,満席,4,FULL,0
2026-09-22T02:16:14,2026-09-22T02:10,20895,登戸駅前店,満席,4,FULL,0
2026-09-22T02:16:14,2026-09-22T02:10,20391,百合ヶ丘店,満席,4,FULL,0
2026-09-22T02:16:14,2026-09-22T02:10,20332,横浜北山田店,残1席,1,AVAILABLE,1
2026-09-22T02:24:48,2026-09-22T02:20,20903,調布南口店,満席,4,FULL,0
2026-09-22T02:24:48,2026-09-22T02:20,20895,登戸駅前店,満席,4,FULL,0
2026-09-22T02:24:48,2026-09-22T02:20,20391,百合ヶ丘店,満席,4,FULL,0
2026-09-22T02:24:48,2026-09-22T02:20,20332,横浜北山田店,残4席,1,AVAILABLE,4
2026-09-22T02:32:39,2026-09-22T02:30,20903,調布南口店,満席,4,FULL,0
2026-09-22T02:32:39,2026-09-22T02:30,20895,登戸駅前店,満席,4,FULL,0
2026-09-22T02:32:39,2026-09-22T02:30,20391,百合ヶ丘店,満席,4,FULL,0
2026-09-22T02:32:39,2026-09-22T02:30,20332,横浜北山田店,残3席,1,AVAILABLE,3
2026-09-22T02:43:50,2026-09-22T02:40,20903,調布南口店,満席,4,FULL,0
2026-09-22T02:43:50,2026-09-22T02:40,20895,登戸駅前店,満席,4,FULL,0
2026-09-22T02:43:50,2026-09-22T02:40,20391,百合ヶ丘店,満席,4,FULL,0
2026-09-22T02:43:50,2026-09-22T02:40,20332,横浜北山田店,残8席,1,AVAILABLE,8
2026-09-22T02:52:01,2026-09-22T02:50,20903,調布南口店,満席,4,FULL,0
2026-09-22T02:52:01,2026-09-22T02:50,20895,登戸駅前店,満席,4,FULL,0
2026-09-22T02:52:01,2026-09-22T02:50,20391,百合ヶ丘店,満席,4,FULL,0
2026-09-22T02:52:01,2026-09-22T02:50,20332,横浜北山田店,残8席,1,AVAILABLE,8
2026-09-22T03:01:27,2026-09-22T02:50,20903,調布南口店,満席,4,FULL,0
2026-09-22T03:01:27,2026-09-22T02:50,20895,登戸駅前店,満席,4,FULL,0
2026-09-22T03:01:27,2026-09-22T02:50,20391,百合ヶ丘店,満席,4,FULL,0
2026-09-22T03:01:27,2026-09-22T02:50,20332,横浜北山田店,残8席,1,AVAILABLE,8
2026-09-22T03:21:06,2026-09-22T03:10,20903,調布南口店,満席,4,FULL,0
2026-09-22T03:21:06,2026-09-22T03:10,20895,登戸駅前店,満席,4,FULL,0
2026-09-22T03:21:06,2026-09-22T03:10,20391,百合ヶ丘店,満席,4,FULL,0
2026-09-22T03:21:06,2026-09-22T03:10,20332,横浜北山田店,残7席,1,AVAILABLE,7
2026-09-22T03:37:24,2026-09-22T03:30,20903,調布南口店,満席,4,FULL,0
2026-09-22T03:37:24,2026-09-22T03:30,20895,登戸駅前店,満席,4,FULL,0
2026-09-22T03:37:24,2026-09-22T03:30,20391,百合ヶ丘店,満席,4,FULL,0
2026-09-22T03:37:24,2026-09-22T03:30,20332,横浜北山田店,残9席,1,AVAILABLE,9
2026-09-22T03:49:14,2026-09-22T03:40,20903,調布南口店,残2席,1,AVAILABLE,2
2026-09-22T03:49:14,2026-09-22T03:40,20895,登戸駅前店,満席,4,FULL,0
2026-09-22T03:49:14,2026-09-22T03:40,20391,百合ヶ丘店,満席,4,FULL,0
2026-09-22T03:49:14,2026-09-22T03:40,20332,横浜北山田店,残9席,1,AVAILABLE,9
2026-09-22T03:57:28,2026-09-22T03:50,20903,調布南口店,残2席,1,AVAILABLE,2
2026-09-22T03:57:28,2026-09-22T03:50,20895,登戸駅前店,満席,4,FULL,0
2026-09-22T03:57:28,2026-09-22T03:50,20391,百合ヶ丘店,満席,4,FULL,0
2026-09-22T03:57:28,2026-09-22T03:50,20332,横浜北山田店,残9席,1,AVAILABLE,9
2026-09-22T04:05:14,2026-09-22T04:00,20903,調布南口店,残1席,1,AVAILABLE,1
2026-09-22T04:05:14,2026-09-22T04:00,20895,登戸駅前店,満席,4,FULL,0
2026-09-22T04:05:14,2026-09-22T04:00,20391,百合ヶ丘店,残2席,1,AVAILABLE,2
2026-09-22T04:05:14,2026-09-22T04:00,20332,横浜北山田店,残10席以上,1,AVAILABLE,10
2026-09-22T04:17:23,2026-09-22T04:10,20903,調布南口店,残1席,1,AVAILABLE,1
2026-09-22T04:17:23,2026-09-22T04:10,20895,登戸駅前店,満席,4,FULL,0
2026-09-22T04:17:23,2026-09-22T04:10,20391,百合ヶ丘店,残2席,1,AVAILABLE,2
2026-09-22T04:17:23,2026-09-22T04:10,20332,横浜北山田店,残9席,1,AVAILABLE,9
2026-09-22T04:27:56,2026-09-22T04:20,20903,調布南口店,残1席,1,AVAILABLE,1
2026-09-22T04:27:56,2026-09-22T04:20,20895,登戸駅前店,残1席,1,AVAILABLE,1
2026-09-22T04:27:56,2026-09-22T04:20,20391,百合ヶ丘店,残2席,1,AVAILABLE,2
2026-09-22T04:27:56,2026-09-22T04:20,20332,横浜北山田店,残9席,1,AVAILABLE,9
2026-09-22T04:37:24,2026-09-22T04:30,20903,調布南口店,残1席,1,AVAILABLE,1
2026-09-22T04:37:24,2026-09-22T04:30,20895,登戸駅前店,満席,4,FULL,0
2026-09-22T04:37:24,2026-09-22T04:30,20391,百合ヶ丘店,残2席,1,AVAILABLE,2
2026-09-22T04:37:24,2026-09-22T04:30,20332,横浜北山田店,残9席,1,AVAILABLE,9
2026-09-22T04:44:10,2026-09-22T04:40,20903,調布南口店,残1席,1,AVAILABLE,1
2026-09-22T04:44:10,2026-09-22T04:40,20895,登戸駅前店,満席,4,FULL,0
2026-09-22T04:44:10,2026-09-22T04:40,20391,百合ヶ丘店,残2席,1,AVAILABLE,2
2026-09-22T04:44:10,2026-09-22T04:40,20332,横浜北山田店,残9席,1,AVAILABLE,9
2026-09-22T04:50:59,2026-09-22T04:40,20903,調布南口店,残1席,1,AVAILABLE,1
2026-09-22T04:50:59,2026-09-22T04:40,20895,登戸駅前店,満席,4,FULL,0
2026-09-22T04:50:59,2026-09-22T04:40,20391,百合ヶ丘店,残2席,1,AVAILABLE,2
2026-09-22T04:50:59,2026-09-22T04:40,20332,横浜北山田店,残9席,1,AVAILABLE,9
2026-09-22T05:00:56,2026-09-22T04:50,20903,調布南口店,残1席,1,AVAILABLE,1
2026-09-22T05:00:56,2026-09-22T04:50,20895,登戸駅前店,満席,4,FULL,0
2026-09-22T05:00:56,2026-09-22T04:50,20391,百合ヶ丘店,残2席,1,AVAILABLE,2
2026-09-22T05:00:56,2026-09-22T04:50,20332,横浜北山田店,残9席,1,AVAILABLE,9
2026-09-22T05:18:30,2026-09-22T05:10,20903,調布南口店,残1席,1,AVAILABLE,1
2026-09-22T05:18:30,2026-09-22T05:10,20895,登戸駅前店,残1席,1,AVAILABLE,1
2026-09-22T05:18:30,2026-09-22T05:10,20391,百合ヶ丘店,残2席,1,AVAILABLE,2
2026-09-22T05:18:30,2026-09-22T05:10,20332,横浜北山田店,残9席,1,AVAILABLE,9
2026-09-22T05:28:14,2026-09-22T05:20,20903,調布南口店,残1席,1,AVAILABLE,1
2026-09-22T05:28:14,2026-09-22T05:20,20895,登戸駅前店,残2席,1,AVAILABLE,2
2026-09-22T05:28:14,2026-09-22T05:20,20391,百合ヶ丘店,残2席,1,AVAILABLE,2
2026-09-22T05:28:14,2026-09-22T05:20,20332,横浜北山田店,残9席,1,AVAILABLE,9
2026-09-22T05:36:43,2026-09-22T05:30,20903,調布南口店,残1席,1,AVAILABLE,1
2026-09-22T05:36:43,2026-09-22T05:30,20895,登戸駅前店,残2席,1,AVAILABLE,2
2026-09-22T05:36:43,2026-09-22T05:30,20391,百合ヶ丘店,残2席,1,AVAILABLE,2
2026-09-22T05:36:43,2026-09-22T05:30,20332,横浜北山田店,残10席以上,1,AVAILABLE,10
2026-09-22T05:44:42,2026-09-22T05:40,20903,調布南口店,残1席,1,AVAILABLE,1
2026-09-22T05:44:42,2026-09-22T05:40,20895,登戸駅前店,残2席,1,AVAILABLE,2
2026-09-22T05:44:42,2026-09-22T05:40,20391,百合ヶ丘店,残3席,1,AVAILABLE,3
2026-09-22T05:44:42,2026-09-22T05:40,20332,横浜北山田店,残10席以上,1,AVAILABLE,10
2026-09-22T05:51:19,2026-09-22T05:40,20903,調布南口店,残1席,1,AVAILABLE,1
2026-09-22T05:51:19,2026-09-22T05:40,20895,登戸駅前店,残2席,1,AVAILABLE,2
2026-09-22T05:51:19,2026-09-22T05:40,20391,百合ヶ丘店,残3席,1,AVAILABLE,3
2026-09-22T05:51:19,2026-09-22T05:40,20332,横浜北山田店,残10席以上,1,AVAILABLE,10
2026-09-22T06:01:03,2026-09-22T05:50,20903,調布南口店,残1席,1,AVAILABLE,1
2026-09-22T06:01:03,2026-09-22T05:50,20895,登戸駅前店,残2席,1,AVAILABLE,2
2026-09-22T06:01:03,2026-09-22T05:50,20391,百合ヶ丘店,残2席,1,AVAILABLE,2
2026-09-22T06:01:03,2026-09-22T05:50,20332,横浜北山田店,残10席以上,1,AVAILABLE,10
2026-09-22T06:17:58,2026-09-22T06:10,20903,調布南口店,残3席,1,AVAILABLE,3
2026-09-22T06:17:58,2026-09-22T06:10,20895,登戸駅前店,残2席,1,AVAILABLE,2
2026-09-22T06:17:58,2026-09-22T06:10,20391,百合ヶ丘店,残2席,1,AVAILABLE,2
2026-09-22T06:17:58,2026-09-22T06:10,20332,横浜北山田店,残10席以上,1,AVAILABLE,10
2026-09-22T06:28:12,2026-09-22T06:20,20903,調布南口店,残3席,1,AVAILABLE,3
2026-09-22T06:28:12,2026-09-22T06:20,20895,登戸駅前店,残2席,1,AVAILABLE,2
2026-09-22T06:28:12,2026-09-22T06:20,20391,百合ヶ丘店,残2席,1,AVAILABLE,2
2026-09-22T06:28:12,2026-09-22T06:20,20332,横浜北山田店,残10席以上,1,AVAILABLE,10
2026-09-22T06:36:52,2026-09-22T06:30,20903,調布南口店,残3席,1,AVAILABLE,3
2026-09-22T06:36:52,2026-09-22T06:30,20895,登戸駅前店,残2席,1,AVAILABLE,2
2026-09-22T06:36:52,2026-09-22T06:30,20391,百合ヶ丘店,残2席,1,AVAILABLE,2
2026-09-22T06:36:52,2026-09-22T06:30,20332,横浜北山田店,残8席,1,AVAILABLE,8
2026-09-22T06:43:42,2026-09-22T06:40,20903,調布南口店,残3席,1,AVAILABLE,3
2026-09-22T06:43:42,2026-09-22T06:40,20895,登戸駅前店,残2席,1,AVAILABLE,2
2026-09-22T06:43:42,2026-09-22T06:40,20391,百合ヶ丘店,残2席,1,AVAILABLE,2
2026-09-22T06:43:42,2026-09-22T06:40,20332,横浜北山田店,残8席,1,AVAILABLE,8
2026-09-22T06:52:27,2026-09-22T06:50,20903,調布南口店,残3席,1,AVAILABLE,3
2026-09-22T06:52:27,2026-09-22T06:50,20895,登戸駅前店,残2席,1,AVAILABLE,2
2026-09-22T06:52:27,2026-09-22T06:50,20391,百合ヶ丘店,残2席,1,AVAILABLE,2
2026-09-22T06:52:27,2026-09-22T06:50,20332,横浜北山田店,残8席,1,AVAILABLE,8
2026-09-22T07:01:01,2026-09-22T06:50,20903,調布南口店,残2席,1,AVAILABLE,2
2026-09-22T07:01:01,2026-09-22T06:50,20895,登戸駅前店,残2席,1,AVAILABLE,2
2026-09-22T07:01:01,2026-09-22T06:50,20391,百合ヶ丘店,残2席,1,AVAILABLE,2
2026-09-22T07:01:01,2026-09-22T06:50,20332,横浜北山田店,残8席,1,AVAILABLE,8
2026-09-22T07:18:15,2026-09-22T07:10,20903,調布南口店,残2席,1,AVAILABLE,2
2026-09-22T07:18:15,2026-09-22T07:10,20895,登戸駅前店,残2席,1,AVAILABLE,2
2026-09-22T07:18:15,2026-09-22T07:10,20391,百合ヶ丘店,残2席,1,AVAILABLE,2
2026-09-22T07:18:15,2026-09-22T07:10,20332,横浜北山田店,残5席,1,AVAILABLE,5
2026-09-22T07:28:43,2026-09-22T07:20,20903,調布南口店,残2席,1,AVAILABLE,2
2026-09-22T07:28:43,2026-09-22T07:20,20895,登戸駅前店,残2席,1,AVAILABLE,2
2026-09-22T07:28:43,2026-09-22T07:20,20391,百合ヶ丘店,残2席,1,AVAILABLE,2
2026-09-22T07:28:43,2026-09-22T07:20,20332,横浜北山田店,残7席,1,AVAILABLE,7
2026-09-22T07:38:28,2026-09-22T07:30,20903,調布南口店,残2席,1,AVAILABLE,2
2026-09-22T07:38:28,2026-09-22T07:30,20895,登戸駅前店,残2席,1,AVAILABLE,2
2026-09-22T07:38:28,2026-09-22T07:30,20391,百合ヶ丘店,残2席,1,AVAILABLE,2
2026-09-22T07:38:28,2026-09-22T07:30,20332,横浜北山田店,残7席,1,AVAILABLE,7
2026-09-22T07:45:31,2026-09-22T07:40,20903,調布南口店,残2席,1,AVAILABLE,2
2026-09-22T07:45:31,2026-09-22T07:40,20895,登戸駅前店,残2席,1,AVAILABLE,2
2026-09-22T07:45:31,2026-09-22T07:40,20391,百合ヶ丘店,残2席,1,AVAILABLE,2
2026-09-22T07:45:31,2026-09-22T07:40,20332,横浜北山田店,残7席,1,AVAILABLE,7
2026-09-22T07:51:32,2026-09-22T07:40,20903,調布南口店,残2席,1,AVAILABLE,2
2026-09-22T07:51:32,2026-09-22T07:40,20895,登戸駅前店,残2席,1,AVAILABLE,2
2026-09-22T07:51:32,2026-09-22T07:40,20391,百合ヶ丘店,残2席,1,AVAILABLE,2
2026-09-22T07:51:32,2026-09-22T07:40,20332,横浜北山田店,残7席,1,AVAILABLE,7
2026-09-22T08:01:26,2026-09-22T07:50,20903,調布南口店,残2席,1,AVAILABLE,2
2026-09-22T08:01:26,2026-09-22T07:50,20895,登戸駅前店,残2席,1,AVAILABLE,2
2026-09-22T08:01:26,2026-09-22T07:50,20391,百合ヶ丘店,残2席,1,AVAILABLE,2
2026-09-22T08:01:26,2026-09-22T07:50,20332,横浜北山田店,残7席,1,AVAILABLE,7
2026-09-22T08:17:47,2026-09-22T08:10,20903,調布南口店,残2席,1,AVAILABLE,2
2026-09-22T08:17:47,2026-09-22T08:10,20895,登戸駅前店,残3席,1,AVAILABLE,3
2026-09-22T08:17:47,2026-09-22T08:10,20391,百合ヶ丘店,残1席,1,AVAILABLE,1
2026-09-22T08:17:47,2026-09-22T08:10,20332,横浜北山田店,残6席,1,AVAILABLE,6
2026-09-22T08:27:29,2026-09-22T08:20,20903,調布南口店,残2席,1,AVAILABLE,2
2026-09-22T08:27:29,2026-09-22T08:20,20895,登戸駅前店,残3席,1,AVAILABLE,3
2026-09-22T08:27:29,2026-09-22T08:20,20391,百合ヶ丘店,残1席,1,AVAILABLE,1
2026-09-22T08:27:29,2026-09-22T08:20,20332,横浜北山田店,残8席,1,AVAILABLE,8
2026-09-22T08:36:01,2026-09-22T08:30,20903,調布南口店,残2席,1,AVAILABLE,2
2026-09-22T08:36:01,2026-09-22T08:30,20895,登戸駅前店,残3席,1,AVAILABLE,3
2026-09-22T08:36:01,2026-09-22T08:30,20391,百合ヶ丘店,残1席,1,AVAILABLE,1
2026-09-22T08:36:01,2026-09-22T08:30,20332,横浜北山田店,残7席,1,AVAILABLE,7
2026-09-22T08:44:05,2026-09-22T08:40,20903,調布南口店,残2席,1,AVAILABLE,2
2026-09-22T08:44:05,2026-09-22T08:40,20895,登戸駅前店,残2席,1,AVAILABLE,2
2026-09-22T08:44:05,2026-09-22T08:40,20391,百合ヶ丘店,残1席,1,AVAILABLE,1
2026-09-22T08:44:05,2026-09-22T08:40,20332,横浜北山田店,残6席,1,AVAILABLE,6
2026-09-22T08:50:43,2026-09-22T08:40,20903,調布南口店,残2席,1,AVAILABLE,2
2026-09-22T08:50:43,2026-09-22T08:40,20895,登戸駅前店,残2席,1,AVAILABLE,2
2026-09-22T08:50:43,2026-09-22T08:40,20391,百合ヶ丘店,残1席,1,AVAILABLE,1
2026-09-22T08:50:43,2026-09-22T08:40,20332,横浜北山田店,残6席,1,AVAILABLE,6
2026-09-22T09:01:24,2026-09-22T08:50,20903,調布南口店,残2席,1,AVAILABLE,2
2026-09-22T09:01:24,2026-09-22T08:50,20895,登戸駅前店,残1席,1,AVAILABLE,1
2026-09-22T09:01:24,2026-09-22T08:50,20391,百合ヶ丘店,残1席,1,AVAILABLE,1
2026-09-22T09:01:24,2026-09-22T08:50,20332,横浜北山田店,残6席,1,AVAILABLE,6
2026-09-22T09:24:58,2026-09-22T09:20,20903,調布南口店,満席,4,FULL,0
2026-09-22T09:24:58,2026-09-22T09:20,20895,登戸駅前店,満席,4,FULL,0
2026-09-22T09:24:58,2026-09-22T09:20,20391,百合ヶ丘店,残2席,1,AVAILABLE,2
2026-09-22T09:24:58,2026-09-22T09:20,20332,横浜北山田店,残7席,1,AVAILABLE,7
2026-09-22T09:39:26,2026-09-22T09:30,20903,調布南口店,満席,4,FULL,0
2026-09-22T09:39:26,2026-09-22T09:30,20895,登戸駅前店,満席,4,FULL,0
2026-09-22T09:39:26,2026-09-22T09:30,20391,百合ヶ丘店,残2席,1,AVAILABLE,2
2026-09-22T09:39:26,2026-09-22T09:30,20332,横浜北山田店,残8席,1,AVAILABLE,8
2026-09-22T09:50:42,2026-09-22T09:40,20903,調布南口店,満席,4,FULL,0
2026-09-22T09:50:42,2026-09-22T09:40,20895,登戸駅前店,満席,4,FULL,0
2026-09-22T09:50:42,2026-09-22T09:40,20391,百合ヶ丘店,残2席,1,AVAILABLE,2
2026-09-22T09:50:42,2026-09-22T09:40,20332,横浜北山田店,残7席,1,AVAILABLE,7
2026-09-22T10:01:39,2026-09-22T09:50,20903,調布南口店,残1席,1,AVAILABLE,1
2026-09-22T10:01:39,2026-09-22T09:50,20895,登戸駅前店,満席,4,FULL,0
2026-09-22T10:01:39,2026-09-22T09:50,20391,百合ヶ丘店,残2席,1,AVAILABLE,2
2026-09-22T10:01:39,2026-09-22T09:50,20332,横浜北山田店,残6席,1,AVAILABLE,6
2026-09-22T10:16:35,2026-09-22T10:10,20903,調布南口店,残3席,1,AVAILABLE,3
2026-09-22T10:16:35,2026-09-22T10:10,20895,登戸駅前店,満席,4,FULL,0
2026-09-22T10:16:35,2026-09-22T10:10,20391,百合ヶ丘店,残2席,1,AVAILABLE,2
2026-09-22T10:16:35,2026-09-22T10:10,20332,横浜北山田店,残5席,1,AVAILABLE,5
2026-09-22T10:26:48,2026-09-22T10:20,20903,調布南口店,残3席,1,AVAILABLE,3
2026-09-22T10:26:48,2026-09-22T10:20,20895,登戸駅前店,満席,4,FULL,0
2026-09-22T10:26:48,2026-09-22T10:20,20391,百合ヶ丘店,残1席,1,AVAILABLE,1
2026-09-22T10:26:48,2026-09-22T10:20,20332,横浜北山田店,残5席,1,AVAILABLE,5
2026-09-22T10:35:48,2026-09-22T10:30,20903,調布南口店,残3席,1,AVAILABLE,3
2026-09-22T10:35:48,2026-09-22T10:30,20895,登戸駅前店,残1席,1,AVAILABLE,1
2026-09-22T10:35:48,2026-09-22T10:30,20391,百合ヶ丘店,残1席,1,AVAILABLE,1
2026-09-22T10:35:48,2026-09-22T10:30,20332,横浜北山田店,残5席,1,AVAILABLE,5
2026-09-22T10:44:01,2026-09-22T10:40,20903,調布南口店,残3席,1,AVAILABLE,3
2026-09-22T10:44:01,2026-09-22T10:40,20895,登戸駅前店,残1席,1,AVAILABLE,1
2026-09-22T10:44:01,2026-09-22T10:40,20391,百合ヶ丘店,残1席,1,AVAILABLE,1
2026-09-22T10:44:01,2026-09-22T10:40,20332,横浜北山田店,残5席,1,AVAILABLE,5
2026-09-22T10:51:05,2026-09-22T10:40,20903,調布南口店,残3席,1,AVAILABLE,3
2026-09-22T10:51:05,2026-09-22T10:40,20895,登戸駅前店,残1席,1,AVAILABLE,1
2026-09-22T10:51:05,2026-09-22T10:40,20391,百合ヶ丘店,残1席,1,AVAILABLE,1
2026-09-22T10:51:05,2026-09-22T10:40,20332,横浜北山田店,残5席,1,AVAILABLE,5
2026-09-22T11:01:04,2026-09-22T10:50,20903,調布南口店,残3席,1,AVAILABLE,3
2026-09-22T11:01:04,2026-09-22T10:50,20895,登戸駅前店,残1席,1,AVAILABLE,1
2026-09-22T11:01:04,2026-09-22T10:50,20391,百合ヶ丘店,残1席,1,AVAILABLE,1
2026-09-22T11:01:04,2026-09-22T10:50,20332,横浜北山田店,残3席,1,AVAILABLE,3
2026-09-22T11:19:06,2026-09-22T11:10,20903,調布南口店,残2席,1,AVAILABLE,2
2026-09-22T11:19:06,2026-09-22T11:10,20895,登戸駅前店,満席,4,FULL,0
2026-09-22T11:19:06,2026-09-22T11:10,20391,百合ヶ丘店,残2席,1,AVAILABLE,2
2026-09-22T11:19:06,2026-09-22T11:10,20332,横浜北山田店,残1席,1,AVAILABLE,1
2026-09-22T11:29:47,2026-09-22T11:20,20903,調布南口店,残2席,1,AVAILABLE,2
2026-09-22T11:29:47,2026-09-22T11:20,20895,登戸駅前店,満席,4,FULL,0
2026-09-22T11:29:47,2026-09-22T11:20,20391,百合ヶ丘店,残2席,1,AVAILABLE,2
2026-09-22T11:29:47,2026-09-22T11:20,20332,横浜北山田店,残3席,1,AVAILABLE,3
2026-09-22T11:40:45,2026-09-22T11:30,20903,調布南口店,残2席,1,AVAILABLE,2
2026-09-22T11:40:45,2026-09-22T11:30,20895,登戸駅前店,満席,4,FULL,0
2026-09-22T11:40:45,2026-09-22T11:30,20391,百合ヶ丘店,残1席,1,AVAILABLE,1
2026-09-22T11:40:45,2026-09-22T11:30,20332,横浜北山田店,残3席,1,AVAILABLE,3
2026-09-22T11:52:46,2026-09-22T11:50,20903,調布南口店,残2席,1,AVAILABLE,2
2026-09-22T11:52:46,2026-09-22T11:50,20895,登戸駅前店,残1席,1,AVAILABLE,1
2026-09-22T11:52:46,2026-09-22T11:50,20391,百合ヶ丘店,残1席,1,AVAILABLE,1
2026-09-22T11:52:46,2026-09-22T11:50,20332,横浜北山田店,残2席,1,AVAILABLE,2
2026-09-22T12:00:54,2026-09-22T11:50,20903,調布南口店,残2席,1,AVAILABLE,2
2026-09-22T12:00:54,2026-09-22T11:50,20895,登戸駅前店,残1席,1,AVAILABLE,1
2026-09-22T12:00:54,2026-09-22T11:50,20391,百合ヶ丘店,残1席,1,AVAILABLE,1
2026-09-22T12:00:54,2026-09-22T11:50,20332,横浜北山田店,残2席,1,AVAILABLE,2
2026-09-22T12:19:14,2026-09-22T12:10,20903,調布南口店,残1席,1,AVAILABLE,1
2026-09-22T12:19:14,2026-09-22T12:10,20895,登戸駅前店,残1席,1,AVAILABLE,1
2026-09-22T12:19:14,2026-09-22T12:10,20391,百合ヶ丘店,残2席,1,AVAILABLE,2
2026-09-22T12:19:14,2026-09-22T12:10,20332,横浜北山田店,満席,4,FULL,0
2026-09-22T12:30:48,2026-09-22T12:20,20903,調布南口店,満席,4,FULL,0
2026-09-22T12:30:48,2026-09-22T12:20,20895,登戸駅前店,満席,4,FULL,0
2026-09-22T12:30:48,2026-09-22T12:20,20391,百合ヶ丘店,残2席,1,AVAILABLE,2
2026-09-22T12:30:48,2026-09-22T12:20,20332,横浜北山田店,満席,4,FULL,0
2026-09-22T12:45:15,2026-09-22T12:40,20903,調布南口店,満席,4,FULL,0
2026-09-22T12:45:15,2026-09-22T12:40,20895,登戸駅前店,満席,4,FULL,0
2026-09-22T12:45:15,2026-09-22T12:40,20391,百合ヶ丘店,残1席,1,AVAILABLE,1
2026-09-22T12:45:15,2026-09-22T12:40,20332,横浜北山田店,満席,4,FULL,0
2026-09-22T12:53:44,2026-09-22T12:50,20903,調布南口店,満席,4,FULL,0
2026-09-22T12:53:44,2026-09-22T12:50,20895,登戸駅前店,満席,4,FULL,0
2026-09-22T12:53:44,2026-09-22T12:50,20391,百合ヶ丘店,残1席,1,AVAILABLE,1
2026-09-22T12:53:44,2026-09-22T12:50,20332,横浜北山田店,満席,4,FULL,0
2026-09-22T13:00:48,2026-09-22T12:50,20903,調布南口店,満席,4,FULL,0
2026-09-22T13:00:48,2026-09-22T12:50,20895,登戸駅前店,満席,4,FULL,0
2026-09-22T13:00:48,2026-09-22T12:50,20391,百合ヶ丘店,残1席,1,AVAILABLE,1
2026-09-22T13:00:48,2026-09-22T12:50,20332,横浜北山田店,満席,4,FULL,0
2026-09-22T13:18:50,2026-09-22T13:10,20903,調布南口店,満席,4,FULL,0
2026-09-22T13:18:50,2026-09-22T13:10,20895,登戸駅前店,満席,4,FULL,0
2026-09-22T13:18:50,2026-09-22T13:10,20391,百合ヶ丘店,満席,4,FULL,0
2026-09-22T13:18:50,2026-09-22T13:10,20332,横浜北山田店,満席,4,FULL,0
2026-09-22T13:29:57,2026-09-22T13:20,20903,調布南口店,満席,4,FULL,0
2026-09-22T13:29:57,2026-09-22T13:20,20895,登戸駅前店,満席,4,FULL,0
2026-09-22T13:29:57,2026-09-22T13:20,20391,百合ヶ丘店,満席,4,FULL,0
2026-09-22T13:29:57,2026-09-22T13:20,20332,横浜北山田店,満席,4,FULL,0
2026-09-22T13:40:31,2026-09-22T13:30,20903,調布南口店,満席,4,FULL,0
2026-09-22T13:40:31,2026-09-22T13:30,20895,登戸駅前店,満席,4,FULL,0
2026-09-22T13:40:31,2026-09-22T13:30,20391,百合ヶ丘店,満席,4,FULL,0
2026-09-22T13:40:31,2026-09-22T13:30,20332,横浜北山田店,残1席,1,AVAILABLE,1
2026-09-22T13:52:43,2026-09-22T13:50,20903,調布南口店,満席,4,FULL,0
2026-09-22T13:52:43,2026-09-22T13:50,20895,登戸駅前店,満席,4,FULL,0
2026-09-22T13:52:43,2026-09-22T13:50,20391,百合ヶ丘店,満席,4,FULL,0
2026-09-22T13:52:43,2026-09-22T13:50,20332,横浜北山田店,残1席,1,AVAILABLE,1
2026-09-22T14:01:00,2026-09-22T13:50,20903,調布南口店,満席,4,FULL,0
2026-09-22T14:01:00,2026-09-22T13:50,20895,登戸駅前店,満席,4,FULL,0
2026-09-22T14:01:00,2026-09-22T13:50,20391,百合ヶ丘店,満席,4,FULL,0
2026-09-22T14:01:00,2026-09-22T13:50,20332,横浜北山田店,残1席,1,AVAILABLE,1
2026-09-22T14:18:10,2026-09-22T14:10,20903,調布南口店,満席,4,FULL,0
2026-09-22T14:18:10,2026-09-22T14:10,20895,登戸駅前店,満席,4,FULL,0
2026-09-22T14:18:10,2026-09-22T14:10,20391,百合ヶ丘店,満席,4,FULL,0
2026-09-22T14:18:10,2026-09-22T14:10,20332,横浜北山田店,満席,4,FULL,0
2026-09-22T14:28:39,2026-09-22T14:20,20903,調布南口店,満席,4,FULL,0
2026-09-22T14:28:39,2026-09-22T14:20,20895,登戸駅前店,満席,4,FULL,0
2026-09-22T14:28:39,2026-09-22T14:20,20391,百合ヶ丘店,満席,4,FULL,0
2026-09-22T14:28:39,2026-09-22T14:20,20332,横浜北山田店,残1席,1,AVAILABLE,1
2026-09-22T14:38:23,2026-09-22T14:30,20903,調布南口店,満席,4,FULL,0
2026-09-22T14:38:23,2026-09-22T14:30,20895,登戸駅前店,満席,4,FULL,0
2026-09-22T14:38:23,2026-09-22T14:30,20391,百合ヶ丘店,満席,4,FULL,0
2026-09-22T14:38:23,2026-09-22T14:30,20332,横浜北山田店,満席,4,FULL,0
2026-09-22T14:46:45,2026-09-22T14:40,20903,調布南口店,満席,4,FULL,0
2026-09-22T14:46:45,2026-09-22T14:40,20895,登戸駅前店,満席,4,FULL,0
2026-09-22T14:46:45,2026-09-22T14:40,20391,百合ヶ丘店,満席,4,FULL,0
2026-09-22T14:46:45,2026-09-22T14:40,20332,横浜北山田店,残1席,1,AVAILABLE,1
2026-09-22T14:53:28,2026-09-22T14:50,20903,調布南口店,満席,4,FULL,0
2026-09-22T14:53:28,2026-09-22T14:50,20895,登戸駅前店,満席,4,FULL,0
2026-09-22T14:53:28,2026-09-22T14:50,20391,百合ヶ丘店,満席,4,FULL,0
2026-09-22T14:53:28,2026-09-22T14:50,20332,横浜北山田店,残1席,1,AVAILABLE,1
2026-09-22T15:01:07,2026-09-22T14:50,20903,調布南口店,満席,4,FULL,0
2026-09-22T15:01:07,2026-09-22T14:50,20895,登戸駅前店,満席,4,FULL,0
2026-09-22T15:01:07,2026-09-22T14:50,20391,百合ヶ丘店,満席,4,FULL,0
2026-09-22T15:01:07,2026-09-22T14:50,20332,横浜北山田店,残1席,1,AVAILABLE,1
2026-09-22T15:23:52,2026-09-22T15:20,20903,調布南口店,残2席,1,AVAILABLE,2
2026-09-22T15:23:52,2026-09-22T15:20,20895,登戸駅前店,残1席,1,AVAILABLE,1
2026-09-22T15:23:52,2026-09-22T15:20,20391,百合ヶ丘店,満席,4,FULL,0
2026-09-22T15:23:52,2026-09-22T15:20,20332,横浜北山田店,満席,4,FULL,0
2026-09-22T15:39:21,2026-09-22T15:30,20903,調布南口店,残2席,1,AVAILABLE,2
2026-09-22T15:39:21,2026-09-22T15:30,20895,登戸駅前店,満席,4,FULL,0
2026-09-22T15:39:21,2026-09-22T15:30,20391,百合ヶ丘店,満席,4,FULL,0
2026-09-22T15:39:21,2026-09-22T15:30,20332,横浜北山田店,満席,4,FULL,0
2026-09-22T15:51:51,2026-09-22T15:40,20903,調布南口店,残1席,1,AVAILABLE,1
2026-09-22T15:51:51,2026-09-22T15:40,20895,登戸駅前店,満席,4,FULL,0
2026-09-22T15:51:51,2026-09-22T15:40,20391,百合ヶ丘店,満席,4,FULL,0
2026-09-22T15:51:51,2026-09-22T15:40,20332,横浜北山田店,残1席,1,AVAILABLE,1
2026-09-22T16:02:10,2026-09-22T16:00,20903,調布南口店,残1席,1,AVAILABLE,1
2026-09-22T16:02:10,2026-09-22T16:00,20895,登戸駅前店,満席,4,FULL,0
2026-09-22T16:02:10,2026-09-22T16:00,20391,百合ヶ丘店,満席,4,FULL,0
2026-09-22T16:02:10,2026-09-22T16:00,20332,横浜北山田店,満席,4,FULL,0
2026-09-22T16:19:31,2026-09-22T16:10,20903,調布南口店,満席,4,FULL,0
2026-09-22T16:19:31,2026-09-22T16:10,20895,登戸駅前店,満席,4,FULL,0
2026-09-22T16:19:31,2026-09-22T16:10,20391,百合ヶ丘店,満席,4,FULL,0
2026-09-22T16:19:31,2026-09-22T16:10,20332,横浜北山田店,残1席,1,AVAILABLE,1
2026-09-22T16:30:40,2026-09-22T16:20,20903,調布南口店,満席,4,FULL,0
2026-09-22T16:30:40,2026-09-22T16:20,20895,登戸駅前店,満席,4,FULL,0
2026-09-22T16:30:40,2026-09-22T16:20,20391,百合ヶ丘店,満席,4,FULL,0
2026-09-22T16:30:40,2026-09-22T16:20,20332,横浜北山田店,残2席,1,AVAILABLE,2
2026-09-22T16:44:57,2026-09-22T16:40,20903,調布南口店,満席,4,FULL,0
2026-09-22T16:44:57,2026-09-22T16:40,20895,登戸駅前店,満席,4,FULL,0
2026-09-22T16:44:57,2026-09-22T16:40,20391,百合ヶ丘店,残2席,1,AVAILABLE,2
2026-09-22T16:44:57,2026-09-22T16:40,20332,横浜北山田店,満席,4,FULL,0
2026-09-22T16:53:06,2026-09-22T16:50,20903,調布南口店,満席,4,FULL,0
2026-09-22T16:53:06,2026-09-22T16:50,20895,登戸駅前店,満席,4,FULL,0
2026-09-22T16:53:06,2026-09-22T16:50,20391,百合ヶ丘店,残2席,1,AVAILABLE,2
2026-09-22T16:53:06,2026-09-22T16:50,20332,横浜北山田店,満席,4,FULL,0
2026-09-22T17:00:52,2026-09-22T16:50,20903,調布南口店,満席,4,FULL,0
2026-09-22T17:00:52,2026-09-22T16:50,20895,登戸駅前店,満席,4,FULL,0
2026-09-22T17:00:52,2026-09-22T16:50,20391,百合ヶ丘店,残2席,1,AVAILABLE,2
2026-09-22T17:00:52,2026-09-22T16:50,20332,横浜北山田店,満席,4,FULL,0
2026-09-22T17:20:22,2026-09-22T17:10,20903,調布南口店,満席,4,FULL,0
2026-09-22T17:20:22,2026-09-22T17:10,20895,登戸駅前店,満席,4,FULL,0
2026-09-22T17:20:22,2026-09-22T17:10,20391,百合ヶ丘店,満席,4,FULL,0
2026-09-22T17:20:22,2026-09-22T17:10,20332,横浜北山田店,満席,4,FULL,0
2026-09-22T17:35:46,2026-09-22T17:30,20903,調布南口店,満席,4,FULL,0
2026-09-22T17:35:46,2026-09-22T17:30,20895,登戸駅前店,満席,4,FULL,0
2026-09-22T17:35:46,2026-09-22T17:30,20391,百合ヶ丘店,残1席,1,AVAILABLE,1
2026-09-22T17:35:46,2026-09-22T17:30,20332,横浜北山田店,満席,4,FULL,0
2026-09-22T17:46:35,2026-09-22T17:40,20903,調布南口店,満席,4,FULL,0
2026-09-22T17:46:35,2026-09-22T17:40,20895,登戸駅前店,満席,4,FULL,0
2026-09-22T17:46:35,2026-09-22T17:40,20391,百合ヶ丘店,満席,4,FULL,0
2026-09-22T17:46:35,2026-09-22T17:40,20332,横浜北山田店,満席,4,FULL,0
2026-09-22T17:55:13,2026-09-22T17:50,20903,調布南口店,満席,4,FULL,0
2026-09-22T17:55:13,2026-09-22T17:50,20895,登戸駅前店,満席,4,FULL,0
2026-09-22T17:55:13,2026-09-22T17:50,20391,百合ヶ丘店,満席,4,FULL,0
2026-09-22T17:55:13,2026-09-22T17:50,20332,横浜北山田店,満席,4,FULL,0
2026-09-22T18:00:59,2026-09-22T17:50,20903,調布南口店,満席,4,FULL,0
2026-09-22T18:00:59,2026-09-22T17:50,20895,登戸駅前店,満席,4,FULL,0
2026-09-22T18:00:59,2026-09-22T17:50,20391,百合ヶ丘店,満席,4,FULL,0
2026-09-22T18:00:59,2026-09-22T17:50,20332,横浜北山田店,満席,4,FULL,0
2026-09-22T18:18:32,2026-09-22T18:10,20903,調布南口店,満席,4,FULL,0
2026-09-22T18:18:32,2026-09-22T18:10,20895,登戸駅前店,満席,4,FULL,0
2026-09-22T18:18:32,2026-09-22T18:10,20391,百合ヶ丘店,満席,4,FULL,0
2026-09-22T18:18:32,2026-09-22T18:10,20332,横浜北山田店,満席,4,FULL,0
2026-09-22T18:29:34,2026-09-22T18:20,20903,調布南口店,満席,4,FULL,0
2026-09-22T18:29:34,2026-09-22T18:20,20895,登戸駅前店,満席,4,FULL,0
2026-09-22T18:29:34,2026-09-22T18:20,20391,百合ヶ丘店,満席,4,FULL,0
2026-09-22T18:29:34,2026-09-22T18:20,20332,横浜北山田店,満席,4,FULL,0
2026-09-22T18:38:51,2026-09-22T18:30,20903,調布南口店,満席,4,FULL,0
2026-09-22T18:38:51,2026-09-22T18:30,20895,登戸駅前店,満席,4,FULL,0
2026-09-22T18:38:51,2026-09-22T18:30,20391,百合ヶ丘店,満席,4,FULL,0
2026-09-22T18:38:51,2026-09-22T18:30,20332,横浜北山田店,残1席,1,AVAILABLE,1
2026-09-22T18:47:05,2026-09-22T18:40,20903,調布南口店,満席,4,FULL,0
2026-09-22T18:47:05,2026-09-22T18:40,20895,登戸駅前店,満席,4,FULL,0
2026-09-22T18:47:05,2026-09-22T18:40,20391,百合ヶ丘店,満席,4,FULL,0
2026-09-22T18:47:05,2026-09-22T18:40,20332,横浜北山田店,満席,4,FULL,0
2026-09-22T18:54:18,2026-09-22T18:50,20903,調布南口店,満席,4,FULL,0
2026-09-22T18:54:18,2026-09-22T18:50,20895,登戸駅前店,満席,4,FULL,0
2026-09-22T18:54:18,2026-09-22T18:50,20391,百合ヶ丘店,満席,4,FULL,0
2026-09-22T18:54:18,2026-09-22T18:50,20332,横浜北山田店,満席,4,FULL,0
2026-09-22T19:01:11,2026-09-22T18:50,20903,調布南口店,満席,4,FULL,0
2026-09-22T19:01:11,2026-09-22T18:50,20895,登戸駅前店,満席,4,FULL,0
2026-09-22T19:01:11,2026-09-22T18:50,20391,百合ヶ丘店,満席,4,FULL,0
2026-09-22T19:01:11,2026-09-22T18:50,20332,横浜北山田店,満席,4,FULL,0
2026-09-22T19:20:06,2026-09-22T19:10,20903,調布南口店,満席,4,FULL,0
2026-09-22T19:20:06,2026-09-22T19:10,20895,登戸駅前店,満席,4,FULL,0
2026-09-22T19:20:06,2026-09-22T19:10,20391,百合ヶ丘店,満席,4,FULL,0
2026-09-22T19:20:06,2026-09-22T19:10,20332,横浜北山田店,満席,4,FULL,0
2026-09-22T19:34:59,2026-09-22T19:30,20903,調布南口店,満席,4,FULL,0
2026-09-22T19:34:59,2026-09-22T19:30,20895,登戸駅前店,満席,4,FULL,0
2026-09-22T19:34:59,2026-09-22T19:30,20391,百合ヶ丘店,満席,4,FULL,0
2026-09-22T19:34:59,2026-09-22T19:30,20332,横浜北山田店,残2席,1,AVAILABLE,2
2026-09-22T19:45:43,2026-09-22T19:40,20903,調布南口店,満席,4,FULL,0
2026-09-22T19:45:43,2026-09-22T19:40,20895,登戸駅前店,満席,4,FULL,0
2026-09-22T19:45:43,2026-09-22T19:40,20391,百合ヶ丘店,満席,4,FULL,0
2026-09-22T19:45:43,2026-09-22T19:40,20332,横浜北山田店,残2席,1,AVAILABLE,2
2026-09-22T19:53:30,2026-09-22T19:50,20903,調布南口店,満席,4,FULL,0
2026-09-22T19:53:30,2026-09-22T19:50,20895,登戸駅前店,満席,4,FULL,0
2026-09-22T19:53:30,2026-09-22T19:50,20391,百合ヶ丘店,残1席,1,AVAILABLE,1
2026-09-22T19:53:30,2026-09-22T19:50,20332,横浜北山田店,残4席,1,AVAILABLE,4
2026-09-22T20:01:13,2026-09-22T19:50,20903,調布南口店,満席,4,FULL,0
2026-09-22T20:01:13,2026-09-22T19:50,20895,登戸駅前店,満席,4,FULL,0
2026-09-22T20:01:13,2026-09-22T19:50,20391,百合ヶ丘店,残1席,1,AVAILABLE,1
2026-09-22T20:01:13,2026-09-22T19:50,20332,横浜北山田店,残4席,1,AVAILABLE,4
2026-09-22T20:18:14,2026-09-22T20:10,20903,調布南口店,満席,4,FULL,0
2026-09-22T20:18:14,2026-09-22T20:10,20895,登戸駅前店,満席,4,FULL,0
2026-09-22T20:18:14,2026-09-22T20:10,20391,百合ヶ丘店,満席,4,FULL,0
2026-09-22T20:18:14,2026-09-22T20:10,20332,横浜北山田店,満席,4,FULL,0
2026-09-22T20:28:43,2026-09-22T20:20,20903,調布南口店,満席,4,FULL,0
2026-09-22T20:28:43,2026-09-22T20:20,20895,登戸駅前店,満席,4,FULL,0
2026-09-22T20:28:43,2026-09-22T20:20,20391,百合ヶ丘店,満席,4,FULL,0
2026-09-22T20:28:43,2026-09-22T20:20,20332,横浜北山田店,満席,4,FULL,0
2026-09-22T20:39:14,2026-09-22T20:30,20903,調布南口店,満席,4,FULL,0
2026-09-22T20:39:14,2026-09-22T20:30,20895,登戸駅前店,満席,4,FULL,0
2026-09-22T20:39:14,2026-09-22T20:30,20391,百合ヶ丘店,満席,4,FULL,0
2026-09-22T20:39:14,2026-09-22T20:30,20332,横浜北山田店,満席,4,FULL,0
2026-09-22T20:46:34,2026-09-22T20:40,20903,調布南口店,満席,4,FULL,0
2026-09-22T20:46:34,2026-09-22T20:40,20895,登戸駅前店,満席,4,FULL,0
2026-09-22T20:46:34,2026-09-22T20:40,20391,百合ヶ丘店,満席,4,FULL,0
2026-09-22T20:46:34,2026-09-22T20:40,20332,横浜北山田店,満席,4,FULL,0
2026-09-22T20:52:43,2026-09-22T20:50,20903,調布南口店,満席,4,FULL,0
2026-09-22T20:52:43,2026-09-22T20:50,20895,登戸駅前店,満席,4,FULL,0
2026-09-22T20:52:43,2026-09-22T20:50,20391,百合ヶ丘店,満席,4,FULL,0
2026-09-22T20:52:43,2026-09-22T20:50,20332,横浜北山田店,満席,4,FULL,0
2026-09-22T21:00:54,2026-09-22T20:50,20903,調布南口店,満席,4,FULL,0
2026-09-22T21:00:54,2026-09-22T20:50,20895,登戸駅前店,満席,4,FULL,0
2026-09-22T21:00:54,2026-09-22T20:50,20391,百合ヶ丘店,満席,4,FULL,0
2026-09-22T21:00:54,2026-09-22T20:50,20332,横浜北山田店,満席,4,FULL,0
2026-09-22T21:23:37,2026-09-22T21:20,20903,調布南口店,満席,4,FULL,0
2026-09-22T21:23:37,2026-09-22T21:20,20895,登戸駅前店,満席,4,FULL,0
2026-09-22T21:23:37,2026-09-22T21:20,20391,百合ヶ丘店,満席,4,FULL,0
2026-09-22T21:23:37,2026-09-22T21:20,20332,横浜北山田店,満席,4,FULL,0
2026-09-22T21:38:54,2026-09-22T21:30,20903,調布南口店,満席,4,FULL,0
2026-09-22T21:38:54,2026-09-22T21:30,20895,登戸駅前店,満席,4,FULL,0
2026-09-22T21:38:54,2026-09-22T21:30,20391,百合ヶ丘店,満席,4,FULL,0
2026-09-22T21:38:54,2026-09-22T21:30,20332,横浜北山田店,満席,4,FULL,0
2026-09-22T21:51:04,2026-09-22T21:40,20903,調布南口店,満席,4,FULL,0
2026-09-22T21:51:04,2026-09-22T21:40,20895,登戸駅前店,満席,4,FULL,0
2026-09-22T21:51:04,2026-09-22T21:40,20391,百合ヶ丘店,満席,4,FULL,0
2026-09-22T21:51:04,2026-09-22T21:40,20332,横浜北山田店,満席,4,FULL,0
2026-09-22T22:01:26,2026-09-22T21:50,20903,調布南口店,満席,4,FULL,0
2026-09-22T22:01:26,2026-09-22T21:50,20895,登戸駅前店,満席,4,FULL,0
2026-09-22T22:01:26,2026-09-22T21:50,20391,百合ヶ丘店,満席,4,FULL,0
2026-09-22T22:01:26,2026-09-22T21:50,20332,横浜北山田店,満席,4,FULL,0
2026-09-22T22:19:52,2026-09-22T22:10,20903,調布南口店,残1席,1,AVAILABLE,1
2026-09-22T22:19:52,2026-09-22T22:10,20895,登戸駅前店,満席,4,FULL,0
2026-09-22T22:19:52,2026-09-22T22:10,20391,百合ヶ丘店,満席,4,FULL,0
2026-09-22T22:19:52,2026-09-22T22:10,20332,横浜北山田店,満席,4,FULL,0
2026-09-22T22:32:29,2026-09-22T22:30,20903,調布南口店,満席,4,FULL,0
2026-09-22T22:32:29,2026-09-22T22:30,20895,登戸駅前店,残1席,1,AVAILABLE,1
2026-09-22T22:32:29,2026-09-22T22:30,20391,百合ヶ丘店,残1席,1,AVAILABLE,1
2026-09-22T22:32:29,2026-09-22T22:30,20332,横浜北山田店,残1席,1,AVAILABLE,1
2026-09-22T22:46:02,2026-09-22T22:40,20903,調布南口店,満席,4,FULL,0
2026-09-22T22:46:02,2026-09-22T22:40,20895,登戸駅前店,残1席,1,AVAILABLE,1
2026-09-22T22:46:02,2026-09-22T22:40,20391,百合ヶ丘店,残1席,1,AVAILABLE,1
2026-09-22T22:46:02,2026-09-22T22:40,20332,横浜北山田店,満席,4,FULL,0
2026-09-22T22:54:13,2026-09-22T22:50,20903,調布南口店,満席,4,FULL,0
2026-09-22T22:54:13,2026-09-22T22:50,20895,登戸駅前店,満席,4,FULL,0
2026-09-22T22:54:13,2026-09-22T22:50,20391,百合ヶ丘店,残1席,1,AVAILABLE,1
2026-09-22T22:54:13,2026-09-22T22:50,20332,横浜北山田店,満席,4,FULL,0
2026-09-22T23:01:06,2026-09-22T22:50,20903,調布南口店,満席,4,FULL,0
2026-09-22T23:01:06,2026-09-22T22:50,20895,登戸駅前店,満席,4,FULL,0
2026-09-22T23:01:06,2026-09-22T22:50,20391,百合ヶ丘店,残1席,1,AVAILABLE,1
2026-09-22T23:01:06,2026-09-22T22:50,20332,横浜北山田店,満席,4,FULL,0
2026-09-22T23:19:31,2026-09-22T23:10,20903,調布南口店,残1席,1,AVAILABLE,1
2026-09-22T23:19:31,2026-09-22T23:10,20895,登戸駅前店,満席,4,FULL,0
2026-09-22T23:19:31,2026-09-22T23:10,20391,百合ヶ丘店,満席,4,FULL,0
2026-09-22T23:19:31,2026-09-22T23:10,20332,横浜北山田店,満席,4,FULL,0
2026-09-22T23:32:00,2026-09-22T23:30,20903,調布南口店,残1席,1,AVAILABLE,1
2026-09-22T23:32:00,2026-09-22T23:30,20895,登戸駅前店,満席,4,FULL,0
2026-09-22T23:32:00,2026-09-22T23:30,20391,百合ヶ丘店,満席,4,FULL,0
2026-09-22T23:32:00,2026-09-22T23:30,20332,横浜北山田店,残1席,1,AVAILABLE,1
2026-09-22T23:47:31,2026-09-22T23:40,20903,調布南口店,満席,4,FULL,0
2026-09-22T23:47:31,2026-09-22T23:40,20895,登戸駅前店,満席,4,FULL,0
2026-09-22T23:47:31,2026-09-22T23:40,20391,百合ヶ丘店,満席,4,FULL,0
2026-09-22T23:47:31,2026-09-22T23:40,20332,横浜北山田店,満席,4,FULL,0
2026-09-22T23:56:41,2026-09-22T23:50,20903,調布南口店,満席,4,FULL,0
2026-09-22T23:56:41,2026-09-22T23:50,20895,登戸駅前店,満席,4,FULL,0
2026-09-22T23:56:41,2026-09-22T23:50,20391,百合ヶ丘店,満席,4,FULL,0
2026-09-22T23:56:41,2026-09-22T23:50,20332,横浜北山田店,満席,4,FULL,0
2026-09-23T00:04:21,2026-09-23T00:00,20903,調布南口店,残1席,1,AVAILABLE,1
2026-09-23T00:04:21,2026-09-23T00:00,20895,登戸駅前店,満席,4,FULL,0
2026-09-23T00:04:21,2026-09-23T00:00,20391,百合ヶ丘店,満席,4,FULL,0
2026-09-23T00:04:21,2026-09-23T00:00,20332,横浜北山田店,満席,4,FULL,0
2026-09-23T00:18:56,2026-09-23T00:10,20903,調布南口店,残1席,1,AVAILABLE,1
2026-09-23T00:18:56,2026-09-23T00:10,20895,登戸駅前店,満席,4,FULL,0
2026-09-23T00:18:56,2026-09-23T00:10,20391,百合ヶ丘店,残1席,1,AVAILABLE,1
2026-09-23T00:18:56,2026-09-23T00:10,20332,横浜北山田店,満席,4,FULL,0
2026-09-23T00:29:19,2026-09-23T00:20,20903,調布南口店,残1席,1,AVAILABLE,1
2026-09-23T00:29:19,2026-09-23T00:20,20895,登戸駅前店,満席,4,FULL,0
2026-09-23T00:29:19,2026-09-23T00:20,20391,百合ヶ丘店,残1席,1,AVAILABLE,1
2026-09-23T00:29:19,2026-09-23T00:20,20332,横浜北山田店,満席,4,FULL,0
2026-09-23T00:38:55,2026-09-23T00:30,20903,調布南口店,残1席,1,AVAILABLE,1
2026-09-23T00:38:55,2026-09-23T00:30,20895,登戸駅前店,満席,4,FULL,0
2026-09-23T00:38:55,2026-09-23T00:30,20391,百合ヶ丘店,残1席,1,AVAILABLE,1
2026-09-23T00:38:55,2026-09-23T00:30,20332,横浜北山田店,満席,4,FULL,0
2026-09-23T00:46:47,2026-09-23T00:40,20903,調布南口店,残1席,1,AVAILABLE,1
2026-09-23T00:46:47,2026-09-23T00:40,20895,登戸駅前店,満席,4,FULL,0
2026-09-23T00:46:47,2026-09-23T00:40,20391,百合ヶ丘店,残1席,1,AVAILABLE,1
2026-09-23T00:46:47,2026-09-23T00:40,20332,横浜北山田店,満席,4,FULL,0
2026-09-23T00:53:21,2026-09-23T00:50,20903,調布南口店,残1席,1,AVAILABLE,1
2026-09-23T00:53:21,2026-09-23T00:50,20895,登戸駅前店,満席,4,FULL,0
2026-09-23T00:53:21,2026-09-23T00:50,20391,百合ヶ丘店,残1席,1,AVAILABLE,1
2026-09-23T00:53:21,2026-09-23T00:50,20332,横浜北山田店,残3席,1,AVAILABLE,3
2026-09-23T01:00:53,2026-09-23T00:50,20903,調布南口店,残1席,1,AVAILABLE,1
2026-09-23T01:00:53,2026-09-23T00:50,20895,登戸駅前店,満席,4,FULL,0
2026-09-23T01:00:53,2026-09-23T00:50,20391,百合ヶ丘店,残1席,1,AVAILABLE,1
2026-09-23T01:00:53,2026-09-23T00:50,20332,横浜北山田店,残3席,1,AVAILABLE,3
2026-09-23T01:19:22,2026-09-23T01:10,20903,調布南口店,残1席,1,AVAILABLE,1
2026-09-23T01:19:22,2026-09-23T01:10,20895,登戸駅前店,満席,4,FULL,0
2026-09-23T01:19:22,2026-09-23T01:10,20391,百合ヶ丘店,残1席,1,AVAILABLE,1
2026-09-23T01:19:22,2026-09-23T01:10,20332,横浜北山田店,満席,4,FULL,0
2026-09-23T01:31:44,2026-09-23T01:20,20903,調布南口店,残1席,1,AVAILABLE,1
2026-09-23T01:31:44,2026-09-23T01:20,20895,登戸駅前店,残1席,1,AVAILABLE,1
2026-09-23T01:31:44,2026-09-23T01:20,20391,百合ヶ丘店,満席,4,FULL,0
2026-09-23T01:31:44,2026-09-23T01:20,20332,横浜北山田店,残1席,1,AVAILABLE,1
2026-09-23T01:45:28,2026-09-23T01:40,20903,調布南口店,残1席,1,AVAILABLE,1
2026-09-23T01:45:28,2026-09-23T01:40,20895,登戸駅前店,満席,4,FULL,0
2026-09-23T01:45:28,2026-09-23T01:40,20391,百合ヶ丘店,残1席,1,AVAILABLE,1
2026-09-23T01:45:28,2026-09-23T01:40,20332,横浜北山田店,残1席,1,AVAILABLE,1
2026-09-23T01:53:00,2026-09-23T01:50,20903,調布南口店,残1席,1,AVAILABLE,1
2026-09-23T01:53:00,2026-09-23T01:50,20895,登戸駅前店,満席,4,FULL,0
2026-09-23T01:53:00,2026-09-23T01:50,20391,百合ヶ丘店,残1席,1,AVAILABLE,1
2026-09-23T01:53:00,2026-09-23T01:50,20332,横浜北山田店,残1席,1,AVAILABLE,1
2026-09-23T02:00:46,2026-09-23T01:50,20903,調布南口店,残1席,1,AVAILABLE,1
2026-09-23T02:00:46,2026-09-23T01:50,20895,登戸駅前店,満席,4,FULL,0
2026-09-23T02:00:46,2026-09-23T01:50,20391,百合ヶ丘店,残1席,1,AVAILABLE,1
2026-09-23T02:00:46,2026-09-23T01:50,20332,横浜北山田店,残1席,1,AVAILABLE,1
2026-09-23T02:17:24,2026-09-23T02:10,20903,調布南口店,残1席,1,AVAILABLE,1
2026-09-23T02:17:24,2026-09-23T02:10,20895,登戸駅前店,満席,4,FULL,0
2026-09-23T02:17:24,2026-09-23T02:10,20391,百合ヶ丘店,満席,4,FULL,0
2026-09-23T02:17:24,2026-09-23T02:10,20332,横浜北山田店,残1席,1,AVAILABLE,1
2026-09-23T02:28:04,2026-09-23T02:20,20903,調布南口店,残1席,1,AVAILABLE,1
2026-09-23T02:28:04,2026-09-23T02:20,20895,登戸駅前店,満席,4,FULL,0
2026-09-23T02:28:04,2026-09-23T02:20,20391,百合ヶ丘店,満席,4,FULL,0
2026-09-23T02:28:04,2026-09-23T02:20,20332,横浜北山田店,残1席,1,AVAILABLE,1
2026-09-23T02:35:59,2026-09-23T02:30,20903,調布南口店,満席,4,FULL,0
2026-09-23T02:35:59,2026-09-23T02:30,20895,登戸駅前店,満席,4,FULL,0
2026-09-23T02:35:59,2026-09-23T02:30,20391,百合ヶ丘店,満席,4,FULL,0
2026-09-23T02:35:59,2026-09-23T02:30,20332,横浜北山田店,残2席,1,AVAILABLE,2
2026-09-23T02:43:43,2026-09-23T02:40,20903,調布南口店,満席,4,FULL,0
2026-09-23T02:43:43,2026-09-23T02:40,20895,登戸駅前店,満席,4,FULL,0
2026-09-23T02:43:43,2026-09-23T02:40,20391,百合ヶ丘店,残2席,1,AVAILABLE,2
2026-09-23T02:43:43,2026-09-23T02:40,20332,横浜北山田店,残1席,1,AVAILABLE,1
2026-09-23T02:50:59,2026-09-23T02:40,20903,調布南口店,満席,4,FULL,0
2026-09-23T02:50:59,2026-09-23T02:40,20895,登戸駅前店,満席,4,FULL,0
2026-09-23T02:50:59,2026-09-23T02:40,20391,百合ヶ丘店,残2席,1,AVAILABLE,2
2026-09-23T02:50:59,2026-09-23T02:40,20332,横浜北山田店,残1席,1,AVAILABLE,1
2026-09-23T03:01:17,2026-09-23T02:50,20903,調布南口店,満席,4,FULL,0
2026-09-23T03:01:17,2026-09-23T02:50,20895,登戸駅前店,満席,4,FULL,0
2026-09-23T03:01:17,2026-09-23T02:50,20391,百合ヶ丘店,残2席,1,AVAILABLE,2
2026-09-23T03:01:17,2026-09-23T02:50,20332,横浜北山田店,残3席,1,AVAILABLE,3
2026-09-23T03:23:06,2026-09-23T03:20,20903,調布南口店,残2席,1,AVAILABLE,2
2026-09-23T03:23:06,2026-09-23T03:20,20895,登戸駅前店,満席,4,FULL,0
2026-09-23T03:23:06,2026-09-23T03:20,20391,百合ヶ丘店,残1席,1,AVAILABLE,1
2026-09-23T03:23:06,2026-09-23T03:20,20332,横浜北山田店,残2席,1,AVAILABLE,2
2026-09-23T03:37:01,2026-09-23T03:30,20903,調布南口店,残2席,1,AVAILABLE,2
2026-09-23T03:37:01,2026-09-23T03:30,20895,登戸駅前店,残1席,1,AVAILABLE,1
2026-09-23T03:37:01,2026-09-23T03:30,20391,百合ヶ丘店,残1席,1,AVAILABLE,1
2026-09-23T03:37:01,2026-09-23T03:30,20332,横浜北山田店,残2席,1,AVAILABLE,2
2026-09-23T03:47:39,2026-09-23T03:40,20903,調布南口店,残2席,1,AVAILABLE,2
2026-09-23T03:47:39,2026-09-23T03:40,20895,登戸駅前店,残1席,1,AVAILABLE,1
2026-09-23T03:47:39,2026-09-23T03:40,20391,百合ヶ丘店,残1席,1,AVAILABLE,1
2026-09-23T03:47:39,2026-09-23T03:40,20332,横浜北山田店,残2席,1,AVAILABLE,2
2026-09-23T03:55:51,2026-09-23T03:50,20903,調布南口店,残2席,1,AVAILABLE,2
2026-09-23T03:55:51,2026-09-23T03:50,20895,登戸駅前店,残1席,1,AVAILABLE,1
2026-09-23T03:55:51,2026-09-23T03:50,20391,百合ヶ丘店,残1席,1,AVAILABLE,1
2026-09-23T03:55:51,2026-09-23T03:50,20332,横浜北山田店,残6席,1,AVAILABLE,6
2026-09-23T04:01:57,2026-09-23T03:50,20903,調布南口店,残2席,1,AVAILABLE,2
2026-09-23T04:01:57,2026-09-23T03:50,20895,登戸駅前店,残1席,1,AVAILABLE,1
2026-09-23T04:01:57,2026-09-23T03:50,20391,百合ヶ丘店,残1席,1,AVAILABLE,1
2026-09-23T04:01:57,2026-09-23T03:50,20332,横浜北山田店,残6席,1,AVAILABLE,6
2026-09-23T04:17:02,2026-09-23T04:10,20903,調布南口店,残2席,1,AVAILABLE,2
2026-09-23T04:17:02,2026-09-23T04:10,20895,登戸駅前店,残1席,1,AVAILABLE,1
2026-09-23T04:17:02,2026-09-23T04:10,20391,百合ヶ丘店,残1席,1,AVAILABLE,1
2026-09-23T04:17:02,2026-09-23T04:10,20332,横浜北山田店,残6席,1,AVAILABLE,6
2026-09-23T04:26:04,2026-09-23T04:20,20903,調布南口店,残2席,1,AVAILABLE,2
2026-09-23T04:26:04,2026-09-23T04:20,20895,登戸駅前店,残2席,1,AVAILABLE,2
2026-09-23T04:26:04,2026-09-23T04:20,20391,百合ヶ丘店,残1席,1,AVAILABLE,1
2026-09-23T04:26:04,2026-09-23T04:20,20332,横浜北山田店,残8席,1,AVAILABLE,8
2026-09-23T04:33:22,2026-09-23T04:30,20903,調布南口店,残2席,1,AVAILABLE,2
2026-09-23T04:33:22,2026-09-23T04:30,20895,登戸駅前店,残2席,1,AVAILABLE,2
2026-09-23T04:33:22,2026-09-23T04:30,20391,百合ヶ丘店,残2席,1,AVAILABLE,2
2026-09-23T04:33:22,2026-09-23T04:30,20332,横浜北山田店,残8席,1,AVAILABLE,8
2026-09-23T04:43:40,2026-09-23T04:40,20903,調布南口店,残2席,1,AVAILABLE,2
2026-09-23T04:43:40,2026-09-23T04:40,20895,登戸駅前店,残2席,1,AVAILABLE,2
2026-09-23T04:43:40,2026-09-23T04:40,20391,百合ヶ丘店,残2席,1,AVAILABLE,2
2026-09-23T04:43:40,2026-09-23T04:40,20332,横浜北山田店,残10席以上,1,AVAILABLE,10
2026-09-23T04:51:48,2026-09-23T04:40,20903,調布南口店,残2席,1,AVAILABLE,2
2026-09-23T04:51:48,2026-09-23T04:40,20895,登戸駅前店,残2席,1,AVAILABLE,2
2026-09-23T04:51:48,2026-09-23T04:40,20391,百合ヶ丘店,残2席,1,AVAILABLE,2
2026-09-23T04:51:48,2026-09-23T04:40,20332,横浜北山田店,残10席以上,1,AVAILABLE,10
2026-09-23T05:00:52,2026-09-23T04:50,20903,調布南口店,残2席,1,AVAILABLE,2
2026-09-23T05:00:52,2026-09-23T04:50,20895,登戸駅前店,残2席,1,AVAILABLE,2
2026-09-23T05:00:52,2026-09-23T04:50,20391,百合ヶ丘店,残2席,1,AVAILABLE,2
2026-09-23T05:00:52,2026-09-23T04:50,20332,横浜北山田店,残10席以上,1,AVAILABLE,10
2026-09-23T05:17:28,2026-09-23T05:10,20903,調布南口店,残3席,1,AVAILABLE,3
2026-09-23T05:17:28,2026-09-23T05:10,20895,登戸駅前店,残3席,1,AVAILABLE,3
2026-09-23T05:17:28,2026-09-23T05:10,20391,百合ヶ丘店,残3席,1,AVAILABLE,3
2026-09-23T05:17:28,2026-09-23T05:10,20332,横浜北山田店,残10席以上,1,AVAILABLE,10
2026-09-23T05:27:56,2026-09-23T05:20,20903,調布南口店,残4席,1,AVAILABLE,4
2026-09-23T05:27:56,2026-09-23T05:20,20895,登戸駅前店,残3席,1,AVAILABLE,3
2026-09-23T05:27:56,2026-09-23T05:20,20391,百合ヶ丘店,残3席,1,AVAILABLE,3
2026-09-23T05:27:56,2026-09-23T05:20,20332,横浜北山田店,残10席以上,1,AVAILABLE,10
2026-09-23T05:37:41,2026-09-23T05:30,20903,調布南口店,残4席,1,AVAILABLE,4
2026-09-23T05:37:41,2026-09-23T05:30,20895,登戸駅前店,残3席,1,AVAILABLE,3
2026-09-23T05:37:41,2026-09-23T05:30,20391,百合ヶ丘店,残3席,1,AVAILABLE,3
2026-09-23T05:37:41,2026-09-23T05:30,20332,横浜北山田店,残10席以上,1,AVAILABLE,10
2026-09-23T05:46:23,2026-09-23T05:40,20903,調布南口店,残4席,1,AVAILABLE,4
2026-09-23T05:46:23,2026-09-23T05:40,20895,登戸駅前店,残3席,1,AVAILABLE,3
2026-09-23T05:46:23,2026-09-23T05:40,20391,百合ヶ丘店,残3席,1,AVAILABLE,3
2026-09-23T05:46:23,2026-09-23T05:40,20332,横浜北山田店,残10席以上,1,AVAILABLE,10
2026-09-23T05:53:38,2026-09-23T05:50,20903,調布南口店,残4席,1,AVAILABLE,4
2026-09-23T05:53:38,2026-09-23T05:50,20895,登戸駅前店,残4席,1,AVAILABLE,4
2026-09-23T05:53:38,2026-09-23T05:50,20391,百合ヶ丘店,残3席,1,AVAILABLE,3
2026-09-23T05:53:38,2026-09-23T05:50,20332,横浜北山田店,残10席以上,1,AVAILABLE,10
2026-09-23T06:01:08,2026-09-23T05:50,20903,調布南口店,残4席,1,AVAILABLE,4
2026-09-23T06:01:08,2026-09-23T05:50,20895,登戸駅前店,残4席,1,AVAILABLE,4
2026-09-23T06:01:08,2026-09-23T05:50,20391,百合ヶ丘店,残3席,1,AVAILABLE,3
2026-09-23T06:01:08,2026-09-23T05:50,20332,横浜北山田店,残10席以上,1,AVAILABLE,10
2026-09-23T06:17:04,2026-09-23T06:10,20903,調布南口店,残4席,1,AVAILABLE,4
2026-09-23T06:17:04,2026-09-23T06:10,20895,登戸駅前店,残4席,1,AVAILABLE,4
2026-09-23T06:17:04,2026-09-23T06:10,20391,百合ヶ丘店,残2席,1,AVAILABLE,2
2026-09-23T06:17:04,2026-09-23T06:10,20332,横浜北山田店,残10席以上,1,AVAILABLE,10
2026-09-23T06:26:16,2026-09-23T06:20,20903,調布南口店,残4席,1,AVAILABLE,4
2026-09-23T06:26:16,2026-09-23T06:20,20895,登戸駅前店,残4席,1,AVAILABLE,4
2026-09-23T06:26:16,2026-09-23T06:20,20391,百合ヶ丘店,残2席,1,AVAILABLE,2
2026-09-23T06:26:16,2026-09-23T06:20,20332,横浜北山田店,残9席,1,AVAILABLE,9
2026-09-23T06:34:33,2026-09-23T06:30,20903,調布南口店,残4席,1,AVAILABLE,4
2026-09-23T06:34:33,2026-09-23T06:30,20895,登戸駅前店,残4席,1,AVAILABLE,4
2026-09-23T06:34:33,2026-09-23T06:30,20391,百合ヶ丘店,残2席,1,AVAILABLE,2
2026-09-23T06:34:33,2026-09-23T06:30,20332,横浜北山田店,残10席以上,1,AVAILABLE,10
2026-09-23T06:43:47,2026-09-23T06:40,20903,調布南口店,残4席,1,AVAILABLE,4
2026-09-23T06:43:47,2026-09-23T06:40,20895,登戸駅前店,残4席,1,AVAILABLE,4
2026-09-23T06:43:47,2026-09-23T06:40,20391,百合ヶ丘店,残2席,1,AVAILABLE,2
2026-09-23T06:43:47,2026-09-23T06:40,20332,横浜北山田店,残10席以上,1,AVAILABLE,10
2026-09-23T06:52:09,2026-09-23T06:50,20903,調布南口店,残4席,1,AVAILABLE,4
2026-09-23T06:52:09,2026-09-23T06:50,20895,登戸駅前店,残4席,1,AVAILABLE,4
2026-09-23T06:52:09,2026-09-23T06:50,20391,百合ヶ丘店,残2席,1,AVAILABLE,2
2026-09-23T06:52:09,2026-09-23T06:50,20332,横浜北山田店,残10席以上,1,AVAILABLE,10
2026-09-23T07:00:56,2026-09-23T06:50,20903,調布南口店,残4席,1,AVAILABLE,4
2026-09-23T07:00:56,2026-09-23T06:50,20895,登戸駅前店,残4席,1,AVAILABLE,4
2026-09-23T07:00:56,2026-09-23T06:50,20391,百合ヶ丘店,残2席,1,AVAILABLE,2
2026-09-23T07:00:56,2026-09-23T06:50,20332,横浜北山田店,残10席以上,1,AVAILABLE,10
2026-09-23T07:17:39,2026-09-23T07:10,20903,調布南口店,残3席,1,AVAILABLE,3
2026-09-23T07:17:39,2026-09-23T07:10,20895,登戸駅前店,残4席,1,AVAILABLE,4
2026-09-23T07:17:39,2026-09-23T07:10,20391,百合ヶ丘店,残2席,1,AVAILABLE,2
2026-09-23T07:17:39,2026-09-23T07:10,20332,横浜北山田店,残10席以上,1,AVAILABLE,10
2026-09-23T07:27:22,2026-09-23T07:20,20903,調布南口店,残3席,1,AVAILABLE,3
2026-09-23T07:27:22,2026-09-23T07:20,20895,登戸駅前店,残3席,1,AVAILABLE,3
2026-09-23T07:27:22,2026-09-23T07:20,20391,百合ヶ丘店,残3席,1,AVAILABLE,3
2026-09-23T07:27:22,2026-09-23T07:20,20332,横浜北山田店,残9席,1,AVAILABLE,9
2026-09-23T07:35:50,2026-09-23T07:30,20903,調布南口店,残3席,1,AVAILABLE,3
2026-09-23T07:35:50,2026-09-23T07:30,20895,登戸駅前店,残1席,1,AVAILABLE,1
2026-09-23T07:35:50,2026-09-23T07:30,20391,百合ヶ丘店,残3席,1,AVAILABLE,3
2026-09-23T07:35:50,2026-09-23T07:30,20332,横浜北山田店,残9席,1,AVAILABLE,9
2026-09-23T07:43:53,2026-09-23T07:40,20903,調布南口店,残2席,1,AVAILABLE,2
2026-09-23T07:43:53,2026-09-23T07:40,20895,登戸駅前店,残1席,1,AVAILABLE,1
2026-09-23T07:43:53,2026-09-23T07:40,20391,百合ヶ丘店,残3席,1,AVAILABLE,3
2026-09-23T07:43:53,2026-09-23T07:40,20332,横浜北山田店,残10席以上,1,AVAILABLE,10
2026-09-23T07:51:28,2026-09-23T07:40,20903,調布南口店,残2席,1,AVAILABLE,2
2026-09-23T07:51:28,2026-09-23T07:40,20895,登戸駅前店,残1席,1,AVAILABLE,1
2026-09-23T07:51:28,2026-09-23T07:40,20391,百合ヶ丘店,残3席,1,AVAILABLE,3
2026-09-23T07:51:28,2026-09-23T07:40,20332,横浜北山田店,残10席以上,1,AVAILABLE,10
2026-09-23T08:00:59,2026-09-23T07:50,20903,調布南口店,残2席,1,AVAILABLE,2
2026-09-23T08:00:59,2026-09-23T07:50,20895,登戸駅前店,残1席,1,AVAILABLE,1
2026-09-23T08:00:59,2026-09-23T07:50,20391,百合ヶ丘店,残3席,1,AVAILABLE,3
2026-09-23T08:00:59,2026-09-23T07:50,20332,横浜北山田店,残9席,1,AVAILABLE,9
2026-09-23T08:16:37,2026-09-23T08:10,20903,調布南口店,残2席,1,AVAILABLE,2
2026-09-23T08:16:37,2026-09-23T08:10,20895,登戸駅前店,残1席,1,AVAILABLE,1
2026-09-23T08:16:37,2026-09-23T08:10,20391,百合ヶ丘店,残1席,1,AVAILABLE,1
2026-09-23T08:16:37,2026-09-23T08:10,20332,横浜北山田店,残9席,1,AVAILABLE,9
2026-09-23T08:25:25,2026-09-23T08:20,20903,調布南口店,残1席,1,AVAILABLE,1
2026-09-23T08:25:25,2026-09-23T08:20,20895,登戸駅前店,残1席,1,AVAILABLE,1
2026-09-23T08:25:25,2026-09-23T08:20,20391,百合ヶ丘店,残1席,1,AVAILABLE,1
2026-09-23T08:25:25,2026-09-23T08:20,20332,横浜北山田店,残9席,1,AVAILABLE,9
2026-09-23T08:33:03,2026-09-23T08:30,20903,調布南口店,残1席,1,AVAILABLE,1
2026-09-23T08:33:03,2026-09-23T08:30,20895,登戸駅前店,残1席,1,AVAILABLE,1
2026-09-23T08:33:03,2026-09-23T08:30,20391,百合ヶ丘店,残1席,1,AVAILABLE,1
2026-09-23T08:33:03,2026-09-23T08:30,20332,横浜北山田店,残9席,1,AVAILABLE,9
2026-09-23T08:42:03,2026-09-23T08:40,20903,調布南口店,残1席,1,AVAILABLE,1
2026-09-23T08:42:03,2026-09-23T08:40,20895,登戸駅前店,残1席,1,AVAILABLE,1
2026-09-23T08:42:03,2026-09-23T08:40,20391,百合ヶ丘店,残1席,1,AVAILABLE,1
2026-09-23T08:42:03,2026-09-23T08:40,20332,横浜北山田店,残9席,1,AVAILABLE,9
2026-09-23T08:50:44,2026-09-23T08:40,20903,調布南口店,残1席,1,AVAILABLE,1
2026-09-23T08:50:44,2026-09-23T08:40,20895,登戸駅前店,残1席,1,AVAILABLE,1
2026-09-23T08:50:44,2026-09-23T08:40,20391,百合ヶ丘店,残1席,1,AVAILABLE,1
2026-09-23T08:50:44,2026-09-23T08:40,20332,横浜北山田店,残7席,1,AVAILABLE,7
2026-09-23T09:00:56,2026-09-23T08:50,20903,調布南口店,残1席,1,AVAILABLE,1
2026-09-23T09:00:56,2026-09-23T08:50,20895,登戸駅前店,残1席,1,AVAILABLE,1
2026-09-23T09:00:56,2026-09-23T08:50,20391,百合ヶ丘店,残1席,1,AVAILABLE,1
2026-09-23T09:00:56,2026-09-23T08:50,20332,横浜北山田店,残7席,1,AVAILABLE,7
2026-09-23T09:24:10,2026-09-23T09:20,20903,調布南口店,残1席,1,AVAILABLE,1
2026-09-23T09:24:10,2026-09-23T09:20,20895,登戸駅前店,残1席,1,AVAILABLE,1
2026-09-23T09:24:10,2026-09-23T09:20,20391,百合ヶ丘店,満席,4,FULL,0
2026-09-23T09:24:10,2026-09-23T09:20,20332,横浜北山田店,残6席,1,AVAILABLE,6
2026-09-23T09:38:23,2026-09-23T09:30,20903,調布南口店,残1席,1,AVAILABLE,1
2026-09-23T09:38:23,2026-09-23T09:30,20895,登戸駅前店,満席,4,FULL,0
2026-09-23T09:38:23,2026-09-23T09:30,20391,百合ヶ丘店,満席,4,FULL,0
2026-09-23T09:38:23,2026-09-23T09:30,20332,横浜北山田店,残4席,1,AVAILABLE,4
2026-09-23T09:50:18,2026-09-23T09:40,20903,調布南口店,残1席,1,AVAILABLE,1
2026-09-23T09:50:18,2026-09-23T09:40,20895,登戸駅前店,満席,4,FULL,0
2026-09-23T09:50:18,2026-09-23T09:40,20391,百合ヶ丘店,満席,4,FULL,0
2026-09-23T09:50:18,2026-09-23T09:40,20332,横浜北山田店,残3席,1,AVAILABLE,3
2026-09-23T10:01:23,2026-09-23T09:50,20903,調布南口店,残2席,1,AVAILABLE,2
2026-09-23T10:01:23,2026-09-23T09:50,20895,登戸駅前店,満席,4,FULL,0
2026-09-23T10:01:23,2026-09-23T09:50,20391,百合ヶ丘店,満席,4,FULL,0
2026-09-23T10:01:23,2026-09-23T09:50,20332,横浜北山田店,残3席,1,AVAILABLE,3
2026-09-23T10:17:42,2026-09-23T10:10,20903,調布南口店,残3席,1,AVAILABLE,3
2026-09-23T10:17:42,2026-09-23T10:10,20895,登戸駅前店,満席,4,FULL,0
2026-09-23T10:17:42,2026-09-23T10:10,20391,百合ヶ丘店,残1席,1,AVAILABLE,1
2026-09-23T10:17:42,2026-09-23T10:10,20332,横浜北山田店,残1席,1,AVAILABLE,1
2026-09-23T10:28:21,2026-09-23T10:20,20903,調布南口店,残3席,1,AVAILABLE,3
2026-09-23T10:28:21,2026-09-23T10:20,20895,登戸駅前店,満席,4,FULL,0
2026-09-23T10:28:21,2026-09-23T10:20,20391,百合ヶ丘店,残1席,1,AVAILABLE,1
2026-09-23T10:28:21,2026-09-23T10:20,20332,横浜北山田店,残1席,1,AVAILABLE,1
2026-09-23T10:37:03,2026-09-23T10:30,20903,調布南口店,残3席,1,AVAILABLE,3
2026-09-23T10:37:03,2026-09-23T10:30,20895,登戸駅前店,満席,4,FULL,0
2026-09-23T10:37:03,2026-09-23T10:30,20391,百合ヶ丘店,残1席,1,AVAILABLE,1
2026-09-23T10:37:03,2026-09-23T10:30,20332,横浜北山田店,残1席,1,AVAILABLE,1
2026-09-23T10:44:42,2026-09-23T10:40,20903,調布南口店,残2席,1,AVAILABLE,2
2026-09-23T10:44:42,2026-09-23T10:40,20895,登戸駅前店,残2席,1,AVAILABLE,2
2026-09-23T10:44:42,2026-09-23T10:40,20391,百合ヶ丘店,残1席,1,AVAILABLE,1
2026-09-23T10:44:42,2026-09-23T10:40,20332,横浜北山田店,満席,4,FULL,0
2026-09-23T10:51:14,2026-09-23T10:40,20903,調布南口店,残2席,1,AVAILABLE,2
2026-09-23T10:51:14,2026-09-23T10:40,20895,登戸駅前店,残2席,1,AVAILABLE,2
2026-09-23T10:51:14,2026-09-23T10:40,20391,百合ヶ丘店,残1席,1,AVAILABLE,1
2026-09-23T10:51:14,2026-09-23T10:40,20332,横浜北山田店,満席,4,FULL,0
2026-09-23T11:00:55,2026-09-23T10:50,20903,調布南口店,残2席,1,AVAILABLE,2
2026-09-23T11:00:55,2026-09-23T10:50,20895,登戸駅前店,残2席,1,AVAILABLE,2
2026-09-23T11:00:55,2026-09-23T10:50,20391,百合ヶ丘店,残2席,1,AVAILABLE,2
2026-09-23T11:00:55,2026-09-23T10:50,20332,横浜北山田店,残1席,1,AVAILABLE,1
2026-09-23T11:18:48,2026-09-23T11:10,20903,調布南口店,残1席,1,AVAILABLE,1
2026-09-23T11:18:48,2026-09-23T11:10,20895,登戸駅前店,残2席,1,AVAILABLE,2
2026-09-23T11:18:48,2026-09-23T11:10,20391,百合ヶ丘店,残2席,1,AVAILABLE,2
2026-09-23T11:18:48,2026-09-23T11:10,20332,横浜北山田店,満席,4,FULL,0
2026-09-23T11:30:04,2026-09-23T11:20,20903,調布南口店,残1席,1,AVAILABLE,1
2026-09-23T11:30:04,2026-09-23T11:20,20895,登戸駅前店,残2席,1,AVAILABLE,2
2026-09-23T11:30:04,2026-09-23T11:20,20391,百合ヶ丘店,残2席,1,AVAILABLE,2
2026-09-23T11:30:04,2026-09-23T11:20,20332,横浜北山田店,満席,4,FULL,0
2026-09-23T11:40:41,2026-09-23T11:30,20903,調布南口店,満席,4,FULL,0
2026-09-23T11:40:41,2026-09-23T11:30,20895,登戸駅前店,残2席,1,AVAILABLE,2
2026-09-23T11:40:41,2026-09-23T11:30,20391,百合ヶ丘店,満席,4,FULL,0
2026-09-23T11:40:41,2026-09-23T11:30,20332,横浜北山田店,残1席,1,AVAILABLE,1
2026-09-23T11:52:56,2026-09-23T11:50,20903,調布南口店,満席,4,FULL,0
2026-09-23T11:52:56,2026-09-23T11:50,20895,登戸駅前店,残2席,1,AVAILABLE,2
2026-09-23T11:52:56,2026-09-23T11:50,20391,百合ヶ丘店,満席,4,FULL,0
2026-09-23T11:52:56,2026-09-23T11:50,20332,横浜北山田店,残1席,1,AVAILABLE,1
2026-09-23T12:00:52,2026-09-23T11:50,20903,調布南口店,満席,4,FULL,0
2026-09-23T12:00:52,2026-09-23T11:50,20895,登戸駅前店,残2席,1,AVAILABLE,2
2026-09-23T12:00:52,2026-09-23T11:50,20391,百合ヶ丘店,満席,4,FULL,0
2026-09-23T12:00:52,2026-09-23T11:50,20332,横浜北山田店,残1席,1,AVAILABLE,1
2026-09-23T12:19:20,2026-09-23T12:10,20903,調布南口店,満席,4,FULL,0
2026-09-23T12:19:20,2026-09-23T12:10,20895,登戸駅前店,残1席,1,AVAILABLE,1
2026-09-23T12:19:20,2026-09-23T12:10,20391,百合ヶ丘店,満席,4,FULL,0
2026-09-23T12:19:20,2026-09-23T12:10,20332,横浜北山田店,満席,4,FULL,0
2026-09-23T12:31:08,2026-09-23T12:20,20903,調布南口店,満席,4,FULL,0
2026-09-23T12:31:08,2026-09-23T12:20,20895,登戸駅前店,残1席,1,AVAILABLE,1
2026-09-23T12:31:08,2026-09-23T12:20,20391,百合ヶ丘店,残1席,1,AVAILABLE,1
2026-09-23T12:31:08,2026-09-23T12:20,20332,横浜北山田店,満席,4,FULL,0
2026-09-23T12:45:22,2026-09-23T12:40,20903,調布南口店,満席,4,FULL,0
2026-09-23T12:45:22,2026-09-23T12:40,20895,登戸駅前店,満席,4,FULL,0
2026-09-23T12:45:22,2026-09-23T12:40,20391,百合ヶ丘店,残1席,1,AVAILABLE,1
2026-09-23T12:45:22,2026-09-23T12:40,20332,横浜北山田店,残2席,1,AVAILABLE,2
2026-09-23T12:53:10,2026-09-23T12:50,20903,調布南口店,満席,4,FULL,0
2026-09-23T12:53:10,2026-09-23T12:50,20895,登戸駅前店,満席,4,FULL,0
2026-09-23T12:53:10,2026-09-23T12:50,20391,百合ヶ丘店,残1席,1,AVAILABLE,1
2026-09-23T12:53:10,2026-09-23T12:50,20332,横浜北山田店,残2席,1,AVAILABLE,2
2026-09-23T13:00:49,2026-09-23T12:50,20903,調布南口店,満席,4,FULL,0
2026-09-23T13:00:49,2026-09-23T12:50,20895,登戸駅前店,満席,4,FULL,0
2026-09-23T13:00:49,2026-09-23T12:50,20391,百合ヶ丘店,残1席,1,AVAILABLE,1
2026-09-23T13:00:49,2026-09-23T12:50,20332,横浜北山田店,残2席,1,AVAILABLE,2
2026-09-23T13:19:43,2026-09-23T13:10,20903,調布南口店,満席,4,FULL,0
2026-09-23T13:19:43,2026-09-23T13:10,20895,登戸駅前店,満席,4,FULL,0
2026-09-23T13:19:43,2026-09-23T13:10,20391,百合ヶ丘店,残1席,1,AVAILABLE,1
2026-09-23T13:19:43,2026-09-23T13:10,20332,横浜北山田店,残3席,1,AVAILABLE,3
2026-09-23T13:31:41,2026-09-23T13:20,20903,調布南口店,満席,4,FULL,0
2026-09-23T13:31:41,2026-09-23T13:20,20895,登戸駅前店,満席,4,FULL,0
2026-09-23T13:31:41,2026-09-23T13:20,20391,百合ヶ丘店,残1席,1,AVAILABLE,1
2026-09-23T13:31:41,2026-09-23T13:20,20332,横浜北山田店,残2席,1,AVAILABLE,2
2026-09-23T13:45:21,2026-09-23T13:40,20903,調布南口店,満席,4,FULL,0
2026-09-23T13:45:21,2026-09-23T13:40,20895,登戸駅前店,満席,4,FULL,0
2026-09-23T13:45:21,2026-09-23T13:40,20391,百合ヶ丘店,残1席,1,AVAILABLE,1
2026-09-23T13:45:21,2026-09-23T13:40,20332,横浜北山田店,満席,4,FULL,0
2026-09-23T13:53:21,2026-09-23T13:50,20903,調布南口店,満席,4,FULL,0
2026-09-23T13:53:21,2026-09-23T13:50,20895,登戸駅前店,満席,4,FULL,0
2026-09-23T13:53:21,2026-09-23T13:50,20391,百合ヶ丘店,残1席,1,AVAILABLE,1
2026-09-23T13:53:21,2026-09-23T13:50,20332,横浜北山田店,満席,4,FULL,0
2026-09-23T14:00:56,2026-09-23T13:50,20903,調布南口店,満席,4,FULL,0
2026-09-23T14:00:56,2026-09-23T13:50,20895,登戸駅前店,満席,4,FULL,0
2026-09-23T14:00:56,2026-09-23T13:50,20391,百合ヶ丘店,残1席,1,AVAILABLE,1
2026-09-23T14:00:56,2026-09-23T13:50,20332,横浜北山田店,満席,4,FULL,0
2026-09-23T14:17:54,2026-09-23T14:10,20903,調布南口店,満席,4,FULL,0
2026-09-23T14:17:54,2026-09-23T14:10,20895,登戸駅前店,満席,4,FULL,0
2026-09-23T14:17:54,2026-09-23T14:10,20391,百合ヶ丘店,残1席,1,AVAILABLE,1
2026-09-23T14:17:54,2026-09-23T14:10,20332,横浜北山田店,残2席,1,AVAILABLE,2
